Price,Close,High,Low,Open,Volume
Ticker,BBAS3.SA,BBAS3.SA,BBAS3.SA,BBAS3.SA,BBAS3.SA
Date,,,,,
2005-01-03,1.7599350214004517,1.783400646724803,1.7332691358150112,1.734335990956879,2694600
2005-01-04,1.7172702550888062,1.774335123354822,1.7172702550888062,1.7599356256409537,5947200
2005-01-05,1.69060480594635,1.7231371880257522,1.5999416107578806,1.7231371880257522,4584600
2005-01-06,1.6692721843719482,1.6906047177245356,1.6026080557906912,1.6900712899539851,3634200
2005-01-07,1.6532721519470215,1.7039370923448927,1.6399395138143125,1.6692716228707978,1360800
2005-01-10,1.6106077432632446,1.6548727909160619,1.6026081571866317,1.6548727909160619,2926800
2005-01-11,1.6159405708312988,1.637272793306586,1.5924744852629347,1.6207403514046932,2970000
2005-01-12,1.626606822013855,1.6474060763977227,1.5844748855725252,1.6271402496874492,1711800
2005-01-13,1.6244745254516602,1.6666064906548965,1.6164747832917747,1.6324742676115453,761400
2005-01-14,1.6532721519470215,1.6532721519470215,1.5999409890871341,1.62180679027285,2282400
2005-01-17,1.6479390859603882,1.6708712823089018,1.631939616622208,1.6452722534336117,615600
2005-01-18,1.6612725257873535,1.6959381611647009,1.628207173798304,1.631940405459392,1654200
2005-01-19,1.7119370698928833,1.7119370698928833,1.6639388029163513,1.6639388029163513,2268000
2005-01-20,1.6586055755615234,1.7119370505241869,1.6319399906624745,1.7119370505241869,2466000
2005-01-21,1.626606822013855,1.669271880964206,1.6047410174473717,1.6639388248865554,2554200
2005-01-24,1.6692721843719482,1.6852715080952316,1.6212739080374694,1.6266071176667733,2223000
2005-01-26,1.6735392808914185,1.6996714503483255,1.661806308190717,1.6996714503483255,820800
2005-01-27,1.6426063776016235,1.6618056550899458,1.6212736944767492,1.6618056550899458,3128400
2005-01-28,1.6186076402664185,1.6532729744032673,1.5999417850126312,1.6532729744032673,3558600
2005-01-31,1.6479390859603882,1.6522054381906888,1.619140102184563,1.6426058786535789,1265400
2005-02-01,1.604207992553711,1.6479399178313368,1.6036745647461852,1.6479399178313368,4446000
2005-02-02,1.69060480594635,1.6906048059463503,1.6079413493281345,1.610607725408456,3434400
2005-02-03,1.74393630027771,1.7578023714337188,1.6868715796710678,1.6900713835600227,11455200
2005-02-04,1.8244671821594238,1.8266005889884929,1.7338039529663085,1.7338039529663085,8697600
2005-02-09,1.8399322032928467,1.8452651061545073,1.7679348867239282,1.8399322032928467,2532600
2005-02-10,1.8346000909805298,1.8346000909805298,1.7972679176650659,1.8132673987170704,4597200
2005-02-11,1.8239340782165527,1.831933819870088,1.780735717419271,1.8239340782165527,3072600
2005-02-14,1.7866014242172241,1.8228665814566847,1.7775351349073591,1.8228665814566847,11331000
2005-02-15,1.893264651298523,1.893264651298523,1.7652692503206389,1.7802021818824871,7059600
2005-02-16,1.8671314716339111,1.9103298065195164,1.8559319315862153,1.9044631700713712,8971200
2005-02-17,1.9199291467666626,1.943928200068342,1.8996630184489334,1.8996630184489334,6381000
2005-02-18,1.973261833190918,1.9759286679868149,1.9172637954426752,1.941263019870084,5410800
2005-02-21,1.899131417274475,1.9759287240040442,1.8991314172744749,1.9732618891325429,8323200
2005-02-22,1.783935546875,1.893264791496504,1.7706025930763714,1.7866020766017727,11269800
2005-02-23,1.7130038738250732,1.8212665136656707,1.7130038738250732,1.807933871672493,6132600
2005-02-24,1.7546029090881348,1.7626026492412006,1.72153755041507,1.7626026492412006,12164400
2005-02-25,1.7124696969985962,1.797266514157687,1.71193657465084,1.7652677296242791,11629800
2005-02-28,1.6532721519470215,1.7338026289924968,1.634606305978966,1.722603090895211,9000000
2005-03-01,1.6271401643753052,1.6927377272177135,1.6212735283493658,1.6532723208844091,6280200
2005-03-02,1.6426063776016235,1.669271964488702,1.6212736944767492,1.6372730160925373,6750000
2005-03-03,1.6570061445236206,1.679938811442362,1.6436731950922052,1.6666058620109465,12628800
2005-03-04,1.6692721843719482,1.6906047177245356,1.6639391273249584,1.6751388217718024,7824600
2005-03-07,1.7471362352371216,1.7471362352371216,1.6746054661318774,1.6746054661318774,10292400
2005-03-08,1.7652685642242432,1.7652685642242432,1.709270702961154,1.7492692406843515,3799800
2005-03-09,1.7226033210754395,1.8287328437145418,1.7226033210754395,1.7599353231645076,17933400
2005-03-10,1.7599350214004517,1.7812673941878385,1.7172696654966495,1.7492686061333726,8269200
2005-03-11,1.74393630027771,1.7972674840306568,1.726870120068101,1.7866013693459257,4834800
2005-03-14,1.7146039009094238,1.7428693163581626,1.685804905117553,1.7428693163581626,4273200
2005-03-15,1.6959383487701416,1.7252703197604968,1.6799388699283646,1.7199374144504684,3018600
2005-03-16,1.674605369567871,1.6906046930577159,1.6479397795573592,1.6906046930577159,5405400
2005-03-17,1.706604242324829,1.7172703567206458,1.6543396104231254,1.6559395886154253,4341600
2005-03-18,1.7012711763381958,1.7119375968001889,1.6772719591722083,1.7060709587384606,3283200
2005-03-21,1.6703391075134277,1.705537868476225,1.653272925999394,1.7012712086609658,3114000
2005-03-22,1.6319409608840942,1.6986051153471757,1.6106082666669448,1.6799392558535269,5439600
2005-03-23,1.5727424621582031,1.6346068070343507,1.5620760432179368,1.6346068070343507,7016400
2005-03-24,1.5839425325393677,1.6212744009655227,1.5519437227816515,1.6090083049951687,8035200
2005-03-28,1.5172775983810425,1.5732756121731908,1.5172775983810425,1.5684758303740192,3128400
2005-03-29,1.4852780103683472,1.5252765268224162,1.4559460599610103,1.5252765268224162,10933200
2005-03-30,1.5354106426239014,1.5354106426239014,1.4724794344916352,1.4820791516866803,3535200
2005-03-31,1.5786083936691284,1.5786083936691284,1.5412763945975847,1.5412763945975847,4757400
2005-04-01,1.5866085290908813,1.6052743807447907,1.54767654252224,1.5940748392359831,5556600
2005-04-04,1.5402106046676636,1.5631432735643433,1.477279389191536,1.5631432735643433,2394000
2005-04-05,1.5034116506576538,1.5626096255273603,1.4799460149315171,1.5626096255273603,3065400
2005-04-06,1.5098105669021606,1.5407429539774709,1.487944921659615,1.5071441922677227,3848400
2005-04-07,1.5172775983810425,1.5306105459976374,1.5082114625466279,1.524744213835233,1153800
2005-04-08,1.4932781457901,1.5172772010841522,1.4671459903281319,1.5172772010841522,1917000
2005-04-11,1.4506133794784546,1.509277918074828,1.443147222240335,1.4932784429731614,2523600
2005-04-12,1.477279543876648,1.4986122365241212,1.4399478276362474,1.45114737302484,8607600
2005-04-13,1.4932781457901,1.5492761449192514,1.463946034911713,1.4932781457901,24449400
2005-04-14,1.4671467542648315,1.5199448254692816,1.4292813075047783,1.509278403582109,12877200
2005-04-15,1.4399468898773193,1.4772785818056238,1.4394134622863122,1.4607461410409743,2437200
2005-04-18,1.4932781457901,1.4932781457901,1.4292805632844463,1.439946979617661,4581000
2005-04-19,1.5732762813568115,1.5732762813568115,1.482613053461857,1.482613053461857,22802400
2005-04-20,1.5732762813568115,1.5983422091244817,1.519945078535575,1.5732762813568115,7610400
2005-04-22,1.5946080684661865,1.6143407731706547,1.557275912059169,1.581275122767475,7318800
2005-04-25,1.5999410152435303,1.6127405311588974,1.5791417637354925,1.5791417637354925,4363200
2005-04-26,1.5999410152435303,1.6132736535942058,1.5903413020158723,1.595141234920834,9640800
2005-04-27,1.598874568939209,1.5999414244117247,1.57327553056179,1.5999414244117247,4228200
2005-04-28,1.5546096563339233,1.5994079728264108,1.5471433465429933,1.5946081913477912,3432600
2005-04-29,1.5599435567855835,1.5999421095236754,1.5482105828805988,1.598875253594321,7763400
2005-05-02,1.5572762489318848,1.5780755083454996,1.5476766846378003,1.5732757261984571,4350600
2005-05-03,1.5786083936691284,1.59834109586119,1.5732751855522202,1.5892746573206735,3762000
2005-05-04,1.660205602645874,1.6639388334688567,1.5892748273383521,1.5983412668487798,6469200
2005-05-05,1.6527389287948608,1.6959374061069843,1.6458057437732245,1.6639384662095948,2935800
2005-05-06,1.637807011604309,1.669272543208977,1.6255409167265122,1.6634060571303413,8722800
2005-05-09,1.6106077432632446,1.6522062622238576,1.60367455504826,1.6367402127102837,3250800
2005-05-10,1.5732762813568115,1.6260743613519835,1.5599436332338796,1.6260743613519835,5180400
2005-05-11,1.5892746448516846,1.5892746448516843,1.5311435465524106,1.5759420061196956,6989400
2005-05-12,1.5946080684661865,1.6079410141648978,1.562609273437402,1.589274859670244,2426400
2005-05-13,1.5866085290908813,1.5999414764495001,1.553543179735757,1.5972746428460813,3997800
2005-05-16,1.6127415895462036,1.6266076645965508,1.5919423243883175,1.5994086372810354,5682600
2005-05-17,1.6079418659210205,1.6132747723773202,1.589275701538559,1.5999421247806431,2244600
2005-05-18,1.6106077432632446,1.6266072205811186,1.5999416284944274,1.5999416284944274,5850000
2005-05-19,1.6132746934890747,1.615408100099066,1.5839425650459678,1.6132746934890747,11779200
2005-05-20,1.6004754304885864,1.6127418338770294,1.5732763990524106,1.594609095392116,2511000
2005-05-23,1.6026078462600708,1.6207405735301903,1.582342018515896,1.5839418438714377,3088800
2005-05-24,1.6132746934890747,1.6132746934890747,1.5754095489354571,1.5967420892117334,2896200
2005-05-25,1.6106077432632446,1.6207408879747338,1.5892752085609623,1.5999416284944274,3115800
2005-05-27,1.6527389287948608,1.6532720511889627,1.6207401414797251,1.6207401414797251,5756400
2005-05-30,1.6479390859603882,1.663404975178066,1.6426058786535789,1.6532719881027018,1848600
2005-05-31,1.6372734308242798,1.662872473959776,1.6356736050650609,1.6356736050650609,2977200
2005-06-01,1.6479390859603882,1.6746046647476913,1.6287398143039207,1.6479390859603882,4293000
2005-06-02,1.6799389123916626,1.6906050284460001,1.6479401064816233,1.6612727515495451,6008400
2005-06-03,1.7172702550888062,1.7327366083108269,1.679938551748183,1.679938551748183,6345000
2005-06-06,1.6559391021728516,1.7114035215838128,1.627140113500612,1.627140113500612,7144200
2005-06-07,1.620740532875061,1.6527393279176392,1.6132739184916904,1.6527393279176392,5779800
2005-06-08,1.5786083936691284,1.6532722392299448,1.5204771423315038,1.6532722392299448,6350400
2005-06-09,1.5412758588790894,1.5839410512379228,1.5306095989349355,1.5626085313496152,2764800
2005-06-10,1.5599435567855835,1.5780759878606287,1.5519438157214913,1.5519438157214913,1193400
2005-06-13,1.5386102199554443,1.5828751098318523,1.5252772728942756,1.5780753282326307,2377800
2005-06-14,1.639406681060791,1.639406681060791,1.4932785948552114,1.5466100822302677,8413200
2005-06-15,1.6239404678344727,1.6239404678344724,1.547143353501924,1.6127409268065516,5389200
2005-06-16,1.6586055755615234,1.6586055755615234,1.6239402541598467,1.6239402541598467,2170800
2005-06-17,1.72153639793396,1.72793615525563,1.6330061927774842,1.6330061927774842,12434400
2005-06-20,1.728469729423523,1.7487358617793263,1.7060704966518656,1.7092704524402267,6181200
2005-06-21,1.706604242324829,1.7594023020121783,1.6644722970332964,1.727936928863418,4201200
2005-06-22,1.6820714473724365,1.7066039332706433,1.6532724554556106,1.7066039332706433,4570200
2005-06-23,1.6479390859603882,1.6740712372094368,1.6079405651971856,1.6740712372094368,3375000
2005-06-24,1.6612725257873535,1.6612725257873533,1.6164740510189408,1.626607195574649,2073600
2005-06-27,1.6484729051589966,1.6612724250071178,1.6111410485597992,1.6111410485597992,1807200
2005-06-28,1.6426063776016235,1.6580722715171268,1.6266069034035413,1.6532724902906197,3754800
2005-06-29,1.6479390859603882,1.6607386003980331,1.5999408305280958,1.6580717678712569,6960600
2005-06-30,1.6879383325576782,1.7274034427531053,1.6159409947406294,1.6159409947406294,5151600
2005-07-01,1.69060480594635,1.701271073179248,1.6799386912957748,1.6879384298660285,2372400
2005-07-04,1.6372734308242798,1.6799388078814392,1.6122078155241892,1.6799388078814392,2646000
2005-07-05,1.5999410152435303,1.6426060682947536,1.5844746664934974,1.6266065971094121,4249800
2005-07-06,1.5759426355361938,1.5999417000033112,1.557276323527183,1.5999417000033112,3540600
2005-07-07,1.5492761135101318,1.5679422654236947,1.5466095857720241,1.5466095857720241,2797200
2005-07-08,1.5519427061080933,1.5652753440450151,1.5252768199052074,1.553009256110143,2491200
2005-07-11,1.5924755334854126,1.5935423894430558,1.5498104501221108,1.559943598148862,1315800
2005-07-12,1.5999410152435303,1.6079407508362011,1.5892745993984592,1.5930078296860075,3893400
2005-07-13,1.6479390859603882,1.650605460740421,1.6031407854286308,1.6031407854286308,2484000
2005-07-14,1.6799389123916626,1.70127129708268,1.6426068958721123,1.6564728162262825,4129200
2005-07-15,1.6532721519470215,1.6591387873734866,1.637272681023245,1.6404726362409054,2199600
2005-07-18,1.6218072175979614,1.6367399898563546,1.6212737898662914,1.6276735494056027,3429000
2005-07-19,1.6079418659210205,1.6143416283168484,1.5834092145301242,1.6143416283168484,5103000
2005-07-20,1.626606822013855,1.6468726487241285,1.5866082911023291,1.5892748191411545,1767600
2005-07-21,1.639406681060791,1.6420732096548483,1.6132742125756108,1.626607160710534,1926000
2005-07-22,1.6095411777496338,1.639939998388423,1.5839419861910173,1.6266070511515316,4222800
2005-07-25,1.5332772731781006,1.5679429109569387,1.5039451508181323,1.5519434327766541,5839200
2005-07-26,1.5332772731781006,1.5466102225224485,1.5146114187442115,1.5359441071787017,2912400
2005-07-27,1.5780744552612305,1.5866076160027378,1.5332761624249804,1.5332761624249804,2741400
2005-07-28,1.650606393814087,1.6799388217095368,1.5860753576087656,1.5860753576087656,3526200
2005-07-29,1.6692721843719482,1.6783386254835335,1.647939803601675,1.6506061795428557,2516400
2005-08-01,1.6794049739837646,1.6906045145020312,1.6260734944307993,1.6586057183196294,2908800
2005-08-02,1.733269214630127,1.733269214630127,1.6788711961728229,1.6788711961728229,3357000
2005-08-03,1.8084664344787598,1.80846643447876,1.7332691667710554,1.7332691667710554,7966800
2005-08-04,1.8745982646942139,1.8996638793507024,1.7599358487817047,1.7759353266217426,7083000
2005-08-05,1.7812678813934326,1.8665981587934772,1.7812678813934326,1.8612649497012186,3195000
2005-08-08,1.7599350214004517,1.8239325975093834,1.7439355510820902,1.787134029392312,2871000
2005-08-09,1.8393995761871338,1.8393995761871338,1.7492694962033637,1.7599359168977717,3805200
2005-08-10,1.8479317426681519,1.8740638946651587,1.7924668733530054,1.8345988003106355,9585000
2005-08-11,1.81273353099823,1.8873973891984757,1.7498023359274348,1.7898008695374263,5715000
2005-08-12,1.8399322032928467,1.8399322032928467,1.7066036810428673,1.7284694830110587,2941200
2005-08-15,1.9193958044052124,1.9300619151619554,1.8585980270817266,1.8873970143881849,7120800
2005-08-16,1.893264651298523,1.9023312484123558,1.8591327376420916,1.877265168957898,2714400
2005-08-17,1.9945931434631348,2.0153923958297075,1.8767308151074018,1.8932634094104714,12162600
2005-08-18,1.9679280519485474,2.031925650149187,1.8985970916910562,1.9625948424740058,3744000
2005-08-19,1.946595311164856,1.989260375416217,1.84793238822916,1.9519285204874288,5425200
2005-08-22,1.927930235862732,1.962595576372014,1.919930494950631,1.9577956402753331,4617000
2005-08-23,1.898597240447998,1.9145967175428875,1.883131343732296,1.883131343732296,1333800
2005-08-24,1.8745982646942139,1.893797546552862,1.8399329328172367,1.867131953595904,4060800
2005-08-25,1.903930902481079,1.9140637442930206,1.8559327649625783,1.8873981462454887,2804400
2005-08-26,1.8660646677017212,1.9199295741825968,1.8345992996805223,1.8660646677017212,3193200
2005-08-29,1.8346000909805298,1.855932783243989,1.815934233196337,1.855932783243989,3270600
2005-08-30,1.8340665102005005,1.855932628570433,1.796734645160996,1.855932628570433,3636000
2005-08-31,1.8607314825057983,1.8825972847948047,1.831932494422785,1.831932494422785,4309200
2005-09-01,1.8340665102005005,1.8767317385893363,1.8340665102005005,1.8665987449397086,1929600
2005-09-02,1.8900638818740845,1.8900638818740843,1.8345994506445096,1.8345994506445096,6568200
2005-09-05,1.8831312656402588,1.9199298478172446,1.8831312656402588,1.9039303713858413,1774800
2005-09-06,1.8745982646942139,1.8985973288719418,1.8676650762529552,1.893264118731153,8479800
2005-09-08,1.8697984218597412,1.8825980963114115,1.8607322845968834,1.8825980963114115,13041000
2005-09-09,1.882064700126648,1.8932642438051484,1.8665986490865913,1.8825981279835966,7621200
2005-09-12,1.927930235862732,1.9279302358627322,1.8665989905915357,1.8665989905915357,6249600
2005-09-13,1.8719321489334106,1.9460626113624044,1.8346001274580308,1.9231303977683882,3205800
2005-09-14,1.893264651298523,1.9119308157508332,1.8660656228688837,1.8735322412321795,4269600
2005-09-15,1.9412623643875122,1.957261689354442,1.9087304392239643,1.9103302649130292,4730400
2005-09-16,1.9721952676773071,1.9727286956654633,1.8932647094916217,1.9519294290162943,3168000
2005-09-19,2.014326572418213,2.0207263329487724,1.920463112805356,1.981260914136833,4091400
2005-09-20,2.114588499069214,2.1588533742800817,1.9999261383426226,1.9999261383426226,7450200
2005-09-21,2.2399165630340576,2.2665821346820394,2.080455645048362,2.1119213003442416,7765200
2005-09-22,2.306581974029541,2.3321810108039003,2.1972524874533663,2.2239183796334325,4797000
2005-09-23,2.3497817516326904,2.3945802460463814,2.3065833887266747,2.3065833887266747,4176000
2005-09-26,2.3156492710113525,2.3892466101165883,2.278317402396853,2.3892466101165883,2827800
2005-09-27,2.2132513523101807,2.3092478663637017,2.192452102512509,2.3092478663637017,3717000
2005-09-28,2.250584602355957,2.3252484807042935,2.229252065685004,2.2399184866028183,3022200
2005-09-29,2.2847166061401367,2.303915887400537,2.207919481098537,2.2932494674513237,1211400
2005-09-30,2.314582347869873,2.3439146237215502,2.2671174922728703,2.2671174922728703,1011600
2005-10-03,2.314582347869873,2.3727136243059737,2.2511180135965603,2.296449462959874,2993400
2005-10-04,2.2665834426879883,2.3359143962126097,2.197252489163367,2.3145817129684136,4906800
2005-10-05,2.2607178688049316,2.3199156993756707,2.207386371695421,2.239918606293751,4267800
2005-10-06,2.1599209308624268,2.2665835911587875,2.1343218923913,2.213252108428302,4320000
2005-10-07,2.186586618423462,2.2393846758008658,2.1455215304998414,2.234584894016278,2237400
2005-10-10,2.2303173542022705,2.2825821121876806,2.1865856054730712,2.1865856054730712,2842200
2005-10-11,2.2932493686676025,2.2932493686676025,2.2292517672230217,2.240984737112354,3585600
2005-10-13,2.2105860710144043,2.23938507198153,2.2031199120089613,2.2031199120089613,4181400
2005-10-14,2.191387414932251,2.213253233260197,2.1492556045571485,2.213253233260197,2829600
2005-10-17,2.1759204864501953,2.2340514477278135,2.1545878010218273,2.204185901743333,1551600
2005-10-18,2.197253704071045,2.218586399110536,2.1599219836446686,2.2079202804643594,2719800
2005-10-19,2.154587745666504,2.207919228993774,2.1364548643397563,2.207919228993774,2790000
2005-10-20,2.0761890411376953,2.2153838208662866,1.9359277119125204,2.1865848483078922,4179600
2005-10-21,2.1065895557403564,2.1839201028421313,2.037258594132713,2.0900566518220085,3155400
2005-10-24,2.1439225673675537,2.170588169979304,1.973795345238802,2.1065905406122427,2943000
2005-10-25,2.1652534008026123,2.2079187615300246,2.1279217060585185,2.143921025603455,2550600
2005-10-26,2.1375203132629395,2.1855185556399914,2.122587550480644,2.122587550480644,3040200
2005-10-27,2.1567201614379883,2.1593866887942426,2.130587705083506,2.1332542324397603,1929600
2005-10-28,2.1332550048828125,2.2292515502903982,2.1332550048828125,2.1599208984299563,1848600
2005-10-31,2.207918882369995,2.2228513474697063,2.1439211429408127,2.175386661286109,2104200
2005-11-01,2.2585835456848145,2.319914757724712,2.2132518068000704,2.2132518068000704,3173400
2005-11-03,2.2399165630340576,2.340179399285018,2.2399165630340576,2.330046262340407,2017800
2005-11-04,2.207918882369995,2.250050360025209,2.158320638126936,2.239917675793445,4422600
2005-11-07,2.3081822395324707,2.3081822395324707,2.216985468934432,2.216985468934432,2509200
2005-11-08,2.3124494552612305,2.3305821916164087,2.256984848006663,2.2932501681346493,1738800
2005-11-09,2.2665834426879883,2.323114877815469,2.2660500149847196,2.3145817129684136,1123200
2005-11-10,2.3631131649017334,2.3631131649017334,2.2212514693151744,2.2879158877114474,2433600
2005-11-11,2.3572463989257812,2.359913232025492,2.3305808144097253,2.346046859532329,2019600
2005-11-14,2.2687172889709473,2.341247754726118,2.2687172889709473,2.340714632083895,3252600
2005-11-16,2.186586618423462,2.261250484003822,2.1785868803942736,2.2559175796215496,7380000
2005-11-17,2.2985830307006836,2.338581577619571,2.1945868697445157,2.2399186274576834,5859000
2005-11-18,2.2399165630340576,2.293247706330021,2.224450220210526,2.293247706330021,1994400
2005-11-21,2.2287180423736572,2.2639166373658477,2.2132516925180594,2.255917053783617,2262600
2005-11-22,2.1871211528778076,2.213253328326029,2.1492556968740915,2.213253328326029,6494400
2005-11-23,2.1812539100646973,2.213252716951524,2.1732541701974037,2.1919203316093196,3924000
2005-11-24,2.1919198036193848,2.23138491298227,2.173787074460157,2.173787074460157,1886400
2005-11-25,2.178586721420288,2.194586196311164,2.1732535122625625,2.1871198865891093,1920600
2005-11-28,2.134322166442871,2.2132523926146845,2.1279224060033464,2.189253329112048,3479400
2005-11-29,2.14872145652771,2.159387570306884,2.1071229414267676,2.1439215222283097,5205600
2005-11-30,2.090590476989746,2.156188219620276,2.079924360970039,2.148188480023154,5509800
2005-12-01,2.141788959503174,2.1599216944551363,2.111923404061884,2.111923404061884,10036800
2005-12-02,2.2772488594055176,2.2772488594055176,2.1556534717977773,2.1556534717977773,7101000
2005-12-05,2.2863166332244873,2.29324951643314,2.2185856432701625,2.2863166332244873,4365000
2005-12-06,2.3225820064544678,2.335381527917556,2.2692505144426014,2.3225820064544678,4689000
2005-12-07,2.282583475112915,2.303916010991048,2.231918664256765,2.282583475112915,2975400
2005-12-08,2.2292513847351074,2.293248975199184,2.216451714060001,2.2292513847351074,1782000
2005-12-09,2.2132513523101807,2.239917237147801,2.1732528302182557,2.2132513523101807,2300400
2005-12-12,2.2495176792144775,2.282049599314726,2.2399179636625677,2.2495176792144775,2372400
2005-12-13,2.2932493686676025,2.2932493686676025,2.2292517672230217,2.2932493686676025,2638800
2005-12-14,2.3460466861724854,2.3465801137859224,2.2745827967811256,2.3460466861724854,4122000
2005-12-15,2.309248208999634,2.3705792649629798,2.282582625369999,2.309248208999634,2205000
2005-12-16,2.2692503929138184,2.3380477789479195,2.245784604821524,2.2692503929138184,1641600
2005-12-19,2.207918882369995,2.269249788661562,2.2031191015020486,2.207918882369995,4680000
2005-12-20,2.226583957672119,2.2393834705973843,2.1919186483117503,2.226583957672119,2259000
2005-12-21,2.2559165954589844,2.279915646494449,2.2265841846210352,2.2559165954589844,4640400
2005-12-22,2.2532525062561035,2.261252250534836,2.22392036487147,2.2532525062561035,1630800
2005-12-23,2.271916627883911,2.293249005740414,2.2559173063459603,2.271916627883911,2210400
2005-12-26,2.265516996383667,2.291649156915521,2.2153854707371123,2.265516996383667,147600
2005-12-27,2.2671167850494385,2.3039153609104237,2.223918297648502,2.2671167850494385,3090600
2005-12-28,2.250584602355957,2.267117509003868,2.2345852761439113,2.250584602355957,1436400
2005-12-29,2.250584602355957,2.267117509003868,2.2351187039974385,2.250584602355957,1296000
2006-01-02,2.1919198036193848,2.2559175545595984,2.1919198036193848,2.1919198036193848,3142800
2006-01-03,2.2399165630340576,2.2505826696274847,2.2079177855071555,2.2399165630340576,5104800
2006-01-04,2.5439062118530273,2.639902736013706,2.255916944535529,2.5439062118530273,16003800
2006-01-05,2.6196372509002686,2.624437185376242,2.4857757175760704,2.6196372509002686,6238800
2006-01-06,2.7225682735443115,2.7465673455457345,2.62923821002238,2.7225682735443115,7043400
2006-01-09,2.826029062271118,2.827095917520375,2.706566908176146,2.7193664246863216,4138200
2006-01-10,2.7412326335906982,2.845229069750482,2.672968836782234,2.7412326335906982,3803400
2006-01-11,2.7732317447662354,2.815363688373451,2.752432639427101,2.752432639427101,2592000
2006-01-12,2.7998974323272705,2.8158969072592037,2.74656595094236,2.7732315390525137,5047200
2006-01-13,2.8265626430511475,2.8265626430511475,2.7732311687867464,2.7732311687867464,2111400
2006-01-16,2.8665621280670166,2.879895077368983,2.8292301141532414,2.8292301141532414,2489400
2006-01-17,2.8478941917419434,2.8665601860531447,2.8158955623259234,2.84362768747551,3996000
2006-01-18,2.8825626373291016,2.932160762624066,2.7945656287218337,2.8212312316997594,6157800
2006-01-19,3.04788875579834,3.0718881249526166,2.9118939581355985,2.9118939581355985,4750200
2006-01-20,3.0132224559783936,3.090552989696403,2.987090298121538,3.039888346672959,3223800
2006-01-23,3.0052237510681152,3.038822380355547,2.9470926294369417,3.0132233375180766,2147400
2006-01-24,2.9865567684173584,3.03455488176448,2.9673573399797726,3.0052227692000306,3985200
2006-01-25,2.9865567684173584,2.9865567684173584,2.9865567684173584,2.9865567684173584,0
2006-01-26,2.9385600090026855,3.0340228520262245,2.9332266454899036,3.0025576246737384,4251600
2006-01-27,2.8297629356384277,3.0132227040730637,2.751899273000923,2.96255805687813,5002200
2006-01-30,2.8132307529449463,2.8505627684102834,2.762566092788186,2.8457631383872415,5637600
2006-01-31,2.855896234512329,2.9545590294480117,2.847896342244107,2.847896342244107,7540200
2006-02-01,3.045222043991089,3.081487504286689,2.85322893328555,2.855362339262767,6541200
2006-02-02,3.199347734451294,3.397206902414708,3.0942851079765856,3.1172173007479036,16486200
2006-02-03,3.093217611312866,3.2900101887018427,3.0292200623852787,3.1625485181910413,10211400
2006-02-06,3.1118855476379395,3.1278847144346944,3.0025560768728408,3.0942860979640545,7228800
2006-02-07,3.0137569904327393,3.1145531909877633,2.9465594216744955,3.1145531909877633,3065400
2006-02-08,2.954559326171875,3.0926878632833357,2.954559326171875,3.02389030869078,2289600
2006-02-09,3.019089460372925,3.040421686187822,2.8638949541869545,2.83242943284663,2781000
2006-02-10,3.066554546356201,3.0926870146113012,3.003090372948345,3.061221184050407,4687200
2006-02-13,3.010556697845459,3.226548880852344,3.0052236404085275,3.087353823530016,3308400
2006-02-14,3.1988155841827393,3.1988155841827393,3.040421440046307,3.040421440046307,3675600
2006-02-15,3.179616928100586,3.2633473927868524,3.111353123065218,3.199349789474341,10206000
2006-02-16,3.2265493869781494,3.343345072089901,3.1972169561445556,3.2852139434806396,6899400
2006-02-17,3.25321364402771,3.306545120297935,3.1982824950658477,3.25321364402771,4158000
2006-02-20,3.093217611312866,3.1838810345002373,3.077218147789873,3.1838810345002373,6942600
2006-02-21,2.9332258701324463,3.1145525525182616,2.894294188284877,3.1092194955799024,6834600
2006-02-22,2.8798937797546387,3.0105554644150185,2.8798937797546387,2.9465578858978207,4298400
2006-02-23,2.8692286014556885,2.9385595702887155,2.8494960443820188,2.9332262075721816,5000400
2006-02-24,2.9097628593444824,2.9225623906327245,2.853764795521586,2.8782973067819415,2595600
2006-02-27,2.9097628593444824,2.9097628593444824,2.9097628593444824,2.9097628593444824,0
2006-02-28,2.9097628593444824,2.9097628593444824,2.9097628593444824,2.9097628593444824,0
2006-03-01,2.995623826980591,3.0121567325755167,2.9598920973516005,2.9598920973516005,3508200
2006-03-02,2.9614920616149902,3.0212228550417257,2.9614920616149902,2.995623812788273,4231800
2006-03-03,2.9870898723602295,2.9881564223899124,2.8942933061581813,2.965223918346821,2818800
2006-03-06,2.9332258701324463,2.9892238834790854,2.8990941226281737,2.986557355009906,3337200
2006-03-07,2.8852269649505615,2.9625574902449947,2.866560965563473,2.9065594920837285,5943600
2006-03-08,2.927891969680786,2.927891969680786,2.831895751787935,2.858561333962112,4669200
2006-03-09,2.8798937797546387,2.974823444930684,2.8265623117413776,2.974823444930684,3144600
2006-03-10,2.996690273284912,3.005223286244251,2.8478956690785573,2.9118935714382133,3450600
2006-03-13,3.061221122741699,3.090553546759893,2.9758912946981773,2.9758912946981773,5187600
2006-03-14,3.087353229522705,3.087353229522705,3.0025565339976503,3.039888539202788,2575800
2006-03-15,3.1076207160949707,3.108154144060402,3.0398900123926933,3.0398900123926933,3342600
2006-03-16,3.1081531047821045,3.1305521892047676,3.0425555245460445,3.1108196333881706,3501000
2006-03-17,3.0878872871398926,3.108153271832773,3.029222739159549,3.108153271832773,5490000
2006-03-20,3.0558876991271973,3.097486206213149,3.014289192041245,3.0852198115329825,2835000
2006-03-21,2.965224504470825,3.0564211110725514,2.9385589174707,2.965224504470825,3655800
2006-03-22,3.083087205886841,3.083087205886841,2.9492252240558168,2.9838907030497346,3468600
2006-03-23,2.944425106048584,3.039888524255113,2.9145595630642465,3.039888524255113,3324600
2006-03-24,2.9700253009796143,2.98655820944898,2.8852285728071503,2.98655820944898,1843200
2006-03-27,2.8292295932769775,2.9225596108788614,2.8292295932769775,2.914026292971488,4941000
2006-03-28,2.6452362537384033,2.828696323312885,2.6415031752946914,2.828696323312885,6118200
2006-03-29,2.709233283996582,2.7252327550279523,2.6665682313559462,2.6665682313559462,4582800
2006-03-30,2.725233554840088,2.7572322011293875,2.670302397880558,2.7316331620321006,2779200
2006-03-31,2.9598910808563232,2.986556664547926,2.6905674954293834,2.7465654958298455,9091800
2006-04-03,2.941227436065674,3.0078919133433173,2.886829364203597,2.9598937582484623,2869200
2006-04-04,2.9225597381591797,2.98549078616894,2.9225597381591797,2.9412254373278586,3967200
2006-04-05,2.8265626430511475,2.9225591746612447,2.7998970585012275,2.9214926245187427,7734600
2006-04-06,2.8372275829315186,2.890559035168173,2.7844295581280716,2.890559035168173,7509600
2006-04-07,2.911892890930176,2.954557640591523,2.8398954201836464,2.8660275755366644,5430600
2006-04-10,2.8265626430511475,2.901759768477367,2.773764596440278,2.8798941173155486,3402000
2006-04-11,2.8265626430511475,2.8425621158469236,2.805230114378299,2.8345622268667547,3337200
2006-04-12,2.831895351409912,2.899092877533132,2.8078959951652336,2.8265619915974884,13429800
2006-04-13,2.7732317447662354,2.8473623354463222,2.773231744766236,2.83189659225652,5358600
2006-04-14,2.7732317447662354,2.773231744766236,2.773231744766236,2.773231744766236,0
2006-04-17,2.778564453125,2.8052300369388057,2.7630984084097014,2.800430103683208,3418200
2006-04-18,2.8772284984588623,2.8878949198790043,2.7945648768203486,2.799898240112765,12580200
2006-04-19,2.981757402420044,2.9892238651868297,2.879894672796383,2.879894672796383,10380600
2006-04-20,3.050553560256958,3.0868186970692637,3.0137549959286396,3.050553560256958,9199800
2006-04-21,3.050553560256958,3.050553560256958,3.050553560256958,3.050553560256958,0
2006-04-24,3.045222043991089,3.067088005725542,2.944958981848522,3.066554577940078,3524400
2006-04-25,3.071887254714966,3.087886422732525,3.0137558456587197,3.055887781532838,4453200
2006-04-26,3.1838831901550293,3.1897496742575213,3.077220231228285,3.077220231228285,4269600
2006-04-27,3.1625497341156006,3.1934818183654836,3.0932188005813437,3.146550264441195,3627000
2006-04-28,3.234548330307007,3.258547698088222,3.1198860744356613,3.1550846792623326,6948000
2006-05-01,3.234548330307007,3.234548330307007,3.234548330307007,3.234548330307007,0
2006-05-02,3.189216136932373,3.2302815242383214,3.1518844382722264,3.199882554524258,2516400
2006-05-03,3.1732170581817627,3.237214656206819,3.1198858790765254,3.237214656206819,3960000
2006-05-04,3.2020158767700195,3.2265483642827704,3.125218763380661,3.1732168829578598,4044600
2006-05-05,3.1732170581817627,3.2068156827081853,3.1732170581817627,3.2020160535841926,6100200
2006-05-08,3.2798807621002197,3.317212473778144,3.1577517181342665,3.194550307103671,4777200
2006-05-09,3.3038785457611084,3.3118784349295685,3.242547486237566,3.3065450737624054,89209224
2006-05-10,3.4398746490478516,3.4398746490478516,3.251614602610738,3.2905465945517536,209268240
2006-05-11,3.4265401363372803,3.467072088100772,3.3865416121576057,3.4409396294551247,117058104
2006-05-12,3.4393420219421387,3.4446753859620016,3.3177463880238083,3.421209133571121,118389204
2006-05-15,3.413208484649658,3.445207438166382,3.3177453570497675,3.414808462841958,165510660
2006-05-16,3.5620036125183105,3.57320315631209,3.4132089760245434,3.4132089760245434,304537056
2006-05-17,3.4265401363372803,3.584400827885232,3.4265401363372803,3.573201289941246,128084280
2006-05-18,3.25321364402771,3.5204038427232844,3.226548058474884,3.4670726716176326,8184600
2006-05-19,3.1305534839630127,3.3065471912339204,3.067622406305502,3.290547707815699,7128000
2006-05-22,2.8798937797546387,3.039887878629896,2.8532278931657453,3.039887878629896,5558400
2006-05-23,2.7625646591186523,2.9860229029258556,2.7204327303305202,2.9625572773479423,113416152
2006-05-24,2.6340372562408447,2.7817653462399146,2.5775064130184524,2.7785656944712662,99883014
2006-05-25,3.0398874282836914,3.039887428283691,2.687900340837682,2.7198992779380395,125053152
2006-05-26,3.306544303894043,3.3225437733412115,3.0718865376054,3.167882743959414,138926592
2006-05-29,3.1518852710723877,3.33854503435122,3.1332189590633766,3.3065460782852893,3564000
2006-05-30,2.9870898723602295,3.1209515137680945,2.9438913919305185,3.1129519307986793,105138432
2006-05-31,2.997223138809204,3.114552209519656,2.906559960183139,3.0292220872446323,98071752
2006-06-01,3.157216787338257,3.1780161921866084,3.0196217573599173,3.067620172665277,131070384
2006-06-02,3.1417508125305176,3.2766793177195392,3.039888106846757,3.2766793177195392,115825752
2006-06-05,3.093217611312866,3.173214623763447,3.0665520422174675,3.1726815015834577,50529414
2006-06-06,3.1460182666778564,3.1460182666778564,2.960425066502117,3.0825540918513297,62104872
2006-06-07,2.9598910808563232,3.226547833266006,2.9598910808563232,3.1998822495744035,163098408
2006-06-08,2.8702962398529053,2.9865585130457846,2.8532299017363756,2.981225148874795,156936744
2006-06-09,2.9865567684173584,2.999889713309142,2.9172258211775586,2.999889713309142,99130212
2006-06-12,2.8265626430511475,3.0265552900869492,2.7785645298283796,2.991890121721422,138462420
2006-06-13,2.778564453125,2.8265625650227606,2.6985673965190298,2.7732310922305965,132254124
2006-06-14,2.618570566177368,2.8452288110910864,2.587638168909425,2.7785646932140113,221801808
2006-06-15,2.618570566177368,2.618570566177368,2.618570566177368,2.618570566177368,0
2006-06-16,2.7310996055603027,2.7732312362778084,2.6825680635029094,2.7199000658800685,75401772
2006-06-19,2.692702054977417,2.826563763613203,2.6399039874352983,2.759366195362808,66322404
2006-06-20,2.602570056915283,2.7465646529219505,2.602570056915283,2.6932331967413683,72470460
2006-06-21,2.560439348220825,2.6143042573687465,2.539106969266931,2.6143042573687465,203763216
2006-06-22,2.538039445877075,2.6020371762255863,2.538039445877075,2.5924376158517792,116254008
2006-06-23,2.4559106826782227,2.538574147681967,2.4292447830174586,2.535374343478665,370036656
2006-06-26,2.447911500930786,2.4639108307566198,2.3999132062885407,2.4639108307566198,12832200
2006-06-27,2.4505770206451416,2.5823056089895218,2.3732464703606704,2.4212447482124912,500072640
2006-06-28,2.5279078483581543,2.538573963316085,2.4052453901893815,2.426578077852222,579984288
2006-06-29,2.6612350940704346,2.6612350940704346,2.527907022261113,2.5444394645267883,378934680
2006-06-30,2.665501594543457,2.7193661836028853,2.6185700381668298,2.6665681445336147,278743512
2006-07-03,2.6724348068237305,2.6991006945213396,2.639902741203767,2.6612349630985928,179908596
2006-07-04,2.6612350940704346,2.6847013327374265,2.63990287112575,2.6719018158718835,130022556
2006-07-05,2.523108959197998,2.623371756983415,2.514575789563039,2.623371756983415,228543960
2006-07-06,2.5583064556121826,2.5807055392548413,2.5332405382916883,2.541240276413629,163153260
2006-07-07,2.5065743923187256,2.5871048782893977,2.469242391080582,2.586038022988921,141633552
2006-07-10,2.4964420795440674,2.554573506141769,2.4724430151113195,2.5279079129014557,75968808
2006-07-11,2.4852423667907715,2.503908524916169,2.435111140368114,2.49644190908369,174388224
2006-07-12,2.522573232650757,2.530572814411621,2.474574979174363,2.5071071914810625,135921432
2006-07-13,2.4719107151031494,2.5145758005525014,2.46657750313079,2.495909940105196,128055888
2006-07-14,2.4932422637939453,2.5055086624487886,2.469243199473793,2.480442742478887,63945774
2006-07-17,2.463909864425659,2.4959088166922703,2.4628430088960473,2.490575454538085,12123000
2006-07-18,2.4585776329040527,2.5065759278159265,2.4431117309653536,2.467643924942367,185027364
2006-07-19,2.570572853088379,2.5855057807333446,2.4692432317293402,2.4799096522135535,404114688
2006-07-20,2.495908737182617,2.6020379716512867,2.49377533135598,2.5865719237754736,9657000
2006-07-21,2.522573232650757,2.522573232650757,2.4697750470191546,2.504440359062958,87499164
2006-07-24,2.5609729290008545,2.591905330450445,2.5199078414850247,2.540173671364434,158390280
2006-07-25,2.586571455001831,2.5892379829284016,2.5439063978475795,2.570571982277847,8658000
2006-07-26,2.58603835105896,2.6116373885558795,2.5652392475294374,2.5764387882887645,10963800
2006-07-27,2.586571455001831,2.639369501375787,2.570571982277847,2.586571455001831,10056600
2006-07-28,2.6665682792663574,2.6665682792663574,2.5919045883860217,2.5972373386062553,259585488
2006-07-31,2.6612350940704346,2.6772345664435013,2.6345695102250257,2.6639019271030735,76618614
2006-08-01,2.591372013092041,2.651636230122968,2.581238716264858,2.645236622589304,139997424
2006-08-02,2.5999045372009277,2.650569180812454,2.5945711759013648,2.602571065268421,173396928
2006-08-03,2.6329705715179443,2.661235835830877,2.5791059611741227,2.591905481607248,103241376
2006-08-04,2.6372365951538086,2.6985679697329514,2.6324369660432554,2.6612356562004282,183584736
2006-08-07,2.671903133392334,2.671903133392334,2.613771698610957,2.637237338519793,126723828
2006-08-08,2.671903133392334,2.702834932947565,2.6297711788733973,2.666569769861718,184792296
2006-08-09,2.6665682792663574,2.717232915750709,2.6665682792663574,2.6879008059699583,208651968
2006-08-10,2.7039005756378174,2.719900048722037,2.629769999017653,2.7039005756378174,200680776
2006-08-11,2.7998974323272705,2.8158969072592037,2.7199003628322056,2.7199003628322056,11734200
2006-08-14,2.6665682792663574,2.7572314414655272,2.6612349187170574,2.7572314414655272,640888896
2006-08-15,2.602570056915283,2.6665676212333067,2.586570589544663,2.6169695470323955,256846104
2006-08-16,2.522573232650757,2.626569321364409,2.4857745157053666,2.6233693665942694,335812080
2006-08-17,2.5332412719726562,2.5492407528503307,2.498575933514172,2.531108170610148,153729120
2006-08-18,2.535905599594116,2.539638523288384,2.517239302718501,2.533772195175835,83661540
2006-08-21,2.5332412719726562,2.5439076942793446,2.517241791094982,2.5396410338072544,43657380
2006-08-22,2.5172407627105713,2.5327071145114095,2.4959085371416165,2.5284404557824045,133974048
2006-08-23,2.415911912918091,2.5183080791863643,2.4057787682365555,2.5183080791863643,220787856
2006-08-24,2.5065743923187256,2.5065743923187256,2.4319105424247183,2.4319105424247183,124397040
2006-08-25,2.434577226638794,2.5647059642581826,2.421244281007936,2.4612428127359296,168447312
2006-08-28,2.5060412883758545,2.5060412883758545,2.3999120596115704,2.450576707004473,81893658
2006-08-29,2.5279078483581543,2.549240230856342,2.480442690784939,2.5279078483581543,114006108
2006-08-30,2.5439062118530273,2.5572388505110815,2.5321732457023094,2.5327066733144465,122927400
2006-08-31,2.559906005859375,2.58230508575798,2.533240114855289,2.5572391726273054,225253488
2006-09-01,2.650569200515747,2.6527026060843464,2.5679056091506594,2.5759054985771836,218013840
2006-09-04,2.705500602722168,2.705500602722168,2.639903036530633,2.639903036530633,126851856
2006-09-05,2.626569986343384,2.6932341000549833,2.615903874628517,2.6473690872861106,177514872
2006-09-06,2.603104591369629,2.63403637915498,2.5599061026479437,2.613770704042882,232412952
2006-09-07,2.603104591369629,2.603104591369629,2.603104591369629,2.603104591369629,0
2006-09-08,2.602570056915283,2.6159029972515433,2.589237116579023,2.6031034843879386,79710678
2006-09-11,2.573773145675659,2.626571216826691,2.5657735581419012,2.594572256362252,4418400
2006-09-12,2.5999045372009277,2.5999045372009277,2.5167075187709997,2.5743055015555,5125800
2006-09-13,2.613236427307129,2.6361689283013963,2.5876373990108994,2.613236427307129,17681400
2006-09-14,2.5545732975006104,2.6185710517315637,2.533240611035414,2.603105002812056,2669400
2006-09-15,2.570572853088379,2.5865723312323667,2.5391074772145776,2.5572399037742786,2047200
2006-09-18,2.5759057998657227,2.596704904478278,2.5348404080570703,2.570572437902702,811200
2006-09-19,2.5332412719726562,2.58017285875971,2.5145754143918464,2.559907175157019,2180400
2006-09-20,2.4585776329040527,2.570573552643509,2.4052461262986937,2.537508189440445,7822800
2006-09-21,2.3465805053710938,2.4692426327805053,2.3465805053710938,2.463909576414337,2619600
2006-09-22,2.4212443828582764,2.4265775918514203,2.334847556794795,2.346580525030334,6408000
2006-09-25,2.4564435482025146,2.5065752360217473,2.3647137971820107,2.4185784117334417,11421000
2006-09-26,2.5332412719726562,2.5332412719726562,2.474576864780018,2.503909144667516,3816000
2006-09-27,2.525240659713745,2.52790749324325,2.4772423862341175,2.5220408561923326,3196800
2006-09-28,2.538039445877075,2.541772828641266,2.479908503467225,2.5049741069889766,1542000
2006-09-29,2.5332412719726562,2.5385744831260006,2.497509382832918,2.5380410552030157,4518000
2006-10-02,2.6292355060577393,2.6463018275534336,2.562571417909347,2.567904471721752,27138600
2006-10-03,2.639904022216797,2.67403577690967,2.5759064099838724,2.6020385775843877,5707800
2006-10-04,2.732166051864624,2.7732311308525697,2.623903432185241,2.63936947711593,6663000
2006-10-05,2.7460312843322754,2.751364643679817,2.645235156515581,2.730565244102673,3052200
2006-10-06,2.747098445892334,2.747098445892334,2.6927004326933175,2.7086999021926457,1979400
2006-10-09,2.8105649948120117,2.8105649948120113,2.7199017653869837,2.7199017653869837,2364000
2006-10-10,2.7998974323272705,2.8334960550361887,2.7812311239361796,2.8094969952205897,6285000
2006-10-11,2.6452362537384033,2.751899212629675,2.6452362537384033,2.7470992787752526,8058600
2006-10-12,2.6452362537384033,2.6452362537384033,2.6452362537384033,2.6452362537384033,0
2006-10-13,2.6559031009674072,2.7172338697541334,2.6559031009674072,2.708701161241447,4859400
2006-10-16,2.6766998767852783,2.687899409339835,2.653233957021922,2.653233957021922,2359800
2006-10-17,2.666036605834961,2.69056910397689,2.623904952310673,2.6745696221308726,3456000
2006-10-18,2.6879000663757324,2.7188321452936455,2.6612341864601325,2.6751005538754464,6385200
2006-10-19,2.673501968383789,2.695901355792838,2.6564359428328617,2.6825684088944475,2966400
2006-10-20,2.634568929672241,2.6863007185388033,2.60257029714187,2.671901227092566,3085800
2006-10-23,2.7012341022491455,2.7012341022491455,2.6025713329460025,2.634569978211598,2324400
2006-10-24,2.725233554840088,2.741232725402429,2.6772351276592117,2.6985679654049015,2420400
2006-10-25,2.7460312843322754,2.7614976297263425,2.7134992265852547,2.735898603450215,2278200
2006-10-26,2.7641658782958984,2.7945645502028134,2.7518997850028026,2.7641658782958984,13620600
2006-10-27,2.7577662467956543,2.7732322982367332,2.7385671157531712,2.764166160586272,4735200
2006-10-30,2.736967086791992,2.7620327032917014,2.6932351571357147,2.7460332242751284,2152800
2006-10-31,2.7700321674346924,2.7700321674346924,2.7257674222088952,2.7257674222088952,1272000
2006-11-01,2.807896137237549,2.819628797023744,2.757231200025201,2.7732306699430214,3950400
2006-11-02,2.807896137237549,2.807896137237549,2.807896137237549,2.807896137237549,0
2006-11-03,2.8052308559417725,2.8425628672791237,2.78923137891653,2.799897798654906,3189600
2006-11-06,2.9598910808563232,2.9625576087090284,2.8158964406583853,2.8158964406583853,16104600
2006-11-07,2.9172253608703613,2.9433578188755902,2.8985596681974997,2.9129591609624614,6316200
2006-11-08,2.9108269214630127,2.9118937770317164,2.853228927338477,2.9012270523324992,2344200
2006-11-09,2.7998974323272705,2.9342925334921475,2.7897644417091993,2.9118934516862023,2983800
2006-11-10,2.8798937797546387,2.8798937797546387,2.79989673031701,2.8372284222453144,2555400
2006-11-13,2.932694435119629,2.932694435119629,2.7998992268526384,2.8318981972254447,12105000
2006-11-14,2.9065582752227783,2.967889303199326,2.881492680771982,2.9332238466842826,5027400
2006-11-15,2.9065582752227783,2.9065582752227783,2.9065582752227783,2.9065582752227783,0
2006-11-16,2.927891969680786,2.9662908230353677,2.9065594429085375,2.9332250250827148,3592800
2006-11-17,2.932694435119629,2.93322755802147,2.8910958957008996,2.93322755802147,2167200
2006-11-20,2.932694435119629,2.932694435119629,2.932694435119629,2.932694435119629,0
2006-11-21,2.969492197036743,2.969492197036743,2.895895013238751,2.8964281359897135,11323800
2006-11-22,3.093217611312866,3.093217611312866,2.965222513457691,2.965222513457691,3777600
2006-11-23,3.093217611312866,3.11988348557265,3.055885936645062,3.0729519496924187,10668600
2006-11-24,3.0132224559783936,3.0697538879126314,3.0132224559783936,3.038821491326684,1399200
2006-11-27,2.904961347579956,3.0265569815542412,2.90016141150929,3.013757457197197,12216600
2006-11-28,2.997223138809204,2.999889972149314,2.90922648835866,2.9220260066999133,2005800
2006-11-29,3.066554546356201,3.0740207042879724,3.013223059450696,3.0180229939765204,2683800
2006-11-30,3.1545519828796387,3.1545519828796387,3.0217568134361668,3.066555297828012,4437000
2006-12-01,3.2638819217681885,3.3065470050377406,3.1198871894422644,3.139086629495936,7728000
2006-12-04,3.3886752128601074,3.3961413684772253,3.242547173243625,3.2500133288607427,4030800
2006-12-05,3.32787823677063,3.394542364993729,3.32787823677063,3.375343237661863,3276600
2006-12-06,3.266547441482544,3.359877473009926,3.253214492645874,3.322545460398973,2332800
2006-12-07,3.275614023208618,3.317212548479594,3.2116164093935375,3.295880315705928,2376000
2006-12-08,3.3614771366119385,3.3865427485006334,3.2585475502431254,3.3332112633110262,2323200
2006-12-11,3.46600604057312,3.466539468281235,3.3620099145059554,3.381209039693799,3875400
2006-12-12,3.333209276199341,3.4665377571065137,3.317743237108971,3.4020067686854687,4966800
2006-12-13,3.4292078018188477,3.482539286809891,3.3060122332267876,3.3705432598780867,6619200
2006-12-14,3.423339605331421,3.4638715502771285,3.3764080562789793,3.413206619094994,10996200
2006-12-15,3.391876697540283,3.4932060181539577,3.3865433344832394,3.397209450267973,1473600
2006-12-18,3.32787823677063,3.466539855399792,3.32787823677063,3.439874265143478,1574400
2006-12-19,3.333209276199341,3.3545417965247557,3.2654786386028154,3.3545417965247557,6352200
2006-12-20,3.346545457839966,3.4132096102929195,3.311880269456683,3.3396121149985714,2125200
2006-12-21,3.3636085987091064,3.4132066757259776,3.307610612314846,3.3465425805887006,2225400
2006-12-22,3.306544303894043,3.3833413910430536,3.3065443038940434,3.360942316915717,3963600
2006-12-26,3.32787823677063,3.365210246228246,3.2958795894959785,3.3065457035326533,5583600
2006-12-27,3.391876697540283,3.396142899722435,3.3278787821731752,3.359877739856729,1665000
2006-12-28,3.413208484649658,3.428141411001366,3.376409901720671,3.377476757291962,3455400
2007-01-02,3.5054707527160645,3.524670179241106,3.38760827621506,3.38760827621506,3913200
2007-01-03,3.442540407180786,3.551869894770747,3.442540407180786,3.492671930953245,1644000
2007-01-04,3.56787109375,3.5678710937500004,3.448941975914396,3.466541438308814,3490200
2007-01-05,3.413208484649658,3.5646699334861345,3.360410424962309,3.5305375739914644,9925200
2007-01-08,3.4932050704956055,3.509204544996946,3.4132080031534984,3.4244075437550583,4196400
2007-01-09,3.4558746814727783,3.51987229859613,3.4132092982258344,3.4884064602001836,3027000
2007-01-10,3.445206642150879,3.4665391711782654,3.365209582007038,3.365209582007038,5376600
2007-01-11,3.4969398975372314,3.525205474563238,3.3972099308856287,3.4612075501420736,2050800
2007-01-12,3.5092058181762695,3.573203434236091,3.4777402854679362,3.4932063378701383,3254400
2007-01-15,3.5625362396240234,3.5732023531579244,3.5268039048245394,3.5268039048245394,5349600
2007-01-16,3.541736364364624,3.5598692432518453,3.5225372404617183,3.5252037684946456,3376800
2007-01-17,3.584935426712036,3.625467391717825,3.4942722383717277,3.5289374135323404,9801000
2007-01-18,3.637735366821289,3.6905334511136796,3.600936766743364,3.600936766743364,10674000
2007-01-19,3.685199737548828,3.690532796285788,3.632401662624638,3.6526676520227563,2464800
2007-01-22,3.6798644065856934,3.720929482800112,3.6158668257649365,3.6830643619178653,2965800
2007-01-23,3.626532793045044,3.690530371331549,3.6265327930450444,3.6798642608660606,2810400
2007-01-24,3.690532922744751,3.7059989767107266,3.6425347821379668,3.663333895023644,14171400
2007-01-26,3.6665313243865967,3.689996950552694,3.6505318534943108,3.6798642676575892,3031800
2007-01-29,3.6531982421875,3.6665311849514515,3.6345322443837733,3.6563981972771704,11473200
2007-01-30,3.717198133468628,3.7331976137179734,3.643067828814891,3.655867351981427,4035600
2007-01-31,3.7065303325653076,3.733195917421389,3.658532218791448,3.6798647477092263,11318400
2007-02-01,3.685199737548828,3.732131325796472,3.6851997375488277,3.706532277661393,6962400
2007-02-02,3.6692001819610596,3.729997843761014,3.6478676422799596,3.7278647423752633,2294400
2007-02-05,3.693197011947632,3.7278624823501683,3.659598091591372,3.67239791280483,2873400
2007-02-06,3.6846652030944824,3.7171969709921644,3.669198850419251,3.7065308576046765,11853000
2007-02-07,3.6531982421875,3.7043963029641747,3.6531982421875,3.6798641277154034,6449400
2007-02-08,3.6158664226531982,3.6425320020645904,3.493204024965988,3.6425320020645904,11556000
2007-02-09,3.546003818511963,3.6739990293080047,3.520404776352754,3.6739990293080047,3204000
2007-02-12,3.5198700428009033,3.5998670892281965,3.5198700428009033,3.5716012260944683,6255000
2007-02-13,3.5732028484344482,3.5972019123768146,3.525738148366194,3.5332043068089534,5869800
2007-02-14,3.7011985778808594,3.7251979503487185,3.5732033488208637,3.5732033488208637,1956600
2007-02-15,3.6435983180999756,3.7065293378091733,3.5742676940152496,3.701195978137669,2247600
2007-02-16,3.5737366676330566,3.666533282160353,3.5678701816679452,3.635067751164587,1461600
2007-02-21,3.664398670196533,3.724663488479835,3.573735491833354,3.573735491833354,2648400
2007-02-22,3.730529308319092,3.7305293083190922,3.6531987782372517,3.6531987782372517,2562600
2007-02-23,3.6371994018554688,3.733195935020296,3.6371994018554688,3.7075969001982845,7005600
2007-02-26,3.7011985778808594,3.7214648706045637,3.642534326768551,3.6532004432745353,5367600
2007-02-27,3.6105363368988037,3.8659937409214415,3.5198731015822937,3.658001361530218,1800600
2007-02-28,3.658533811569214,3.705998518347632,3.631868215104009,3.705998518347632,19164600
2007-03-01,3.6798644065856934,3.7171960998577322,3.4185407226942,3.627066364263002,2815800
2007-03-02,3.4932050704956055,3.6473327210238415,3.4932050704956055,3.5812017225060853,2607600
2007-03-05,3.4238741397857666,3.554535842950423,3.413207722606729,3.413207722606729,7088400
2007-03-06,3.56787109375,3.5678710937500004,3.466008010297553,3.5252060077921077,4300200
2007-03-07,3.5305371284484863,3.6014680619208765,3.5038715406594227,3.5742690464134848,8798400
2007-03-08,3.5518691539764404,3.626532843772826,3.521470189428434,3.584400913417043,5713200
2007-03-09,3.642535448074341,3.666534522765297,3.573204448784033,3.583870873738231,1911000
2007-03-12,3.597200632095337,3.6691981034624335,3.5598689376743176,3.6691981034624335,9905400
2007-03-13,3.4718739986419678,3.5726702027217105,3.4692071643682207,3.5726702027217105,3348000
2007-03-14,3.5198700428009033,3.626532669649123,3.4238735260552486,3.424406648461668,9237600
2007-03-15,3.5198700428009033,3.566801293449606,3.4452060514248926,3.541202263006033,3010200
2007-03-16,3.4612066745758057,3.5513370518302363,3.4473406035357286,3.5513370518302363,1663200
2007-03-19,3.599867105484009,3.599867105484009,3.4617386597817434,3.54866904436567,2293200
2007-03-20,3.6339995861053467,3.652132465342403,3.5625358400162668,3.5758687856027063,1992000
2007-03-21,3.685199737548828,3.70493229900736,3.578537036986001,3.627068603887678,6308400
2007-03-22,3.7038660049438477,3.733198135194356,3.6532010279378375,3.6985329458373455,3484800
2007-03-23,3.693197011947632,3.7065299556019613,3.6350659147043345,3.679864373457836,1575000
2007-03-26,3.685199737548828,3.695866160187473,3.631868539849777,3.6937327535938542,1562400
2007-03-27,3.5892038345336914,3.6788005199830316,3.589203834533691,3.6638678916572,1183200
2007-03-28,3.482538938522339,3.5860016367568535,3.4665394641086658,3.5860016367568535,3004800
2007-03-29,3.492140054702759,3.5518714727650114,3.4457418939423476,3.515072573692935,4734600
2007-03-30,3.5566680431365967,3.581200214522021,3.4932035995654576,3.4932035995654576,3153600
2007-04-02,3.474538564682007,3.556669025809173,3.439873397640409,3.556669025809173,2770200
2007-04-03,3.6531982421875,3.6846640603499092,3.4985375098824236,3.4985375098824236,5965200
2007-04-04,3.6345324516296387,3.7065299194300496,3.5998672867299324,3.626532868613829,1456800
2007-04-05,3.7065303325653076,3.7225298055447826,3.600400810471508,3.6345328567399533,1635600
2007-04-09,3.7395968437194824,3.79666172203052,3.7065316410972073,3.7118650040829344,3425400
2007-04-10,3.6825289726257324,3.7385269404504977,3.6809289958119535,3.7331935826831097,2335200
2007-04-11,3.6195995807647705,3.723062869959467,3.5838678653326927,3.703863443224398,2165400
2007-04-12,3.608933687210083,3.641466059613291,3.5844012035800223,3.621199776442837,2668200
2007-04-13,3.623868227005005,3.6324012420620715,3.583869680779421,3.626534756064752,1775400
2007-04-16,3.7278618812561035,3.7379948679731885,3.627065746769129,3.711862717648112,2864400
2007-04-17,3.733196496963501,3.778528394970106,3.7065309079678483,3.7326633743856474,5914800
2007-04-18,3.7545316219329834,3.8345287493275966,3.6798678601522146,3.7076000186189844,3797400
2007-04-19,3.7998621463775635,3.8238612146901643,3.6958659802464884,3.717198214155724,2949000
2007-04-20,3.8665263652801514,3.8873254768301684,3.825994387697904,3.8398607672292977,6937200
2007-04-23,3.892658233642578,3.9027909212935707,3.8398601685318514,3.8931913563183485,1750800
2007-04-24,3.813194751739502,3.8878587902811725,3.790262539499688,3.8878587902811725,2963400
2007-04-25,3.909191131591797,3.9459897210952635,3.8238609805215282,3.8451935182890953,3509400
2007-04-26,3.842527151107788,3.935857198501025,3.8190615111571513,3.935857198501025,1849200
2007-04-27,3.807861804962158,3.8105283342504395,3.7369311493667765,3.8105283342504395,4056000
2007-04-30,3.711864948272705,3.802528150526141,3.711864948272705,3.802528150526141,1571400
2007-05-02,3.7561285495758057,3.7971936309681764,3.7203965242998156,3.7438624594752135,9720000
2007-05-03,3.855860471725464,3.8611932254472197,3.7865294855421667,3.7865294855421667,3256800
2007-05-04,3.9193227291107178,3.934788775337598,3.8291926747103933,3.8755908133910335,3066000
2007-05-07,3.9225244522094727,3.922524452209473,3.872926335366061,3.9193244949512605,9777600
2007-05-08,4.095849990844727,4.0974499688433115,3.8510588500240615,3.903323475597896,22330800
2007-05-09,4.197713851928711,4.228112831815322,4.026520126800672,4.098517630436148,7504800
2007-05-10,4.100649833679199,4.18118002937998,4.096383327181847,4.18118002937998,4986000
2007-05-11,4.149180889129639,4.1859794651415845,4.107049256922241,4.107049256922241,1734600
2007-05-14,4.159849166870117,4.182781379798214,4.078785211659404,4.159849166870117,1968000
2007-05-15,4.271841049194336,4.298506621175289,4.186510669559334,4.1929105777268365,5271600
2007-05-16,4.3166422843933105,4.346507831896877,4.196646666594029,4.266510753364022,5345400
2007-05-17,4.290510177612305,4.345441647843957,4.256378120444933,4.316642648317822,3061800
2007-05-18,4.36784029006958,4.36784029006958,4.239845088702892,4.2718440416268795,3756000
2007-05-21,4.434503078460693,4.570498129520449,4.346506442273842,4.372638902421383,6192000
2007-05-22,4.327307224273682,4.4745018210296665,4.314507707389011,4.460635754029079,6262800
2007-05-23,4.261178493499756,4.4046403934880285,4.197180875148336,4.372108003806931,8832600
2007-05-24,4.133183002471924,4.261711659189105,4.106517406090812,4.261178231298898,5885400
2007-05-25,4.239845275878906,4.257977853915193,4.124116161764042,4.155048260502056,3391200
2007-05-28,4.303844451904297,4.319843934918428,4.229180401281525,4.282511909607042,2030400
2007-05-29,4.228644847869873,4.340640554265278,4.176913348096987,4.314508090535032,5325600
2007-05-30,4.213179111480713,4.247844592284534,4.102249939106034,4.1870469491011075,7008000
2007-05-31,4.22384786605835,4.26651295594639,4.211581461987541,4.260646467941185,4275600
2007-06-01,4.319306373596191,4.334772413815996,4.246242676873824,4.250508876086012,5103600
2007-06-04,4.351840972900391,4.367840143661468,4.27184389843652,4.316642064830931,4012400
2007-06-05,4.447837829589844,4.447837829589844,4.366241070964085,4.396639743720872,6195800
2007-06-06,4.3838396072387695,4.428638078671613,4.303842533000235,4.415838559000031,5547200
2007-06-08,4.455837726593018,4.463837313082915,4.271844490843398,4.294243577146842,7034400
2007-06-11,4.452636241912842,4.503834310273656,4.406238106897563,4.471835670130426,4323400
2007-06-12,4.303844451904297,4.430240032034697,4.30064449426852,4.430240032034697,4334400
2007-06-13,4.3598408699035645,4.415838887063694,4.305442830966825,4.35184128395125,9206200
2007-06-14,4.47663688659668,4.479836843295697,4.372640735195962,4.372640735195962,4420200
2007-06-15,4.583830833435059,4.611029842223125,4.511833672641606,4.511833672641606,4886000
2007-06-18,4.543833255767822,4.639829795324698,4.513434285455817,4.623830321204455,5088000
2007-06-19,4.511833190917969,4.556631338140305,4.481434230185319,4.556631338140305,4816200
2007-06-20,4.471835136413574,4.5598317677606905,4.46383524845914,4.5598317677606905,3718600
2007-06-21,4.543833255767822,4.559832729888066,4.3998385990148,4.481435642379917,3819400
2007-06-22,4.527832508087158,4.567831029554941,4.47983440439162,4.50543343371784,5120000
2007-06-25,4.4638352394104,4.543832287805442,4.4558356566367054,4.495834180834226,2813200
2007-06-26,4.4702372550964355,4.526235276379104,4.463837341731712,4.471837233437617,1594200
2007-06-27,4.431838035583496,4.470236594604328,4.353440634272434,4.462236704080434,3822800
2007-06-28,4.4638352394104,4.542232310217798,4.4478357686984875,4.465435216998044,2175400
2007-06-29,4.462235927581787,4.50863436905246,4.414237813449323,4.486235289812586,3763400
2007-07-02,4.511833190917969,4.5278323548319515,4.457435179149854,4.479834252761023,2028000
2007-07-03,4.595032691955566,4.639831171748978,4.510235972742789,4.516635581190603,2668200
2007-07-04,4.590232849121094,4.631831370179874,4.580632979147378,4.625431456864063,2117600
2007-07-05,4.70382833480835,4.715027877400676,4.4958360448132,4.588632647218449,2652000
2007-07-06,4.7694244384765625,4.815822877875292,4.679827820353477,4.715026415467837,6768400
2007-07-10,4.68782901763916,4.799825057718454,4.671829844911826,4.799825057718454,6662800
2007-07-11,4.694227695465088,4.766225174448894,4.6462295795856035,4.673428288129954,2783400
2007-07-12,4.815821647644043,4.847820279074335,4.6974260705065625,4.751824079618983,5023200
2007-07-13,4.766224384307861,4.851021061981728,4.726225859317689,4.833421613333404,4393800
2007-07-16,4.831823825836182,4.878221974239751,4.750226766404409,4.751826744647931,3159400
2007-07-17,4.943821430206299,4.959820913540996,4.803026648223437,4.803026648223437,4429400
2007-07-18,4.902219772338867,5.047814398111481,4.847821746757388,4.902219772338867,2761000
2007-07-19,4.847825527191162,5.071817715513103,4.835025999729749,5.027019216815754,8012400
2007-07-20,4.782225131988525,4.847822710256951,4.643030389873429,4.847822710256951,4436600
2007-07-23,4.862224102020264,4.886223478430804,4.719829348152452,4.8158259383003665,3800800
2007-07-24,4.617429733276367,4.855820900990628,4.561431738339502,4.799822906053763,4629200
2007-07-25,4.623831748962402,4.755026927962911,4.484636983013934,4.748627319437479,4103000
2007-07-26,4.5598320960998535,4.5854311290683025,4.326240843971614,4.543832624203436,4440400
2007-07-27,4.48783540725708,4.7038275525889635,4.449436851112572,4.479835822497032,5884000
2007-07-30,4.670228004455566,4.687827148471295,4.535832932013354,4.582231063718776,2353000
2007-07-31,4.735826015472412,4.895820135554827,4.7198265424312575,4.823822659451914,4192200
2007-08-01,4.76782751083374,4.799826476073463,4.623832777584487,4.663831331551766,4981200
2007-08-02,4.796624660491943,4.8430231116001226,4.743826601913626,4.80142459496802,2318600
2007-08-03,4.665428638458252,4.799823727233969,4.615830545389581,4.7966237715096485,2683600
2007-08-06,4.663827419281006,4.780623025651447,4.511833224805149,4.6414283455016045,5135400
2007-08-07,4.641429424285889,4.759825035610745,4.56143236486386,4.703827032982412,2866800
2007-08-08,4.76782751083374,4.859024470217525,4.671831225444071,4.719829368138906,2863200
2007-08-09,4.711828231811523,4.783825422206301,4.611031738028326,4.721427796164564,3519800
2007-08-10,4.70382833480835,4.70382833480835,4.523035064750841,4.591832603720442,6448400
2007-08-13,4.639830112457275,4.831823204693764,4.569432604615281,4.783824779052338,2919800
2007-08-14,4.479833126068115,4.694225164371671,4.399836105959756,4.655826631339388,7452600
2007-08-15,4.273445129394531,4.532635879425727,4.118250858213124,4.399840699607791,10165800
2007-08-16,4.079853057861328,4.111852027439882,3.8014631211211536,4.014255444873604,11375400
2007-08-17,4.031855583190918,4.335844624385627,3.953458125123983,4.319845136919623,8411600
2007-08-20,4.17584753036499,4.2382451535184185,4.0798509757842,4.151848468010951,4434200
2007-08-21,4.161447048187256,4.30064176003496,4.119848540863643,4.238244151631822,3322000
2007-08-22,4.351840972900391,4.3582405801718975,4.233445034148996,4.23664499036706,3500200
2007-08-23,4.351840972900391,4.435037698417704,4.302242567014264,4.3838396195871665,3919400
2007-08-24,4.511833190917969,4.627028818986893,4.321440149729568,4.366238602116395,3250800
2007-08-27,4.523031711578369,4.620627871218551,4.463833780836784,4.4958327118048445,2404800
2007-08-28,4.407837390899658,4.495834330155582,4.353439371771132,4.479834858912275,2226800
2007-08-29,4.3838396072387695,4.4638366814773045,4.353440633582033,4.452637139910249,3366600
2007-08-30,4.479833126068115,4.49583259112267,4.367837175850647,4.398236128937859,3023600
2007-08-31,4.511833190917969,4.6238288641383,4.511833190917969,4.559831292988898,4362400
2007-09-03,4.5678324699401855,4.588631878554279,4.489435379761935,4.531033891825524,1336400
2007-09-04,4.459036350250244,4.588631504665737,4.438236943330917,4.574232009156841,1341200
2007-09-05,4.374242305755615,4.4606390319245355,4.337443705816348,4.39984135833639,3267000
2007-09-06,4.321440696716309,4.476634864542886,4.321440696716309,4.414237262919798,3276400
2007-09-10,4.190248966217041,4.286245565182893,4.1198514196201135,4.247846681464731,3800400
2007-09-11,4.239845275878906,4.315042421855977,4.143848718033625,4.239845275878906,4612400
2007-09-12,4.239845275878906,4.3534409839611605,4.191847149538588,4.235045341179017,4625800
2007-09-13,4.419035911560059,4.419035911560059,4.2318428559274635,4.2654414608326885,6490400
2007-09-14,4.4734392166137695,4.507038168799102,4.371042991220038,4.39984200590323,3943600
2007-09-17,4.335842609405518,4.5166359098068884,4.335842609405518,4.439838771857529,3531000
2007-09-18,4.495837211608887,4.503836799775337,4.273445059637777,4.401440606454078,6871000
2007-09-19,4.511833190917969,4.627028818986893,4.511833190917969,4.543831823910425,6911000
2007-09-20,4.431838035583496,4.543833756436434,4.404639018131497,4.543833756436434,4904000
2007-09-21,4.483037948608398,4.529436111973301,4.4590388775462255,4.511836955948905,2773000
2007-09-24,4.534233570098877,4.543833132244226,4.463836068982304,4.513434162758614,1875800
2007-09-25,4.591833591461182,4.604633115057785,4.455838462519319,4.491037076118801,3850200
2007-09-26,4.735826015472412,4.735826015472412,4.60783053630774,4.623830009348895,3898400
2007-09-27,4.927819728851318,4.927819728851318,4.735826930745529,4.7550260579737955,4046600
2007-09-28,4.942220211029053,4.959819668796837,4.751827353138974,4.783826006613045,5473200
2007-10-01,5.025418758392334,5.108615831538244,4.916622632765341,4.991820116447704,4839000
2007-10-02,5.111814022064209,5.129413478997023,4.959819433488217,5.015817455866986,6164200
2007-10-03,4.831823825836182,5.119813196048025,4.751826744647931,5.119813196048025,6194200
2007-10-04,4.782225131988525,4.87982166289919,4.751826462659489,4.782225131988525,12276600
2007-10-05,4.935818672180176,5.023815316277428,4.847821722918357,4.855821612031922,5757200
2007-10-08,4.847825527191162,4.983820697196682,4.790227806197206,4.974221127891823,5088200
2007-10-09,4.831823825836182,4.943819556400944,4.759826330700898,4.895821429753853,5105000
2007-10-10,4.796624660491943,4.875021759280073,4.753426165701148,4.870222129968627,5753000
2007-10-11,4.700628280639648,4.895821350900525,4.6558301112011335,4.862222418656996,2200600
2007-10-15,4.700628280639648,4.812624314565221,4.569433118430324,4.796624837552334,5523200
2007-10-16,4.591833591461182,4.655831209444202,4.575834110674249,4.607832767083401,5568800
2007-10-17,4.622230052947998,4.702227113359917,4.523033868929376,4.644629437375241,6058800
2007-10-18,4.679828643798828,4.679828643798828,4.487835551730982,4.575832512747331,6180600
2007-10-19,4.543833255767822,4.703827386641088,4.510234634763438,4.699027758020225,4034800
2007-10-22,4.663827419281006,4.700625984822735,4.479834286407867,4.48143426384418,2628000
2007-10-23,4.8398237228393555,4.8558232011378735,4.623831528721029,4.718228115001152,2635800
2007-10-24,4.751824378967285,4.8446209347405995,4.751824378967285,4.831821420329263,3801400
2007-10-25,4.719829082489014,4.828625191521898,4.692630055230794,4.807825773825459,6703800
2007-10-26,4.879821300506592,4.879821300506592,4.767825279740598,4.769425257770353,3476600
2007-10-29,4.895823001861572,4.975820108737857,4.84942453339425,4.895823001861572,3403600
2007-10-30,4.975817680358887,5.046215185499618,4.81742352266569,4.8638216633242966,3423400
2007-10-31,5.007816314697266,5.119812331514995,4.9998167299951115,4.9998167299951115,4861400
2007-11-01,4.927819728851318,4.966218593637102,4.879821605616027,4.931019685110905,3979600
2007-11-05,4.711828231811523,4.895821458595487,4.711828231811523,4.878222002977705,2926200
2007-11-06,4.923016548156738,4.924616525132306,4.775822023212953,4.831819996700207,2970000
2007-11-07,4.863821506500244,4.916619557362277,4.791824330869065,4.8334225362570775,4148000
2007-11-08,4.615832328796387,4.910221655555654,4.559834302643268,4.8478237154811765,4776000
2007-11-09,4.7022294998168945,4.796626103423916,4.479837656656991,4.719828959692187,4180600
2007-11-12,4.495837211608887,4.707029512916347,4.481437708777493,4.662231025755932,6208000
2007-11-13,4.5598320960998535,4.620629723108785,4.527833152307019,4.567831679465789,7098800
2007-11-14,4.623831748962402,4.679829773092168,4.575833616945278,4.627031705807459,3916400
2007-11-16,4.521435737609863,4.622231940620618,4.479837212587502,4.622231940620618,7123800
2007-11-19,4.299042701721191,4.556633061146085,4.299042701721191,4.531034023006526,4916200
2007-11-21,3.9870545864105225,4.239845353788295,3.931056567874728,4.239845353788295,14963600
2007-11-22,4.143847465515137,4.143847465515137,3.983853352521004,4.047850936685746,5537600
2007-11-23,4.14544677734375,4.2366433582743355,4.102248300535208,4.2366433582743355,4663200
2007-11-26,4.063851833343506,4.342241650905439,4.049452333714038,4.142248939568017,4979000
2007-11-27,4.271841049194336,4.332638650963522,4.031849985872506,4.079848076471105,4747600
2007-11-28,4.556634902954102,4.588633866144948,4.295844482058197,4.319843551868967,7161400
2007-11-29,4.60783052444458,4.630229908710355,4.451036360406986,4.5230338363245375,9468000
2007-11-30,5.087812423706055,5.087812423706055,4.647828634370437,4.809422717255263,13416600
2007-12-03,4.943821430206299,4.991819880210392,4.8814237808822165,4.961420892390943,9726800
2007-12-04,4.799825191497803,4.871822691436137,4.695829040048284,4.756626691534802,9758000
2007-12-05,4.799825191497803,4.871822691436137,4.671829975123728,4.831824148173655,6013200
2007-12-06,5.031815528869629,5.038215135407324,4.767824969277665,4.836622494254257,8180600
2007-12-07,5.007816314697266,5.039815263835073,4.881421106448579,5.039815263835073,8212600
2007-12-10,4.975817680358887,5.038215295617378,4.838222626030321,4.935819146441475,4395600
2007-12-11,4.951818943023682,5.071814552578395,4.895820930865225,5.007816650017522,6535800
2007-12-12,4.879821300506592,5.014216403359941,4.8238232901235945,4.931019376800323,8741200
2007-12-13,4.735826015472412,4.767824656390156,4.647829066328344,4.767824656390156,5495000
2007-12-14,5.039816379547119,5.183811377380196,4.703828559877713,4.719828037988572,30943600
2007-12-17,4.8334221839904785,4.959817684361256,4.799823565510893,4.825422600113786,14772000
2007-12-18,4.88941764831543,4.903817135949739,4.6894251035771495,4.847819162390139,8688000
2007-12-19,4.9598164558410645,4.9950150434103975,4.85582036538052,4.860619992451868,6668600
2007-12-20,4.975817680358887,4.999816739676414,4.927819256559236,4.975817680358887,7973200
2007-12-21,4.975817680358887,5.00301669562931,4.951818621041359,4.983817265076531,3870800
2007-12-26,5.007816314697266,5.06221434513278,4.935819136884094,5.043015219781773,4749200
2007-12-27,5.004617214202881,5.007816865336807,4.942219287039591,4.991817694173293,3954800
2007-12-28,4.863821506500244,4.990217016082903,4.801423893253638,4.9742175419988905,5435600
2008-01-02,4.76782751083374,4.931021684259778,4.679830814171627,4.815825958693325,9456600
2008-01-03,4.69582986831665,4.774226990319337,4.615832767681494,4.721428916106722,10427400
2008-01-04,4.641429424285889,4.758225057802557,4.56143236486386,4.695827449106034,8461600
2008-01-07,4.751824378967285,4.836621047505705,4.587030363902392,4.639828398994718,5468400
2008-01-08,4.84942102432251,4.900619086849731,4.735825361235804,4.79982293939483,6253200
2008-01-09,4.935818672180176,4.939018627825602,4.735826021809541,4.783824135832667,6715600
2008-01-10,5.078213691711426,5.078213691711426,4.803023895687577,4.897420457583901,5383200
2008-01-11,4.819024562835693,4.953419385669632,4.811024671190143,4.9278203427332,3804200
2008-01-14,4.799825191497803,4.867022756385358,4.7454271482476535,4.844623669811062,4315400
2008-01-15,4.689426898956299,4.788623373396872,4.671827755793173,4.735825333578452,5678800
2008-01-16,4.68782901763916,4.734227473009475,4.5598338048325315,4.639830889127839,10227600
2008-01-17,4.6382293701171875,4.7070268885846644,4.575831762746478,4.663828404175147,6493200
2008-01-18,4.5678324699401855,4.665428990749552,4.49583529169384,4.655829428016292,5692000
2008-01-21,4.3342413902282715,4.383839489477738,4.247844405892478,4.319841892838973,6096800
2008-01-22,4.591833591461182,4.6638307972553115,4.27984478419248,4.2878443720035895,6408600
2008-01-23,4.3838396072387695,4.479836157357935,4.2238454587617005,4.479836157357935,8964200
2008-01-24,4.711828231811523,4.791825313471042,4.467037052074122,4.559833654592578,6817000
2008-01-28,4.6558308601379395,4.681429905410565,4.521435719874311,4.537435199460874,6989200
2008-01-29,4.751824378967285,4.799822481718674,4.655827868300013,4.671827337605307,6249400
2008-01-30,4.863821506500244,4.863821506500244,4.551833135102625,4.6910278577549915,8044800
2008-01-31,4.679828643798828,4.751826129615422,4.59983157296466,4.743826239433241,7600000
2008-02-01,4.639830112457275,4.799824254266147,4.564632975666364,4.737426636613361,7987800
2008-02-06,4.535834789276123,4.580632961657092,4.47983676863525,4.47983676863525,7758000
2008-02-07,4.479833126068115,4.526231544209882,4.447834195959006,4.487832706013186,6441400
2008-02-08,4.479833126068115,4.534231124154952,4.467033615057354,4.527831216067365,6289200
2008-02-11,4.519833564758301,4.559832091880056,4.479835037636546,4.507034048285921,4273200
2008-02-12,4.599833965301514,4.785427241749193,4.5438359255605425,4.5438359255605425,5156000
2008-02-13,4.601433277130127,4.713429035212005,4.601433277130127,4.625432346350192,7174800
2008-02-14,4.519833564758301,4.735825672248686,4.50383409287669,4.671828089886787,5947400
2008-02-15,4.5678324699401855,4.655829428016292,4.49583529169384,4.527833935859572,2793000
2008-02-18,4.735826015472412,4.764625005913578,4.60783053630774,4.639829482390049,3168400
2008-02-19,4.807821750640869,4.846220596538339,4.753423741644673,4.753423741644673,8785400
2008-02-20,4.942220211029053,4.955019733451618,4.673429934990486,4.735827873819595,6869000
2008-02-21,5.071811199188232,5.087810359085479,4.9310162728429185,4.98861422499913,7544400
2008-02-22,4.9838175773620605,5.067014606362897,4.8990208754491364,5.04301554554159,5823000
2008-02-25,4.799825191497803,4.980618472771766,4.799825191497803,4.980618472771766,8682200
2008-02-26,4.561434268951416,4.654230884410642,4.481437176136059,4.481437176136059,29710000
2008-02-27,4.519833564758301,4.636629190714334,4.500634137467459,4.551832508521523,17557400
2008-02-28,4.495837211608887,4.543835350937045,4.484637666109965,4.527835869439416,6870400
2008-02-29,4.523031711578369,4.523031711578369,4.399836224065085,4.481433223385659,11632800
2008-03-03,4.447837829589844,4.5470343498344725,4.436638286451589,4.484636720827247,11395800
2008-03-04,4.351840972900391,4.487835755357273,4.345441060464263,4.471836584596196,12025800
2008-03-05,4.438238620758057,4.487836732276151,4.36784109445952,4.415839532684985,8897400
2008-03-06,4.351840972900391,4.462236715942004,4.327841606429533,4.447837218125338,6481400
2008-03-07,4.287845134735107,4.345443153747847,4.193448516981904,4.31824412312125,17812400
2008-03-10,4.239845275878906,4.340641463259433,4.212646256242154,4.270244251982252,5569000
2008-03-11,4.254242420196533,4.374237974797419,4.167845474404948,4.343839015519141,11950000
2008-03-12,4.123049259185791,4.305442489898606,4.110249739577253,4.303842511801962,7842600
2008-03-13,4.127846717834473,4.169445210980334,3.9934516800292146,4.0686490852086195,9818800
2008-03-14,4.239845275878906,4.350241332659213,4.111850068861628,4.220645842243992,10981400
2008-03-17,4.031855583190918,4.212648967611691,4.031855583190918,4.1278518976572585,5164000
2008-03-18,4.119849681854248,4.159848222454775,4.06545164222436,4.131049224396052,6168800
2008-03-19,4.039853572845459,4.183848292626808,4.007854610598617,4.142249763771802,7914000
2008-03-20,3.983853340148926,4.044651273790035,3.9198557561829315,3.9998528124315627,5309600
2008-03-24,4.079853057861328,4.188649188230664,4.030254929662881,4.043054456461344,3643600
2008-03-25,4.159849166870117,4.22224680672046,4.123050574402721,4.174248669168614,4550000
2008-03-26,4.079853057861328,4.159850176642923,3.9214587992935455,4.159850176642923,13524800
2008-03-27,3.943854570388794,4.123048099679132,3.935854987319878,4.089449179427711,6638000
2008-03-28,3.7470648288726807,3.9886561495729738,3.7470648288726807,3.9838562128776194,16970400
2008-03-31,3.6974658966064453,3.7678631217835585,3.64946745562419,3.7486639895224205,11880600
2008-04-01,3.9454550743103027,3.996653145175435,3.7902608838547978,3.8318593927238616,16713000
2008-04-02,4.039853572845459,4.075052187185209,3.921457900795695,4.015854503742688,10365000
2008-04-03,3.983853340148926,4.067050351886995,3.9374552062102866,3.9886532733830826,7255000
2008-04-04,3.9454550743103027,4.038251654044498,3.926255950318165,4.025452136328216,6507800
2008-04-07,3.991854190826416,4.062251397570998,3.9790546709487993,3.9998537763131927,5289000
2008-04-08,4.015854835510254,4.025454402911481,3.939057685970944,3.98225589185884,4727200
2008-04-09,3.8958590030670166,3.998255197935937,3.8958590030670166,3.98705565226774,5864800
2008-04-10,3.769460916519165,3.9086559180118354,3.747061840136367,3.9086559180118354,13181600
2008-04-11,3.7438642978668213,3.8126618541430446,3.7438642978668213,3.775863260607068,4904200
2008-04-14,3.6190671920776367,3.745462390406477,3.6078673471431824,3.745462390406477,9655800
2008-04-15,3.643066644668579,3.699064654757283,3.5998681535860415,3.64946625158936,8931200
2008-04-16,3.8958590030670166,3.8958590030670166,3.6990662016165357,3.7006658751422217,12339200
2008-04-17,4.055851459503174,4.055851459503174,3.806260689658785,3.8398593121611873,10282400
2008-04-18,4.063851833343506,4.215846416025811,4.02545326938648,4.105450353921449,14300000
2008-04-22,4.015854835510254,4.1438500847424375,3.956656842012403,4.09745192133255,6220800
2008-04-23,3.9278581142425537,4.031854604956873,3.9198585250328835,3.9838561542045485,7974200
2008-04-24,4.051052093505859,4.070251527031062,3.8734584777651504,3.931056473176114,4733600
2008-04-25,4.255845069885254,4.2718445482447,4.0798514182606835,4.0798514182606835,11555600
2008-04-28,4.279844284057617,4.38384043927281,4.275044348833035,4.291043827750298,8877200
2008-04-29,4.217446327209473,4.287843540761217,4.1598483296083595,4.239845412870059,5946600
2008-04-30,4.623831748962402,4.649430793393493,4.233445863641253,4.243045734176422,16782600
2008-05-02,4.868621349334717,4.959817953196184,4.724626695597421,4.8798208894349555,23120600
2008-05-05,4.799825191497803,4.875022342971988,4.655830496785802,4.873422364621728,11974000
2008-05-06,4.623831748962402,4.767826450178457,4.593432769263727,4.767826450178457,8815600
2008-05-07,4.478236198425293,4.702227946219201,4.393439189510156,4.623830849749565,11048200
2008-05-08,4.599833965301514,4.606233880775804,4.519836852861488,4.527836442039584,5471400
2008-05-09,4.5678324699401855,4.601431397253491,4.463836342363511,4.527833935859572,5501600
2008-05-12,4.6382293701171875,4.6382293701171875,4.494234727250022,4.583831346452882,4702600
2008-05-13,4.543833255767822,4.679828328043015,4.543833255767822,4.663828853922771,4702600
2008-05-14,4.628628253936768,4.670226746599665,4.599829274003649,4.639827789429768,15394600
2008-05-15,4.756694316864014,4.835703778780707,4.603512512454164,4.651885859527515,12500200
2008-05-16,4.821187973022461,4.86956128164358,4.7808770362788815,4.821187973022461,6541800
2008-05-19,4.861502647399902,4.9163255881241374,4.8131296091365305,4.837316128268217,7060200
2008-05-20,4.853438854217529,4.867950822055393,4.70831948338706,4.7405680616004044,4542800
2008-05-21,4.700257778167725,4.821190655689441,4.618023384547172,4.813128586873944,5255400
2008-05-23,4.5680365562438965,4.756691802756856,4.516438592675928,4.674457432989861,4835000
2008-05-26,4.571264266967773,4.627699689038646,4.564814363851876,4.574489218525722,2149000
2008-05-27,4.69219446182251,4.69219446182251,4.555137175561477,4.5696491416095935,5602800
2008-05-28,4.974371910095215,4.979209027865922,4.721219161822231,4.722831636928527,13014200
2008-05-29,5.000173091888428,5.13561798479882,4.821192274639341,4.917938670653666,13014200
2008-05-30,5.2468767166137695,5.2855749086242225,4.998560960009454,5.046934007570856,19028000
2008-06-02,5.106591701507568,5.217850021455976,4.982433888488923,5.135615637802647,19028000
2008-06-03,4.917937278747559,5.127554154494557,4.876013842088513,5.079181123952396,9355800
2008-06-04,4.87117862701416,4.995336517987992,4.81313102552575,4.837317551774952,6899200
2008-06-05,5.127553939819336,5.127553939819336,4.905037578073969,4.9340615182034115,5650000
2008-06-06,4.987270832061768,5.1211031750708305,4.905036456350443,5.119490700149258,5177600
2008-06-09,4.909873962402344,4.998557931720052,4.813127618343294,4.974371422592327,7249000
2008-06-10,4.885687828063965,4.885687828063965,4.7889417780414645,4.798616321534077,4903400
2008-06-11,4.788942813873291,4.871176912669729,4.7728183661991475,4.845377919410404,7799800
2008-06-12,4.774430274963379,4.91148729505333,4.753468403210835,4.788942245392611,6048600
2008-06-13,4.6438188552856445,4.837311435734204,4.6438188552856445,4.788938444396053,4728200
2008-06-16,4.740569591522217,4.784105509086134,4.614799573068589,4.676072106732117,4034200
2008-06-17,4.797000885009766,4.8663357369251505,4.730890981450447,4.8227998567622805,8191800
2008-06-18,4.595447540283203,4.756691313626473,4.595447540283203,4.750241415069659,7361600
2008-06-19,4.595447540283203,4.647045498545355,4.563198662595313,4.618021570135872,4347200
2008-06-20,4.419692516326904,4.621247265548482,4.419692516326904,4.563199399357263,3835000
2008-06-23,4.3600335121154785,4.530951893692876,4.3213347204864325,4.469679063237065,3655600
2008-06-24,4.348745822906494,4.432592685204688,4.277798761775579,4.353583248344224,3385800
2008-06-25,4.571264266967773,4.726058251169622,4.329398435991154,4.374546527609206,12254000
2008-06-26,4.395506858825684,4.579324727284386,4.361645494476439,4.49064074347843,4440800
2008-06-27,4.311657905578613,4.509987647371262,4.2552225306857,4.447102682302386,10507600
2008-06-30,4.216525554656982,4.3922813315216995,4.177827077303489,4.385831739070197,8867200
2008-07-01,3.9746599197387695,4.174602210490111,3.9504734093543963,4.174602210490111,18281800
2008-07-02,3.869852304458618,4.058507616602905,3.869852304458618,4.023034081196064,9560400
2008-07-03,3.808579921722412,3.992397814691283,3.808579921722412,3.871464925622659,7212800
2008-07-04,3.8376028537750244,3.9182247650522153,3.773105386262908,3.8214787175581337,4067600
2008-07-07,3.7198963165283203,3.9343506677473656,3.7198963165283203,3.918226218003046,4934200
2008-07-08,3.9101648330688477,3.9166147371177376,3.6973229202291256,3.732796469852962,8992800
2008-07-10,3.9021005630493164,3.9940094911481006,3.756980879158416,3.786004815936596,7653800
2008-07-11,3.8376028537750244,3.944023752057062,3.8150288170328297,3.8698517413051743,5261000
2008-07-14,3.894038677215576,4.006909488313855,3.8456656482010096,3.9424120137783607,7588200
2008-07-15,3.93435001373291,3.9682113833219717,3.7327951943045004,3.921450517591422,8987000
2008-07-16,4.0891432762146,4.171377659361609,3.9037126415928967,3.9037126415928967,9424200
2008-07-17,3.9682114124298096,4.224589169227202,3.9682114124298096,4.143967240864456,7733400
2008-07-18,4.023032188415527,4.150414606913893,3.966596807351253,4.013357340771536,6828400
2008-07-21,4.0343194007873535,4.137515320328178,4.0343194007873535,4.097204375814031,4758600
2008-07-22,3.869852304458618,3.9972350904368645,3.8569528090790186,3.9827231196912867,8642800
2008-07-23,3.9988486766815186,4.006911056371209,3.8795282252091483,3.903714749181542,9415400
2008-07-24,3.9875600337982178,4.03109594380286,3.9504740249268027,4.011746547951392,8281200
2008-07-25,3.9101648330688477,4.013360837464265,3.8892032600066613,3.9504758107293516,5310800
2008-07-28,3.7198963165283203,3.9553125446794706,3.7198963165283203,3.9553125446794706,6902400
2008-07-29,3.93435001373291,3.93435001373291,3.7521445922908567,3.773106158190182,4649800
2008-07-30,4.076243877410889,4.0794685200719725,3.9553110124971163,3.9585356551582005,6891800
2008-07-31,4.0472211837768555,4.184278534287591,3.9859483411728687,4.0617331566278905,5738400
2008-08-01,3.839215040206909,4.006908750676445,3.8376025651968373,4.006908750676445,9170600
2008-08-04,3.6408846378326416,3.861788757683676,3.6231477231411255,3.855338858687448,6924400
2008-08-05,3.7086105346679688,3.827931010616695,3.657012524262941,3.7747205239429604,5973800
2008-08-06,3.894038677215576,3.9182251917228594,3.7279577187302047,3.794067668572614,4988400
2008-08-07,3.8376028537750244,3.897263203441347,3.774717861394234,3.8698517413051743,4679400
2008-08-08,3.773106813430786,3.845666684045115,3.7295708910621888,3.7747192891720265,4526600
2008-08-11,3.6392734050750732,3.823091283526386,3.6328238114258737,3.7908427001839575,5828600
2008-08-12,3.515115261077881,3.6957084803526996,3.5070531928492272,3.684421461813309,8504600
2008-08-13,3.418370485305786,3.544140518785411,3.4119205822820597,3.5151165702752505,12833000
2008-08-14,3.515115261077881,3.515115261077881,3.450617792604085,3.469967186920318,4115200
2008-08-15,3.5941243171691895,3.6424973323672467,3.5473634692693543,3.579612351100146,7554400
2008-08-18,3.5973501205444336,3.686034420432487,3.523178098958142,3.597350120544434,5156600
2008-08-19,3.579612970352173,3.5925124638064,3.4699671222171493,3.5151151955328532,5616600
2008-08-20,3.6521756649017334,3.682812103687183,3.5973526934113282,3.626376655676655,4723000
2008-08-21,3.7569804191589355,3.756980419158936,3.608636110771004,3.6699089270334877,4953400
2008-08-22,3.7908411026000977,3.844051534861302,3.739243144958698,3.756979750680375,5807800
2008-08-25,3.6731338500976562,3.7714923583056588,3.6521719840111966,3.7714923583056588,3103400
2008-08-26,3.579612970352173,3.6763590174847853,3.5667134768979456,3.644110437623309,4963800
2008-08-27,3.773106813430786,3.7731068134307857,3.5780018619651695,3.6134754056275633,5376600
2008-08-28,3.9021005630493164,3.903712730605278,3.80696668474225,3.8214786531313405,16992000
2008-08-29,3.835991859436035,3.921450914696807,3.7811689183960078,3.9166137953715725,3317200
2008-09-01,3.7295684814453125,3.8359896587720077,3.7247313648950775,3.8359896587720077,2485200
2008-09-02,3.7634291648864746,3.8263141292264646,3.7053813162353775,3.789228140387396,5291000
2008-09-03,3.7247323989868164,3.818253804682151,3.668296999030555,3.7779428486488484,8528800
2008-09-04,3.611861228942871,3.768267919154893,3.5618757346974137,3.708607575018194,6194200
2008-09-05,3.62798810005188,3.661849174695817,3.5167297122034142,3.5264045685717065,6926400
2008-09-08,3.539302110671997,3.8247034495160235,3.531239734827244,3.8247034495160235,6917800
2008-09-09,3.465130567550659,3.63443680767195,3.4409440496899775,3.4893170854113404,6742200
2008-09-10,3.5860633850097656,3.603800307904106,3.4780299872454514,3.502216504570663,5133200
2008-09-11,3.6441104412078857,3.6441104412078857,3.3957948075345232,3.482866619097344,4849600
2008-09-12,3.619924783706665,3.7327953012926844,3.582838462132213,3.6747477207663697,3553600
2008-09-15,3.2990479469299316,3.498990526333082,3.2893734052001458,3.3780576782922815,5707600
2008-09-16,3.519953727722168,3.519953727722168,3.100719597313627,3.2119779555580035,7615200
2008-09-17,3.2087514400482178,3.450617131120417,3.2071389652019606,3.450617131120417,7137000
2008-09-18,3.3861210346221924,3.498991858795567,3.178116309157953,3.2893746578376217,9143200
2008-09-19,3.705385446548462,3.7118353513872857,3.5312420140292975,3.6618495115315732,8403600
2008-09-22,3.547365188598633,3.7811689263210364,3.5473651885986333,3.7166711313988015,4374800
2008-09-23,3.5941243171691895,3.6682963148126277,3.5167270622849154,3.5167270622849154,7071400
2008-09-24,3.579612970352173,3.6795839677353883,3.4989910593762064,3.627985993918479,4713000
2008-09-25,3.676361083984375,3.708609989521294,3.5796149824703307,3.619925960617301,4806000
2008-09-26,3.668295383453369,3.6908694104746287,3.5247885415929874,3.5457500941772926,5019600
2008-09-29,3.300662040710449,3.59573832235639,3.1926286311707726,3.5473652824334305,7267200
2008-09-30,3.668295383453369,3.668295383453369,3.34580787721571,3.34580787721571,6232400
2008-10-01,3.62798810005188,3.6715240310641093,3.4989930906249356,3.660237006182797,7918800
2008-10-02,3.273250102996826,3.587675740337869,3.234551615063016,3.587675740337869,11595200
2008-10-03,3.0636329650878906,3.434493674684506,3.0636329650878906,3.3667712494701076,7278600
2008-10-06,2.8427295684814453,2.8427295684814453,2.5347539252903664,2.7572705059240774,9397800
2008-10-07,2.6766483783721924,2.9023897411762434,2.631499982792069,2.794356332952752,7738000
2008-10-08,2.563776969909668,2.7427577290090865,2.418657576810671,2.4347820221657184,13485800
2008-10-09,2.3622219562530518,2.689547029158676,2.3622219562530518,2.6621355668212767,8496800
2008-10-10,2.257413864135742,2.463805945799972,2.0477968317111714,2.265476087262479,9411400
2008-10-13,2.725020170211792,2.7959675286304453,2.4218819602290536,2.4992789107504154,9737400
2008-10-14,2.90077543258667,3.063631679841933,2.7766176538552183,2.934636784762561,13481000
2008-10-15,2.5976383686065674,2.80886771352661,2.4380068496594594,2.7282457932847994,8086600
2008-10-16,2.475092649459839,2.6589105022016373,2.339647818740143,2.612149955253361,9204800
2008-10-17,2.4331696033477783,2.6266623370027666,2.4105954100816,2.4831551083151653,4052600
2008-10-20,2.6766483783721924,2.6766483783721924,2.502505006203549,2.529916323398003,4964600
2008-10-21,2.6443991661071777,2.726633569237637,2.5605524412916276,2.5799016854798316,4074000
2008-10-22,2.2380635738372803,2.483154027317449,2.2380635738372803,2.434781018736157,8295000
2008-10-23,2.110680341720581,2.3702826783067823,2.0477952348970434,2.178402717138546,9790400
2008-10-24,2.0558595657348633,2.0800460873514943,1.8543047063490925,1.9832998471108167,8094600
2008-10-27,1.886553406715393,2.026835566946178,1.8865534067153928,2.0155485443057937,8430800
2008-10-28,2.1364803314208984,2.1638917894844507,1.9091266000018465,2.0155474824725457,10726800
2008-10-29,2.257413864135742,2.297724825995309,2.1284187554303053,2.1606674941631354,14519400
2008-10-30,2.3638346195220947,2.4476814883504114,2.315461437796074,2.315461437796074,12092200
2008-10-31,2.3815715312957764,2.3993082978953426,2.241289258668453,2.273538148884544,10014400
2008-11-03,2.309011459350586,2.4492935646718372,2.2977244411281914,2.4347817500033684,11287400
2008-11-04,2.6701972484588623,2.6701972484588623,2.3702838350793303,2.4347814475025253,29813400
2008-11-05,2.587963819503784,2.7008346440661493,2.487992798935523,2.6927725741180892,11070800
2008-11-06,2.4186580181121826,2.4799307063572544,2.33803608417511,2.4670312092292535,9186000
2008-11-07,2.4670310020446777,2.5460404537618966,2.4218827658882844,2.4896050432358128,6657400
2008-11-10,2.32352352142334,2.579901230842132,2.317073774497198,2.579901230842132,11895400
2008-11-11,2.296112537384033,2.3219115304688223,2.20420358607594,2.273538495321907,8730400
2008-11-12,2.1268062591552734,2.3138492495163123,2.1139067637888727,2.2928875311023824,15101400
2008-11-13,2.273538589477539,2.2977251080526497,2.12841901670447,2.1945289776656316,10398200
2008-11-14,2.2477378845214844,2.2735370145775455,2.1945274574962848,2.2735370145775455,8783400
2008-11-17,2.273538589477539,2.328361375166066,2.1542180108576905,2.1816294805890215,6626600
2008-11-18,2.1606667041778564,2.2944990363177684,2.1606667041778564,2.2090398714779105,8342800
2008-11-19,2.1477668285369873,2.244513145800865,2.1461545078093476,2.1622787915039723,9349000
2008-11-21,1.839792251586914,2.06392125207313,1.7769072502903047,2.047796806021935,21689800
2008-11-24,2.0155489444732666,2.0155489444732666,1.9204150096902595,1.9591135125183428,8417800
2008-11-25,2.0768206119537354,2.141318084403747,1.9365384940443815,1.9752369775143888,7960800
2008-11-26,2.271925210952759,2.313848636676898,2.025222235193756,2.0316719811686945,14956400
2008-11-27,2.281599521636963,2.313848402015172,2.24128857493826,2.2654752352219165,3732800
2008-11-28,2.3057861328125,2.346097078652669,2.241288527203796,2.2719249321557955,4404000
2008-12-01,2.3057861328125,2.3057861328125,2.1977527856589214,2.230001511576246,4975000
2008-12-02,2.2977237701416016,2.394470095657182,2.2912740253588324,2.321910274633474,10348600
2008-12-03,2.3057861328125,2.3412598082085845,2.228389036836866,2.297723912889655,7827600
2008-12-04,2.354159355163574,2.4267190286652203,2.2815995278878702,2.346097135046934,6133400
2008-12-05,2.5395898818969727,2.5444271529009885,2.2832122120730456,2.3057863997152404,11580200
2008-12-08,2.768556833267212,2.8298293590972325,2.5911885421092373,2.592801017466373,11968200
2008-12-09,2.7330820560455322,2.7830675392086546,2.631498307546829,2.765330625888671,11174600
2008-12-10,2.628275156021118,2.83627991161744,2.628275156021118,2.7411459965452414,9113200
2008-12-11,2.5154032707214355,2.7250200818031667,2.5154032707214355,2.6443981840720188,7041800
2008-12-12,2.5234644412994385,2.5234644412994385,2.4009193171367054,2.4202685472676633,9298200
2008-12-15,2.4025332927703857,2.596026034926327,2.4025332927703857,2.5476528493873416,6804800
2008-12-16,2.5234644412994385,2.5460386200058953,2.4380053031108715,2.499277942079244,10652800
2008-12-17,2.4589686393737793,2.5702268249045073,2.421882628788241,2.515404046705118,11971000
2008-12-18,2.475092649459839,2.528303096703421,2.4186572520686034,2.4912169388758443,7702200
2008-12-19,2.4509053230285645,2.50734070518451,2.4267188185468993,2.4299436140499,5014400
2008-12-22,2.4267194271087646,2.4750926019769492,2.4057577128734153,2.4638054304507864,6975600
2008-12-23,2.257413864135742,2.454131401067181,2.257413864135742,2.42027018695418,4189800
2008-12-26,2.257413864135742,2.3025620983617046,2.2267776007830826,2.297724825995309,2174200
2008-12-29,2.257413864135742,2.3057870491220456,2.2509641163891763,2.2896626028685727,3515800
2008-12-30,2.367060422897339,2.367060422897339,2.268701548735918,2.283213523859679,5672600
2009-01-02,2.4186580181121826,2.4589689850807193,2.3541605324721786,2.3670600296001796,5603200
2009-01-05,2.4638047218322754,2.5154028319460364,2.365446079116172,2.4186565100350195,10523000
2009-01-06,2.599249839782715,2.6169864462511714,2.4476806021683872,2.4960536126068686,8085000
2009-01-07,2.5412018299102783,2.571838078282115,2.4912161939862867,2.5621635382800783,3615400
2009-01-08,2.483154773712158,2.5299154754971895,2.4299443252593327,2.5041164888260123,12763200
2009-01-09,2.5605528354644775,2.6572990712986635,2.497667666841646,2.5815145583387547,19221800
2009-01-12,2.5395898818969727,2.5960252741154233,2.5089536271727755,2.523465440184823,8662200
2009-01-13,2.4396188259124756,2.5395899681089547,2.4396188259124756,2.499279016234209,10403400
2009-01-14,2.275151252746582,2.454132070651544,2.2654767053741915,2.449294643191191,10628600
2009-01-15,2.4186580181121826,2.421882969281251,2.2332276315665696,2.2880504174735052,8222000
2009-01-16,2.3219094276428223,2.4944403067503216,2.3219094276428223,2.462191594600225,8715000
2009-01-19,2.3283605575561523,2.3735089352444523,2.3154610650092327,2.368671510208797,5508400
2009-01-20,2.168728828430176,2.368671080400937,2.1655040327656425,2.3219103899598066,9148600
2009-01-21,2.217102289199829,2.25096349394948,2.14454260867174,2.2154898142655424,9740400
2009-01-22,2.184854030609131,2.2574137267867402,2.1235813538577406,2.2574137267867402,8921000
2009-01-23,2.1445443630218506,2.212266827921692,2.092946199333181,2.1429318867684732,9963400
2009-01-26,2.275151252746582,2.284825953893131,2.1687303090053387,2.1767925343317693,12214200
2009-01-27,2.3138480186462402,2.3380345211485083,2.2429006780979304,2.2574126411089046,8309000
2009-01-28,2.371896982192993,2.4057581960236876,2.3557725360739523,2.3864089529453074,10785800
2009-01-29,2.281599521636963,2.3444846538456003,2.2735374553164687,2.320298147336002,5047000
2009-01-30,2.289663314819336,2.3138499917201814,2.2654767916926546,2.2767638153152174,4998200
2009-02-02,2.2187156677246094,2.2735386076248663,2.215490716542648,2.2412897109017953,5339600
2009-02-03,2.2864394187927246,2.3170757037569705,2.2267791716076597,2.241290998943845,5559200
2009-02-04,2.250962495803833,2.3460963219044646,2.2412878042622415,2.297723171744516,9306400
2009-02-05,2.3219094276428223,2.333196592225848,2.242900044431588,2.250962260912609,6506800
2009-02-06,2.3509349822998047,2.363834476141096,2.3025618035079125,2.3396479636321983,11133000
2009-02-09,2.3057861328125,2.365446314203064,2.297723912889655,2.3154606737006698,7347600
2009-02-10,2.279987335205078,2.3670589790623944,2.257413148362786,2.325135555115595,8924400
2009-02-11,2.31062388420105,2.334810395229827,2.270312929970363,2.302561662600095,4881200
2009-02-12,2.2493512630462646,2.305786661676358,2.2332269732763024,2.265475706590317,7602400
2009-02-13,2.2945001125335693,2.3219115817349145,2.2864380423471644,2.31384951154851,6869200
2009-02-16,2.279987335205078,2.2993365723095853,2.2638628940642884,2.273537589503576,4699800
2009-02-17,2.2009785175323486,2.2525766547209805,2.2009785175323486,2.233227410940539,7866400
2009-02-18,2.1784043312072754,2.2300023111762055,2.1703421083936028,2.202590845874184,7433000
2009-02-19,2.225162982940674,2.292885345961292,2.2187132414041373,2.291272872133666,9867000
2009-02-20,2.1993651390075684,2.209039679361766,2.115518302476273,2.138092486259479,6481600
2009-02-25,2.2412898540496826,2.2638640524427855,2.147768416637627,2.188079386341932,5803400
2009-02-26,2.259025812149048,2.3138487320835726,2.2445138446635466,2.275150100864209,7332800
2009-02-27,2.233226776123047,2.2477385895026574,2.196140620755395,2.2106525879090815,4267800
2009-03-02,2.1122939586639404,2.2187148479625183,2.0977819912552107,2.180016370721959,7132800
2009-03-03,2.1413185596466064,2.184854478543276,2.096170318911427,2.1380937621954486,5893800
2009-03-04,2.233226776123047,2.2477385895026574,2.1800163324089135,2.20904011294221,4973800
2009-03-05,2.1461551189422607,2.202590358604831,2.13164315184289,2.1784038492885975,6931400
2009-03-06,2.1880788803100586,2.21871529631364,2.131643628040168,2.1526053458915366,5852600
2009-03-09,2.168728828430176,2.2396761783385446,2.1364801029145775,2.1445423227369904,2663600
2009-03-10,2.2622506618499756,2.263863136891826,2.1945282478330936,2.199365672958645,4961800
2009-03-11,2.2783751487731934,2.305786609918323,2.250963687628064,2.2815999451451625,8636600
2009-03-12,2.3057861328125,2.346097078652669,2.2590254417888658,2.2670876617117104,6065400
2009-03-13,2.3525466918945312,2.373508401008677,2.3073984781423955,2.341259676900009,5462600
2009-03-16,2.346097230911255,2.3912454501255684,2.3090110783689486,2.3702837384754067,7116800
2009-03-17,2.415433406829834,2.415433406829834,2.321911962604929,2.329974187887936,8499400
2009-03-18,2.500892400741577,2.52185412179271,2.384796774063816,2.384796774063816,8804400
2009-03-19,2.5476531982421875,2.597638866024396,2.526691476512496,2.539590973919362,12264200
2009-03-20,2.4992778301239014,2.5686126836511494,2.475091331987143,2.533139019779766,6826600
2009-03-23,2.6766483783721924,2.6766483783721924,2.552490521188065,2.5831269434584447,10249200
2009-03-24,2.5766761302948,2.6363364781015637,2.5557145693372845,2.621824509920139,5367200
2009-03-25,2.5799014568328857,2.676647822973763,2.5605522143595323,2.565389486534343,6282000
2009-03-26,2.665360450744629,2.6959965550573797,2.5847385408829444,2.6121500025378444,5501000
2009-03-27,2.7411439418792725,2.7411439418792725,2.612149055868887,2.6137612228394573,6431800
2009-03-30,2.692772150039673,2.716958663623029,2.644398815324754,2.660523260229727,7615400
2009-03-31,2.7201826572418213,2.8008045458583197,2.7072831673651057,2.7266322484061303,8397400
2009-04-01,2.8636908531188965,2.8701404472843812,2.6927724558322974,2.6927724558322974,7114600
2009-04-02,2.9394760131835938,3.0281603363767244,2.902389992644728,2.902389992644728,10374000
2009-04-03,3.079756736755371,3.079756736755371,2.939474491095766,2.941086966051411,11294800
2009-04-06,3.0636329650878906,3.1200683706912584,2.9684990747260405,3.0636329650878906,12034600
2009-04-07,3.0458953380584717,3.110393105250486,2.9765604536107593,3.01848387926631,14167400
2009-04-08,2.7975807189941406,3.010422541133949,2.7717817288892075,2.950762184298653,44136400
2009-04-09,2.7185704708099365,2.8620773493477456,2.660522606435933,2.8620773493477456,40314200
2009-04-13,2.7234082221984863,2.754044636370991,2.663748176626359,2.721795746973807,15441000
2009-04-14,2.7621073722839355,2.8201552642042214,2.7298587826435474,2.739533328780836,20597400
2009-04-15,2.821765899658203,2.821765899658203,2.76049340401535,2.773392892969007,11786400
2009-04-16,2.958824396133423,2.958824396133423,2.8378915214212794,2.8653029853246266,11711200
2009-04-17,2.968498706817627,2.9878481005728608,2.942699720176102,2.9588241637141004,9112600
2009-04-20,2.9023873805999756,2.958822752287915,2.8717509832468595,2.8862629447537023,6287800
2009-04-22,2.87014102935791,2.9539879233513098,2.87014102935791,2.9023899293702344,12162600
2009-04-23,3.0023603439331055,3.015259838435095,2.8943269621483645,2.9040015061378046,11197000
2009-04-24,2.999133825302124,3.060406315262766,2.999133825302124,3.007195889819982,5561600
2009-04-27,2.921738386154175,3.0797572685134837,2.908838891829909,2.978173481605211,8555600
2009-04-28,2.960437059402466,3.0071976140027834,2.918513623267015,2.921738573942409,6966600
2009-04-29,3.079756736755371,3.094268703808025,3.007196901492101,3.007196901492101,8209600
2009-04-30,2.976560592651367,3.1410293530869766,2.976560592651367,3.1281298605556445,8432600
2009-05-04,3.118455648422241,3.1265177167778817,3.0636327224689412,3.07814469154765,7871200
2009-05-05,3.152317523956299,3.1797289940580176,3.095882415701237,3.095882415701237,5889000
2009-05-06,3.3957953453063965,3.4683551997662856,3.1845659910039434,3.1845659910039434,13536800
2009-05-07,3.224877119064331,3.4344940087842133,3.224877119064331,3.4264319390058517,6827400
2009-05-08,3.278087615966797,3.3780589430994694,3.2490636723622064,3.3699965656824986,5233400
2009-05-11,3.284536123275757,3.2942106645200284,3.186177313389946,3.241000226354353,4845600
2009-05-12,3.2087514400482178,3.339358827113729,3.200689373365063,3.3054977779867234,5754200
2009-05-13,3.1200692653656006,3.1845667584576125,3.0991073878930053,3.144255786831567,4468200
2009-05-14,3.2571260929107666,3.2603507363720046,3.031384443018298,3.1152313239756,5582800
2009-05-15,3.182950973510742,3.249060873641998,3.182950973510742,3.2458359254531595,2435600
2009-05-18,3.3474204540252686,3.3861189190515186,3.2248751610014463,3.2248751610014463,5551200
2009-05-19,3.394183397293091,3.4731931655580515,3.3135614609436277,3.369996877897908,5960800
2009-05-20,3.3296866416931152,3.4909305498385286,3.305500116980973,3.4022465233778902,6194600
2009-05-21,3.28131103515625,3.2974354749147494,3.2281005992368774,3.242612564264716,4239200
2009-05-22,3.2571260929107666,3.337748022858575,3.2168151279368624,3.328073169830094,4703400
2009-05-25,3.2571260929107666,3.3022741768506556,3.2490637153870323,3.2780876593759642,1515600
2009-05-26,3.3925697803497314,3.402244322466459,3.232938143908912,3.260349602863097,4469400
2009-05-27,3.3861210346221924,3.466742964017959,3.3490350209117206,3.40708260094386,4665400
2009-05-28,3.474804401397705,3.4941537962516285,3.402244862678937,3.4199814747844863,4007600
2009-05-29,3.411919116973877,3.521564960901473,3.4119191169738765,3.4925410248561484,4944000
2009-06-01,3.4780304431915283,3.516728937494626,3.4441693760069283,3.4844803460161917,4882000
2009-06-02,3.563490152359009,3.6505616960111946,3.421595352080028,3.4651312776802827,7044400
2009-06-03,3.447391986846924,3.5908991645825217,3.447391986846924,3.547363268835269,5665400
2009-06-04,3.6037967205047607,3.6166962040739667,3.394179728070233,3.5038254921824556,5559200
2009-06-05,3.515115261077881,3.676359086036466,3.4683547117649494,3.645722980729031,5832400
2009-06-08,3.578001022338867,3.5957376362337774,3.478029702679669,3.4893167226714015,3569800
2009-06-09,3.5231778621673584,3.611861848546782,3.5118908429061455,3.579613266021632,4151400
2009-06-10,3.5554263591766357,3.5812253475955163,3.502215907119169,3.5715508038254864,5931800
2009-06-12,3.563490152359009,3.5957387469327236,3.511892155002406,3.563490152359009,4916800
2009-06-15,3.450617790222168,3.5554262148632625,3.387732796947149,3.5344646529543193,5489800
2009-06-16,3.3861210346221924,3.5344653970123328,3.3861210346221924,3.490929481327038,4263800
2009-06-17,3.3780577182769775,3.3861197852225366,3.287760969236382,3.3538709023440183,4828400
2009-06-18,3.3055005073547363,3.4119214746949695,3.3055005073547363,3.3861224709487545,3505000
2009-06-19,3.3861210346221924,3.497379383301861,3.337748000004034,3.337748000004034,4594200
2009-06-22,3.2925989627838135,3.386120370231126,3.2813119440907537,3.3619338576676854,3040800
2009-06-23,3.2958881855010986,3.3544529310601554,3.279620166147287,3.3023952070706266,4334400
2009-06-24,3.261725664138794,3.3593334804580817,3.253591808731642,3.344692292495854,5790400
2009-06-25,3.465074300765991,3.465074300765991,3.2568446747556608,3.2568446747556608,5230600
2009-06-26,3.448808431625366,3.497612198654671,3.4130187128695444,3.465076147110612,3419600
2009-06-29,3.468327760696411,3.5122513111873532,3.44229905898769,3.4911027971198925,2977200
2009-06-30,3.445554256439209,3.5089992062810413,3.417898709790022,3.481343659631854,4341600
2009-07-01,3.473210334777832,3.508999743449227,3.4585691425289014,3.4650761667024343,5291800
2009-07-02,3.546417236328125,3.557805075649438,3.4244074647532554,3.4244074647532554,6829200
2009-07-03,3.546417236328125,3.56268526792882,3.525269012448048,3.5301495150143247,2774200
2009-07-06,3.5626814365386963,3.562681436538696,3.466700494630308,3.4943560255240227,3091000
2009-07-07,3.5268940925598145,3.539908449310389,3.481343688789434,3.531774282412067,8877000
2009-07-08,3.416273355484009,3.530149258114891,3.3463210418924842,3.4764649749401886,5190000
2009-07-09,3.416273355484009,3.416273355484009,3.416273355484009,3.416273355484009,0
2009-07-10,3.35119891166687,3.4585673936760903,3.3137826883002144,3.4276581911926396,4755800
2009-07-13,3.35119891166687,3.4585673936760903,3.2942610050773435,3.370720284603113,5804000
2009-07-14,3.35119891166687,3.390241967825984,3.271485966556184,3.390241967825984,6418600
2009-07-15,3.5041184425354004,3.5447883391649015,3.4048837954676787,3.408137461666844,5775400
2009-07-16,3.5041184425354004,3.5496685281769618,3.453687547308405,3.481343089427933,5229200
2009-07-17,3.513881206512451,3.525268734649508,3.481345145874971,3.500866844314833,4253400
2009-07-20,3.5708186626434326,3.5838330230375313,3.507373384221229,3.5301487476260216,6130000
2009-07-21,3.6147408485412598,3.622875015271906,3.557803232860405,3.5952194689611763,4272200
2009-07-22,3.601726770401001,3.6684253913131113,3.562683697936845,3.562683697936845,3992000
2009-07-23,3.6928274631500244,3.7400043911542302,3.603353486825138,3.629382200955751,8103200
2009-07-24,3.7741665840148926,3.79043429466442,3.673305102439691,3.676558768684273,5071000
2009-07-27,3.7904322147369385,3.805073394516797,3.704212278573903,3.7741645130140022,4649600
2009-07-28,3.831104040145874,3.8311040401458745,3.717228518675318,3.7334965389673056,4994800
2009-07-29,3.766033172607422,3.7757938630091994,3.696080885773384,3.766033172607422,5979800
2009-07-30,3.866894245147705,3.91569800202602,3.8148368217343775,3.819717011250178,4749400
2009-07-31,3.8457460403442383,3.91732515858831,3.8197173264894384,3.8538802073530785,4120000
2009-08-03,3.9189507961273193,3.9238312948433456,3.8685202172083133,3.8701470501136557,4138000
2009-08-04,3.9970383644104004,3.9970383644104004,3.879909145298799,3.886416168994951,4620200
2009-08-05,4.130435466766357,4.148330324319891,3.9758900134049227,3.997038227551755,9328800
2009-08-06,3.9693808555603027,4.13531406674917,3.9661271901754365,4.117419217419015,6974000
2009-08-07,3.9856512546539307,4.060483741517935,3.98565125465393,4.013306806383409,7337200
2009-08-10,4.001918315887451,4.0100521719634745,3.9596215816613443,3.9937841495247075,3621200
2009-08-11,4.018185138702393,4.0230653267763445,3.9303380299317188,3.969381085956476,5638000
2009-08-12,4.040961265563965,4.04584176523909,3.9693821550956803,4.000291365798052,5361800
2009-08-13,4.1369428634643555,4.229670198949286,4.083258600273777,4.14833038743103,8347200
2009-08-14,4.115775108337402,4.171504464404214,4.046932980997994,4.169865328915999,6305200
2009-08-17,3.9961233139038086,4.038739926373879,3.9797325736435227,4.033822829349125,3402600
2009-08-18,4.08955192565918,4.114138346903696,3.9748148763403615,3.9748148763403615,4497400
2009-08-19,4.1469197273254395,4.196092877581833,4.015791951908276,4.025626456906243,5074600
2009-08-20,4.2026495933532715,4.220679781784136,4.122333782594541,4.138724834565026,3575400
2009-08-21,4.2026495933532715,4.255100709552171,4.164950392664476,4.225597191165274,4648400
2009-08-24,4.204287528991699,4.261656038186235,4.1780619783827495,4.201009257007274,4675000
2009-08-25,4.2485432624816895,4.269851405111996,4.210844072564027,4.223956847867267,5202200
2009-08-26,4.31082820892334,4.31082820892334,4.233790704856492,4.248542613899766,4463600
2009-08-27,4.343612194061279,4.391146213418771,4.210845267365036,4.312469226642003,5589800
2009-08-28,4.36328125,4.409175817438493,4.335416557212361,4.358363840931608,6013400
2009-08-31,4.287883758544922,4.340334886304078,4.287883758544922,4.319026732889439,7198200
2009-09-01,4.220680236816406,4.384590148925781,4.220680236816406,4.291161549044773,5581000
2009-09-02,4.181338787078857,4.2993537235189905,4.181338787078857,4.230511599103968,5501600
2009-09-03,4.225596904754639,4.227236041103918,4.163310974015196,4.207566717545859,5180400
2009-09-04,4.351807117462158,4.3845892179769805,4.227235885825706,4.251822304895183,5684200
2009-09-08,4.4239277839660645,4.4239277839660645,4.376394079613193,4.376394079613193,3424200
2009-09-09,4.497688293457031,4.505883664405727,4.422289567668912,4.422289567668912,5158000
2009-09-10,4.540303707122803,4.558333580959164,4.4468748148437145,4.466544137595438,5985000
2009-09-11,4.518996238708496,4.614063975476405,4.518996238708496,4.556695443560709,7003800
2009-09-14,4.62225866317749,4.637010577139613,4.507521624057266,4.510799896634022,6526400
2009-09-15,4.727163314819336,4.736997824972281,4.627178138258491,4.627178138258491,6786800
2009-09-16,4.794363975524902,4.843536814323126,4.736995455171452,4.736995455171452,7199200
2009-09-17,4.851731300354004,4.991054726129066,4.777971747698616,4.794362794136836,12454800
2009-09-18,4.886153221130371,4.899265998450381,4.82878470311785,4.868123347711152,6890800
2009-09-21,4.835344314575195,4.866487297697967,4.786171446599005,4.81239701787077,5136000
2009-09-22,4.930250644683838,4.958291561474047,4.851076402432827,4.882416324636113,5515800
2009-09-23,4.826334476470947,4.930250629785065,4.826334476470947,4.925302436290875,6977200
2009-09-24,4.799944877624512,4.907160076886468,4.753759728346944,4.842831020251412,5050600
2009-09-25,4.869219779968262,4.880765982317326,4.791694739149538,4.791694739149538,3590600
2009-09-28,4.948394775390625,4.963239984885634,4.8692205344908865,4.885715246664282,3558000
2009-09-29,5.042414665222168,5.04736317368858,4.936849001489339,4.936849001489339,6087200
2009-09-30,5.151281356811523,5.294784697956401,5.060560868253755,5.080354280668613,9479600
2009-10-01,5.055609226226807,5.212308498064172,5.04736202859765,5.121587751091331,7647200
2009-10-02,5.001177787780762,5.126537164484217,4.941796947602683,5.017672500564725,9991000
2009-10-05,5.088598251342773,5.091897255982767,5.001176516045333,5.058907838803628,5924400
2009-10-06,5.0226216316223145,5.1958153508049385,4.94839557219518,5.1958153508049385,8773000
2009-10-07,4.898911952972412,5.037467060120638,4.898911952972412,5.0209723445819385,8843200
2009-10-08,4.989634037017822,5.004479254362924,4.950046895634428,4.963242609428893,6341200
2009-10-09,5.0935468673706055,5.0984953747422095,4.954992121680353,4.996228739279116,4264000
2009-10-13,5.179322719573975,5.179322719573975,5.047365577074383,5.093550419643918,6043800
2009-10-14,5.344268321990967,5.344268321990967,5.218908595138553,5.2502485268516565,8822800
2009-10-15,5.286536693572998,5.332722154499125,5.2057129234787025,5.278289492085842,4499200
2009-10-16,5.152932643890381,5.205715514747478,5.121592696339957,5.202416821276955,8820600
2009-10-19,5.177670955657959,5.1958151728098,5.101795710496637,5.154578544454167,7299000
2009-10-20,5.019321918487549,5.080351945763306,4.887364533056135,5.02262092391069,8828200
2009-10-21,5.0226216316223145,5.129836806097773,4.956642772304631,4.956642772304631,6720400
2009-10-22,5.121588706970215,5.171072845812005,4.996229643636168,5.0721048827389055,3616800
2009-10-23,5.014372825622559,5.185917312296306,4.9863319120166745,5.169422601714532,4397800
2009-10-26,4.9599432945251465,5.0556122922506805,4.930252861677461,5.0341693766443605,3663200
2009-10-27,4.799944877624512,5.024271981489835,4.799944877624512,5.009427080783014,6894800
2009-10-28,4.470049858093262,4.844478458877947,4.456854151725145,4.808190030407784,10286800
2009-10-29,4.80819034576416,4.841179771153368,4.529430676517832,4.585512510913199,7778600
2009-10-30,4.653141975402832,4.905510307500509,4.5607719964681666,4.8659231736713675,7465800
2009-11-03,4.796645641326904,4.8411812851469245,4.577266743330101,4.651492816363468,7529800
2009-11-04,4.940146446228027,4.956640840016786,4.79004519755548,4.857673218842654,6723000
2009-11-05,4.940146446228027,4.97313554841594,4.865920415737033,4.931898934723254,5119000
2009-11-06,4.890665531158447,4.959943100218886,4.816439766557649,4.935201178685286,2182600
2009-11-09,5.096847057342529,5.101795565864701,4.9566424619859655,4.968188981871034,6459400
2009-11-10,5.152932643890381,5.152932643890381,5.0391193819730615,5.086954055319009,5205600
2009-11-11,5.133135795593262,5.238701466787607,5.075404451179911,5.157877710453122,4683200
2009-11-12,5.124889850616455,5.278290210187734,5.116642648007282,5.210662142038553,9254600
2009-11-13,5.299248218536377,5.299248218536377,5.085622123113922,5.193263355240788,6242600
2009-11-16,5.282689571380615,5.309186110922459,5.249569449708138,5.2992497901468045,4946800
2009-11-17,5.282689571380615,5.295937683221586,5.219761119100979,5.266129352614427,5403400
2009-11-18,5.1170878410339355,5.299249609533632,5.113775734221603,5.279377284519529,5389200
2009-11-19,5.075686931610107,5.113775208456267,5.035942601528048,5.075686931610107,5303000
2009-11-23,5.113772869110107,5.183325493901139,5.067404663155895,5.158485338445709,6360800
2009-11-24,5.100529670715332,5.123714111850414,4.966392449558148,5.095561824362114,7734200
2009-11-25,5.105496883392334,5.125369212689341,5.0790006549029645,5.085624554095327,5091200
2009-11-26,4.999510288238525,5.062438730774703,4.959765958869383,5.024350454611757,3686800
2009-11-27,5.09721565246582,5.09721565246582,4.921677787909553,4.96142212067893,3678200
2009-11-30,5.1170878410339355,5.138616219454205,4.992886678310491,5.059127235257683,20409000
2009-12-01,5.088935375213623,5.165112249759139,5.088935375213623,5.13364786793426,10434200
2009-12-02,5.034286022186279,5.158487159160578,5.029318178857595,5.131990941874847,7686400
2009-12-03,5.050848960876465,5.131993709557838,5.044224745052682,5.0674091845759275,4367200
2009-12-04,5.019382953643799,5.125368161728894,5.00944694896266,5.047535230123605,4054800
2009-12-07,5.150207996368408,5.156831893771688,5.019382627160004,5.042567057721165,4923000
2009-12-08,5.1170878410339355,5.127023845611042,5.050847284086743,5.092247671661225,6604600
2009-12-09,5.079003810882568,5.191613009865213,5.04588334676056,5.118748178312886,6429000
2009-12-10,5.082313060760498,5.125369513548124,5.077344899179626,5.123713459687833,4296600
2009-12-11,5.09721565246582,5.141927829418946,5.075687274803316,5.1170876609205695,5002400
2009-12-14,5.1336469650268555,5.158487129105021,5.092246586276639,5.130334858920481,6408000
2009-12-15,5.1336469650268555,5.158487129105021,5.093902639329826,5.122054909514366,4799600
2009-12-16,5.075686931610107,5.188296024772541,5.075686931610107,5.148551694690481,6389800
2009-12-17,4.8769683837890625,5.077346214909969,4.852127885307577,5.075690160620533,8903600
2009-12-18,4.901805877685547,4.959766482583191,4.855437330595454,4.9051179844476716,4950800
2009-12-21,4.835564136505127,4.944861105986561,4.833908083529977,4.938236894085961,3159600
2009-12-22,4.825403690338135,4.915411052623949,4.793734286053299,4.902076616806864,5784200
2009-12-23,4.835404872894287,4.885408932229073,4.780400280458801,4.853739843012135,3555000
2009-12-24,4.835404872894287,4.835404872894287,4.835404872894287,4.835404872894287,0
2009-12-28,4.835404872894287,4.885408932229073,4.81706990277644,4.8837420878621725,1886600
2009-12-29,4.825403690338135,4.867073842006278,4.807068721870384,4.842071496670971,2260600
2009-12-30,4.825403690338135,4.825403690338135,4.825403690338135,4.825403690338135,0
2010-01-04,4.9837517738342285,5.000419903763735,4.950415831893351,4.967083643904722,7249400
2010-01-05,4.933746337890625,5.017086646578243,4.865407310200221,5.017086646578243,6129800
2010-01-06,4.940415382385254,5.000420530484889,4.903745746278908,4.915413343316464,5466200
2010-01-07,4.942082405090332,4.952083157493828,4.902079077558162,4.907079612719003,3084400
2010-01-08,4.970418930053711,4.970418930053711,4.912080615520291,4.950417422048003,4077800
2010-01-11,5.008753299713135,5.012086988943183,4.937080888775704,4.997085705326067,4825600
2010-01-12,4.967085838317871,5.075428571765423,4.953751392066857,4.975420065923677,5352000
2010-01-13,5.030422210693359,5.047090339750231,4.917079314608369,5.000419641974612,4948200
2010-01-14,4.958748817443848,5.015420257933795,4.9254125637727935,4.990418226639542,3386600
2010-01-15,4.8754096031188965,4.992086199420625,4.8487407213216125,4.942081807612107,4405800
2010-01-18,4.877074718475342,4.923745404029425,4.877074718475342,4.917078026985398,1768000
2010-01-19,4.958748817443848,4.977083788754736,4.838738876480589,4.855406685398039,3276200
2010-01-20,4.810403347015381,4.937080670904083,4.6403890188028,4.918745698866033,7134600
2010-01-21,4.732066631317139,4.838742532924371,4.643726032794124,4.833741995719584,6494200
2010-01-22,4.757066249847412,4.783735130355078,4.657057788984598,4.657057788984598,5010400
2010-01-26,4.628723621368408,4.700396381071453,4.585386596480095,4.667060110259447,7566000
2010-01-27,4.5920515060424805,4.6670579212294765,4.533713536361585,4.618720383016059,6057000
2010-01-28,4.600384712219238,4.665390045737932,4.52204462524233,4.65038876601546,9772200
2010-01-29,4.6837263107299805,4.743731128316937,4.612053580636289,4.618720641293457,7035400
2010-02-01,5.000419616699219,5.003753306077367,4.725396601364386,4.727063446053459,15749600
2010-02-02,5.10042667388916,5.125428701532542,4.972082529290295,5.0287539615049095,10565400
2010-02-03,4.9754180908203125,5.083760463340664,4.943748674326683,5.037089761029954,5281200
2010-02-04,4.8837432861328125,4.940414736840053,4.7670670130847155,4.933747675654684,5827600
2010-02-05,4.650390148162842,4.867075187489711,4.550381692928757,4.810403740121,12696800
2010-02-08,4.708728313446045,4.737064036367578,4.618720610783022,4.618720610783022,6896600
2010-02-09,4.943747043609619,5.100426911618596,4.760398302482269,4.767065679720885,10308600
2010-02-10,5.067090034484863,5.068756878588336,4.917077562270385,5.008751762535343,6646400
2010-02-11,5.17043399810791,5.193769188090845,5.0004196535856495,5.027088532971323,7639200
2010-02-12,5.0837626457214355,5.128766522492145,4.992088364523282,5.115432075810262,5863000
2010-02-17,5.063760757446289,5.188771312844503,5.063760757446289,5.150434818822772,4860000
2010-02-18,5.108761310577393,5.120428903958176,5.045422810259676,5.072091685963775,5779800
2010-02-19,5.118763446807861,5.163767305975049,5.025422356545597,5.065425680943711,10088200
2010-02-22,5.10042667388916,5.157098106103775,5.083758549487562,5.14209682593414,6852800
2010-02-23,5.030422210693359,5.0920938749102325,5.0037533313696105,5.05209055592461,8092400
2010-02-24,5.0754265785217285,5.0754265785217285,4.9920862427031,5.018755124731609,8086200
2010-02-25,5.000419616699219,5.027088495888165,4.937081108105001,4.975417582199347,10110200
2010-02-26,5.04075288772583,5.078003883931312,4.9543979973346035,5.044139430005905,6047200
2010-03-01,5.079696178436279,5.091548751179289,5.011966960648806,5.06107052243533,6124600
2010-03-02,5.017045021057129,5.111866221908697,5.017045021057129,5.086467812842785,7696800
2010-03-03,4.981489181518555,5.07123060503573,4.9527042209910395,5.030592747737014,7248400
2010-03-04,4.978103160858154,5.01196793783371,4.927306318353271,5.006888124399842,4259600
2010-03-05,5.045834064483643,5.062766458584304,5.00011702025798,5.028901993341536,3713200
2010-03-08,4.97471809387207,5.074618860322252,4.97471809387207,5.0695393683404575,6286800
2010-03-09,5.0627641677856445,5.091549127844588,4.956090682248625,4.959477224128126,7016200
2010-03-10,5.11356258392334,5.125415160456332,5.071231768900658,5.079697802721799,7207800
2010-03-11,5.106788158416748,5.1389596598201726,5.055991322902629,5.0796964697480975,3669200
2010-03-12,5.0627641677856445,5.16097162158232,5.0627641677856445,5.152505589841976,4033600
2010-03-15,5.081391334533691,5.1067897602574455,5.039060517341267,5.054299637367221,2762200
2010-03-16,5.122030258178711,5.142349197998887,5.078006157700491,5.081392701496952,3094200
2010-03-17,5.094937324523926,5.176212418279082,5.057686320625774,5.1474274488709835,4473800
2010-03-18,5.0526041984558105,5.096628268205485,5.01196667013881,5.076309342567802,5302200
2010-03-19,4.995036602020264,5.06953893329234,4.976410938462615,5.0475267267317525,5349800
2010-03-22,5.017045021057129,5.076308190849786,4.947622552229766,4.9747142316278445,4625400
2010-03-23,4.995036602020264,5.037367420681452,4.974717666961146,5.028901386132621,2101200
2010-03-24,4.995036602020264,5.032287606177044,4.9459326973531965,4.9459326973531965,3921200
2010-03-25,5.012378215789795,5.068639591648929,4.997034174629843,5.041361368516141,4136000
2010-03-26,5.03795051574707,5.075458309043939,5.003852906146833,5.008967368736766,4001200
2010-03-29,5.072048664093018,5.097621953665486,5.04647537452055,5.056704625313133,4548000
2010-03-30,5.0652289390563965,5.1010318045488985,5.058409546932408,5.0890976244454045,3038400
2010-03-31,5.089097023010254,5.089097023010254,5.022606087862728,5.022606087862728,5558400
2010-04-01,5.0805745124816895,5.128311572497428,5.029427917965061,5.090804091530709,7195200
2010-04-05,5.114669322967529,5.130013356950985,5.078866793794077,5.09762036018792,4532400
2010-04-06,5.121488571166992,5.131717817829272,5.073751544773207,5.073751544773207,5854400
2010-04-07,5.1129631996154785,5.147061117208304,5.070340965215368,5.090799780807432,6624400
2010-04-08,5.220376014709473,5.259588426883748,5.06523064554901,5.06523064554901,29498
2010-04-09,5.285159587860107,5.30220855479283,5.203324936801437,5.252766583206134,7022800
2010-04-12,5.302207946777344,5.336305551550746,5.264700158790053,5.268110016821981,10757800
2010-04-13,5.259586811065674,5.31755310915965,5.218669481560871,5.3022090699475966,3854800
2010-04-14,5.208439350128174,5.230603104486265,5.106146199860657,5.182866062561295,14509000
2010-04-15,5.268112659454346,5.281751773241859,5.1589997491542405,5.1589997491542405,9981800
2010-04-16,5.199915409088135,5.2681109559741985,5.174342119653613,5.218669306425059,8429400
2010-04-19,5.1402459144592285,5.234015107536087,5.1129676865195925,5.196507300232493,4377800
2010-04-20,5.104441165924072,5.182865956210854,5.082277412020773,5.158997598329136,5439400
2010-04-22,5.058409214019775,5.077163110195014,4.99532813381888,5.072048322552131,6061800
2010-04-23,5.089097023010254,5.102736130828365,5.010671909169628,5.032835662612797,5698000
2010-04-26,5.083981037139893,5.138537455551233,5.053292970488037,5.112964175068655,4456400
2010-04-27,4.918609619140625,5.082278966413363,4.910084970731366,5.055000741867907,5854200
2010-04-28,5.019195079803467,5.027719397741501,4.925425956575657,4.983392229063573,6145000
2010-04-29,5.114669322967529,5.138537675749831,5.002146623876797,5.0157857290641,5477200
2010-04-30,5.1129631996154785,5.182863638017113,5.048177546407321,5.092504709205257,6275800
2010-05-03,5.0396528244018555,5.114668046805924,5.034538364471425,5.058406711298332,11776
2010-05-04,4.7839226722717285,5.01408295578589,4.775398349808339,5.0038537037934105,12293800
2010-05-05,4.812903881072998,4.906673016228706,4.739593566825676,4.773691493279011,5800400
2010-05-06,4.739595413208008,4.841888907236091,4.584450405251868,4.806086363176391,9126200
2010-05-07,4.708907127380371,4.773692815365965,4.4975004451111324,4.758348776730584,6344400
2010-05-10,4.8589372634887695,4.927132809167999,4.819724865370964,4.864052051357966,4842200
2010-05-11,4.756643772125244,4.857232323728528,4.74811945087697,4.789036778196304,4831200
2010-05-12,4.74982213973999,4.811197939177901,4.714019291984506,4.790739447759217,5430800
2010-05-13,4.690151691436768,4.821428278835551,4.690151691436768,4.802674387726608,3483400
2010-05-14,4.543532848358154,4.686743667890594,4.543532848358154,4.678219345968298,5599800
2010-05-17,4.637302398681641,4.637302398681641,4.500910960378025,4.545238153438046,5963800
2010-05-18,4.584448337554932,4.729364028302402,4.528186989992021,4.688446714182276,8537400
2010-05-19,4.425896167755127,4.5435337188774305,4.330422378168525,4.529894606079345,7857800
2010-05-20,4.313371181488037,4.374747320019058,4.265634473903406,4.347469108490144,5546000
2010-05-21,4.463400363922119,4.466810220660865,4.270747685546833,4.296321285905593,5887800
2010-05-24,4.424429416656494,4.513672893064423,4.384955981733566,4.4639025242353885,3986200
2010-05-25,4.415409088134766,4.415409088134766,4.276994814616683,4.325439859848743,9672400
2010-05-26,4.463855266571045,4.562475604906493,4.373886338798939,4.4552045160176625,16614000
2010-05-27,4.5763163566589355,4.631681944383296,4.498458292668469,4.50710904199855,8203600
2010-05-28,4.479425430297852,4.560743911175468,4.444822109290351,4.559013695624362,9374800
2010-05-31,4.494997024536133,4.519219712162048,4.469044451370032,4.498457455626245,3958200
2010-06-01,4.441364288330078,4.609191335359029,4.430983318927532,4.446554938033885,5958600
2010-06-02,4.621303081512451,4.678399245160182,4.455206230917587,4.455206230917587,5053000
2010-06-04,4.64206075668335,4.65417193213051,4.529599417524995,4.583234764507328,6614800
2010-06-07,4.5676655769348145,4.69396837346632,4.534792133315329,4.654174395929811,5564200
2010-06-08,4.593616962432861,4.642062007277618,4.553822995241563,4.593616962432861,4559000
2010-06-09,4.541712284088135,4.640332269456121,4.526140672713726,4.619570340960179,2788800
2010-06-10,4.62994909286499,4.6559016560863755,4.5590119327243235,4.5590119327243235,3286400
2010-06-11,4.654172897338867,4.674935152414636,4.5676641061987215,4.593616677539796,4288600
2010-06-14,4.757983207702637,4.782205562067578,4.65590281430063,4.688776245227928,5069400
2010-06-15,4.709540843963623,4.782208278338015,4.687048692135723,4.757985910214889,4887600
2010-06-16,4.738953590393066,4.796049404855453,4.671476808757063,4.678397673542806,5025400
2010-06-17,4.712998867034912,4.797777442127847,4.711268651624258,4.756253262286706,5767000
2010-06-18,4.761446952819824,4.761446952819824,4.759716736302932,4.759716736302932,3000
2010-06-21,4.877364635467529,4.8894758106914065,4.742410832962666,4.742410832962666,7986200
2010-06-22,4.887747764587402,4.9742565745800995,4.8531441085883555,4.865255619191466,11241000
2010-06-23,4.794315814971924,4.922349083373118,4.749331545539332,4.879094698914671,9925200
2010-06-24,4.735490798950195,4.8479521478172005,4.68358533254671,4.785665720134942,11731800
2010-06-25,4.68877649307251,4.787396461062539,4.680125416052865,4.721649925737468,7582000
2010-06-28,4.602268218994141,4.723380340806821,4.602268218994141,4.704348629239116,11060400
2010-06-29,4.411948204040527,4.541711386512308,4.394646380376656,4.515758816018919,15891400
2010-06-30,4.264883518218994,4.515759155175055,4.256232770739763,4.446552185326617,24249000
2010-07-01,4.526140213012695,4.621299757298102,4.380805408282528,4.455203026180693,62721800
2010-07-02,4.584965705871582,4.635140960677779,4.455202525516726,4.4967267036297,25933800
2010-07-05,4.550362586975098,4.628220636221901,4.524410013894453,4.550362586975098,15467200
2010-07-06,4.662824630737305,4.662824630737305,4.584966575750897,4.626490761742016,18267200
2010-07-07,4.8012375831604,4.834111013968976,4.610918189538663,4.648982266265906,31311600
2010-07-08,4.790856838226318,4.870444765886814,4.7493326590115155,4.775285229770162,25466800
2010-07-12,4.809889316558838,4.901588766574169,4.72684094484961,4.740682340134481,14133800
2010-07-13,4.920620918273926,4.95868467365261,4.820270717725666,4.827191250519562,18057000
2010-07-14,4.8946661949157715,4.937920578412709,4.806427212981448,4.913697899251189,10025600
2010-07-15,4.9707932472229,4.9707932472229,4.828918934285136,4.879094173253468,9076600
2010-07-16,4.82891845703125,4.963872227465927,4.764902166059257,4.94830062587713,8159800
2010-07-19,4.879096508026123,4.896398004220881,4.806429101991525,4.8462230712472865,8023800
2010-07-20,4.861794471740723,4.906779085913988,4.801238247661139,4.832381467473775,9677600
2010-07-21,4.889477729797363,4.915430305464094,4.847953542729614,4.870445686972806,8505400
2010-07-22,5.031352519989014,5.069416278673539,4.913700482230568,4.931002310725327,18542400
2010-07-23,5.100557804107666,5.100557804107666,4.991556881925643,5.017509451016141,6756800
2010-07-26,5.026161193847656,5.124781503951391,4.977716476608859,5.043463020006463,6963000
2010-07-27,4.965605735778809,5.0780671207344446,4.925811433098116,5.067686156124441,8695400
2010-07-28,5.173226356506348,5.173226356506348,4.920620809996969,4.988097570775932,12328600
2010-07-29,5.173226356506348,5.225131836340462,5.1144003440306225,5.162845392541483,8008200
2010-07-30,5.28395938873291,5.315102289703554,5.0884492520547555,5.138624530849943,8636200
2010-08-02,5.270117282867432,5.358356320992243,5.251085566412645,5.2770381470364205,8232600
2010-08-03,5.121321678161621,5.2649262912483605,5.121321678161621,5.225132317382078,7572600
2010-08-04,5.069417953491211,5.162847660226952,5.052116449285368,5.140355176751293,5635600
2010-08-05,5.190526962280273,5.190526962280273,5.022700042634946,5.0451921809360405,6110600
2010-08-06,5.249353408813477,5.249353408813477,5.131701401495862,5.155923757118367,4883000
2010-08-09,5.311641216278076,5.380848200235085,5.233783153073359,5.233783153073359,11618600
2010-08-10,5.244162559509277,5.304718776225147,5.219940204824862,5.259734167522067,8973200
2010-08-11,5.1386237144470215,5.204370268279499,5.104020056637336,5.174957258142747,8574200
2010-08-12,5.251082897186279,5.251082897186279,5.060763519346643,5.104017908400888,7797400
2010-08-13,5.266655921936035,5.309910322638521,5.207829910580263,5.21475044309012,8062600
2010-08-16,5.242432594299316,5.363545033509535,5.204368845121317,5.308179460157954,7152200
2010-08-17,5.216480731964111,5.263195564579898,5.1801471932662055,5.263195564579898,9391000
2010-08-18,5.176685810089111,5.213019342106133,5.147272809406594,5.2112894567761305,7987000
2010-08-19,5.0862250328063965,5.216864370989098,5.072290183356229,5.13848063518627,6685800
2010-08-20,5.1611223220825195,5.173315600576912,5.054869267351473,5.054869267351473,6817000
2010-08-23,5.121060371398926,5.171574392332465,5.0897068869895445,5.157639547287508,4482600
2010-08-24,5.049643516540527,5.075771305680752,4.974743610701116,5.061836462657109,7104600
2010-08-25,5.049643516540527,5.0600945657500445,4.979969301422306,5.0078389874695945,6172600
2010-08-26,4.912038803100586,5.063580235599064,4.8754596189655475,5.060096440494206,8753800
2010-08-27,4.920745372772217,4.920745372772217,4.842361685268561,4.9033267386344255,14899400
2010-08-30,4.816234111785889,4.95558285877788,4.776171484071732,4.95558285877788,27298
2010-08-31,4.960808753967285,4.960808753967285,4.8110092749353255,4.823202221018209,12039800
2010-09-01,5.096676349639893,5.122804152177078,4.9642951069207095,5.016550711995082,27704
2010-09-02,5.04267692565918,5.122802200545669,5.018290697979585,5.121060303409062,6450400
2010-09-03,4.962553024291992,5.098418057551365,4.939909018198608,5.091450466610002,6616400
2010-09-06,4.917263507843018,4.973002893156354,4.889393815186349,4.95732614950786,2077000
2010-09-08,4.922490119934082,4.957327076150302,4.8772017778432915,4.912039066292516,4558200
2010-09-09,4.924229621887207,4.960808457953178,4.910294779733574,4.955583099791093,4233400
2010-09-10,4.877200603485107,4.945132934147685,4.861523860680985,4.9102959863196896,4842400
2010-09-13,5.051387310028076,5.053129207589148,4.905071237227934,4.946875781994691,7551200
2010-09-14,5.112350940704346,5.140220629283507,5.035709130995203,5.051385872350093,8590600
2010-09-15,5.157639980316162,5.166349134613127,5.077514365405734,5.08622385193564,6048600
2010-09-16,5.138477802276611,5.155896437544454,5.098415173723555,5.117575373508632,5338600
2010-09-17,5.079257965087891,5.133255470739475,5.058355854876397,5.1245463135235285,6628200
2010-09-20,5.188991069793701,5.188991069793701,5.079253915851335,5.079253915851335,5632400
2010-09-21,5.2255730628967285,5.2255730628967285,5.147189334060083,5.175059030483559,13054200
2010-09-22,5.267375946044922,5.296987530683615,5.180283089134987,5.190734138938972,77358
2010-09-23,5.426983833312988,5.469067027036742,5.270924947000639,5.270924947000639,20214200
2010-09-24,5.313009262084961,5.483095915536949,5.297228019301837,5.41120373594608,25926600
2010-09-27,5.418217182159424,5.453286683246203,5.258651587664919,5.3393113063854925,8441800
2010-09-28,5.435751438140869,5.476081126608058,5.356845235098526,5.444518645391121,9399600
2010-09-29,5.537454128265381,5.563756091814316,5.419971712262365,5.430492430792417,10553800
2010-09-30,5.633893966674805,5.633893966674805,5.497123315681729,5.540960024204793,12514600
2010-10-01,5.737347602844238,5.751374999245744,5.590055927258614,5.64616718510206,12401000
2010-10-04,5.767156600952148,5.795212064414531,5.6794831940203245,5.698771450568528,6724200
2010-10-05,5.816255569458008,5.83905085068201,5.742610202435426,5.754884430272523,9478000
2010-10-06,5.795213222503662,5.812748308731166,5.725074884279083,5.775924962100981,10971200
2010-10-07,5.718059539794922,5.7952118948350915,5.682990044269394,5.768910274862189,8220200
2010-10-08,5.8302812576293945,5.8653507523565365,5.684743088624996,5.684743088624996,9037400
2010-10-11,5.856583118438721,5.882884735893144,5.74786762583,5.830280832089369,6194000
2010-10-13,6.110836505889893,6.133631780140282,5.886392786793888,5.891652977430498,19732000
2010-10-14,6.019659519195557,6.119607200695047,5.91269780102005,6.082783842593639,14432800
2010-10-15,6.102071762084961,6.102071762084961,5.940752941080147,5.988096682608599,8663000
2010-10-18,6.049464702606201,6.063492767913714,5.982832730185454,6.049464702606201,10120800
2010-10-19,5.946008682250977,6.021407843544128,5.842554065748383,5.93022744688974,10998200
2010-10-20,6.031932353973389,6.04595975518606,5.893408171686561,5.926723834849955,8115800
2010-10-21,5.877626419067383,6.10031699606141,5.846063932948851,5.99861550325833,10245400
2010-10-22,5.886395454406738,5.930232179964665,5.854832958493404,5.921464968632149,5633000
2010-10-25,5.917957305908203,5.961794026692708,5.867106549263311,5.916204131390744,7760000
2010-10-26,5.9793267250061035,6.017903242230363,5.84431025251136,5.860090825308467,9830200
2010-10-27,5.935490131378174,5.963545598383959,5.861844781323649,5.961792424337703,9530600
2010-10-28,5.847815990447998,5.986340134305882,5.847815990447999,5.9477636211062155,7013000
2010-10-29,5.80397891998291,5.903926544323226,5.753128855400887,5.856583496073578,7886200
2010-11-01,5.905679702758789,5.9845858888584695,5.809239105923576,5.828527359069597,5543000
2010-11-03,5.981081962585449,6.067001556025971,5.946012454103604,5.961793699475672,10532400
2010-11-04,6.133634090423584,6.133634090423584,6.005630941857274,6.005630941857274,9935200
2010-11-05,6.107333183288574,6.1090863580708525,6.016152710016427,6.016152710016427,5554200
2010-11-08,6.079276084899902,6.079276084899902,5.9968635051133905,6.0179049436870455,6453000
2010-11-09,5.933736324310303,6.0582324040610676,5.9144480673837005,6.031930782802539,10423400
2010-11-10,5.928478717803955,6.005631110242716,5.882888150852852,5.90392959080973,7512800
2010-11-11,5.91269588470459,5.9232162674135855,5.818008426952812,5.893407624544583,7551600
2010-11-12,5.935490131378174,5.9933549083310975,5.828529123283996,5.856584590289781,10923200
2010-11-16,5.9442572593688965,6.037190856698887,5.860090200060778,5.981079929756816,12376200
2010-11-17,5.926723957061768,6.012644216006193,5.882887240413536,5.919709921863199,7110200
2010-11-18,6.003876209259033,6.044205902952991,5.963545846669952,5.9828341064573065,11723000
2010-11-19,6.014399528503418,6.014399528503418,5.882889331806279,5.949521352090223,6015200
2010-11-22,5.926723957061768,5.9740676913092825,5.844311384611838,5.961793464159395,5216800
2010-11-23,5.682291507720947,5.853042124428387,5.608358666366971,5.835439258822091,14500000
2010-11-24,5.7597432136535645,5.83895674580841,5.724536826303641,5.7474210788069895,11887600
2010-11-25,5.791429042816162,5.845998306669531,5.722776283555272,5.780866924890025,4096400
2010-11-26,5.7931904792785645,5.847760428006596,5.703414805183977,5.7298190992088935,7840000
2010-11-29,5.838958740234375,5.853041568587042,5.729819506526072,5.747423041966905,7584200
2010-11-30,5.791429042816162,5.809031901187055,5.713974854369826,5.79318906005085,15481000
2010-12-01,5.944576740264893,5.96922101340893,5.809032566466609,5.837197545989234,10315200
2010-12-02,5.895290374755859,6.027313891013542,5.895290374755859,5.967463203449806,9222800
2010-12-03,5.738620281219482,5.835438036289487,5.706934592561324,5.826635933824113,12417200
2010-12-06,5.624199867248535,5.745661215983142,5.624199867248535,5.738619803199839,9944600
2010-12-07,5.611879825592041,5.7174987128177746,5.611879825592041,5.675251560831305,8607800
2010-12-08,5.529143333435059,5.63300183156478,5.49217692007689,5.606597202629935,13077600
2010-12-09,5.456968784332275,5.571389030401553,5.377754587032718,5.536182981631834,12561600
2010-12-10,5.4305644035339355,5.502737192813638,5.324945581056597,5.476332571132548,11826200
2010-12-13,5.488655090332031,5.523861143124049,5.374234831190217,5.458729760794664,8460400
2010-12-14,5.485135555267334,5.513300537814675,5.43584666793295,5.476334124128694,6819400
2010-12-15,5.465771198272705,5.49217615930302,5.423523730678439,5.4481683385898645,6865200
2010-12-16,5.412962913513184,5.518581769220156,5.386558283524713,5.467532526923103,9427400
2010-12-17,5.390079021453857,5.448169342064506,5.346071192635091,5.377756547352009,5672400
2010-12-20,5.289741516113281,5.407682524743996,5.282700437260096,5.400641445890812,10976800
2010-12-21,5.377755165100098,5.42704404157944,5.298541295038623,5.326706271383103,7998000
2010-12-22,5.43936824798584,5.4428889553077795,5.328468653369774,5.368955780312693,9272200
2010-12-23,5.5002827644348145,5.556986654710332,5.41345455222085,5.438262757702773,7554600
2010-12-27,5.466612339019775,5.502052086126532,5.424084439702648,5.47547219130104,4820600
2010-12-28,5.455982685089111,5.482562590809686,5.369154474829746,5.464842541002024,4415000
2010-12-29,5.493196964263916,5.528637079871318,5.413456873138256,5.448896988745658,5043000
2010-12-30,5.567619800567627,5.567619800567627,5.480791906827123,5.521547794871904,8379600
2011-01-03,5.564072608947754,5.634952448058976,5.56052853249676,5.581792653220993,6626800
2011-01-04,5.587111473083496,5.633183475308517,5.518003300755017,5.581795355833029,7026600
2011-01-05,5.666849613189697,5.686341699654492,5.549897770364529,5.564073741071161,8229600
2011-01-06,5.617233753204346,5.695201421274651,5.580021619731969,5.643813655409304,8915800
2011-01-07,5.484335422515869,5.615463269280147,5.4418071616359915,5.590655060769903,7306200
2011-01-10,5.493196964263916,5.493196964263916,5.3904210345808385,5.425861150188241,7840400
2011-01-11,5.558758735656738,5.576478448015743,5.516230479645949,5.5286347514718415,6900200
2011-01-12,5.656218528747559,5.668622462642454,5.594198521291229,5.60837449402566,6093200
2011-01-13,5.599514484405518,5.670394346135848,5.581794434477476,5.670394346135848,6412000
2011-01-14,5.629638195037842,5.629638195037842,5.5250902773095225,5.567618192286527,7726200
2011-01-17,5.564072608947754,5.599512697494231,5.519772667255524,5.587108767897484,4871600
2011-01-18,5.5906548500061035,5.597743005879495,5.535722993914828,5.5941989279427995,6240000
2011-01-19,5.510915279388428,5.6119191375531745,5.477247214006217,5.581795150207383,7069200
2011-01-20,5.473702430725098,5.473702430725098,5.395734751860728,5.463070535967564,16700600
2011-01-21,5.44889497756958,5.5091429490755655,5.4294028873818005,5.45775483421028,8862000
2011-01-24,5.498507976531982,5.51799971783027,5.450663966289348,5.454208042155101,6149000
2011-01-26,5.493196964263916,5.574708756986154,5.466617046549359,5.491424924685346,11011000
2011-01-27,5.493196964263916,5.535724900203604,5.34789309864115,5.5144611012247555,16682000
2011-01-28,5.379786014556885,5.505597709820549,5.246886165090415,5.493193777947432,16990400
2011-01-31,5.273467063903809,5.425859028243405,5.261063129686746,5.4028228607129805,14162600
2011-02-01,5.284099578857422,5.378015622913712,5.280555500670717,5.31599560657397,19812
2011-02-02,5.241572380065918,5.3585242725596895,5.2344845606933585,5.3159963423784955,6844000
2011-02-03,5.21853494644165,5.280554614390205,5.184866885282548,5.280554614390205,15764
2011-02-04,4.979313850402832,5.2008135738372845,4.966909919967583,5.174233674621501,20030200
2011-02-07,5.011210918426514,5.032474707077849,4.9615948482703525,5.023614851470097,10321600
2011-02-08,5.103353977203369,5.2256219307810925,5.004122186319457,5.011210340373488,20274
2011-02-09,4.975772380828857,5.1210762214584955,4.9491924676862045,5.092724269042075,12705200
2011-02-10,5.004124641418457,5.050196651427914,4.9704565691073235,4.984632546188545,13296800
2011-02-11,5.241572380065918,5.261064474808862,4.988176500335432,5.007668595078376,15882800
2011-02-14,5.275239944458008,5.298275777681959,5.181323896430087,5.204360067635951,10992000
2011-02-15,5.386875629425049,5.422315736308742,5.188411977225706,5.24511587785409,17449800
2011-02-16,5.569389820098877,5.599513799899526,5.381558124979307,5.404593950482487,22427000
2011-02-17,5.53394889831543,5.670392806333448,5.475472986019386,5.634952716101164,19198400
2011-02-18,5.518003940582275,5.532179916912033,5.440036239759582,5.493196066500686,10696800
2011-02-21,5.432947158813477,5.509143145373172,5.41345506793117,5.493195132466172,6214000
2011-02-22,5.256739139556885,5.417933795734856,5.215545014172232,5.392859170129616,19152200
2011-02-23,5.265697479248047,5.283608083447413,5.152861253539861,5.2531601587934,13516800
2011-02-24,5.265697479248047,5.265697479248047,5.265697479248047,5.265697479248047,0
2011-02-25,5.224498271942139,5.326588172964691,5.147482987559222,5.299722463477076,16094000
2011-02-28,5.3283820152282715,5.337337142472928,5.197635244405517,5.238829376316872,13489200
2011-03-01,5.185095310211182,5.355245033216916,5.1779309387417864,5.339125539026811,11907200
2011-03-02,5.226291179656982,5.3355454900107855,5.158230994263543,5.185097054696619,9459800
2011-03-03,5.290767192840576,5.328379116747812,5.2441998049439835,5.265692235286398,11496600
2011-03-04,5.3050994873046875,5.340920344704902,5.25136768877996,5.254949877004863,7604600
2011-03-09,5.3050994873046875,5.3050994873046875,5.3050994873046875,5.3050994873046875,0
2011-03-10,5.016738414764404,5.113455078317711,4.979126132215325,5.106291045499328,18180400
2011-03-11,5.047186851501465,5.079425856601213,4.970171526344559,5.014947846401717,12915600
2011-03-14,5.104498863220215,5.125991640323806,5.000617847387746,5.014946251584773,12159400
2011-03-15,5.163602352142334,5.167184537748498,4.945094154406637,4.989870449635625,10775400
2011-03-16,5.041812419891357,5.194051941677547,4.99703611004931,5.167186224095544,10249400
2011-03-17,5.03285551071167,5.1170348203961895,4.997034338888123,5.100915327237194,7028600
2011-03-18,5.104498863220215,5.143901889358013,5.059722557402494,5.061513650629135,11543200
2011-03-21,5.111666202545166,5.181517170839794,5.050770363964511,5.154651440081576,6922600
2011-03-22,5.194051265716553,5.228081352420304,5.088379160912343,5.122409247616094,6870800
2011-03-23,5.232863903045654,5.232863903045654,5.232863903045654,5.232863903045654,0
2011-03-24,5.17872953414917,5.238275886265311,5.169707150999011,5.209404948522256,7126400
2011-03-25,5.146251201629639,5.20579757177872,5.117380255143346,5.20579757177872,7077600
2011-03-28,5.119184970855713,5.198579905308124,5.0957271106370285,5.149860395947869,6863600
2011-03-29,5.090315341949463,5.1606886014288325,5.077684341167488,5.1606886014288325,7949200
2011-03-30,5.202187538146973,5.202187538146973,5.090312385596294,5.117379193459469,7949200
2011-03-31,5.3321099281311035,5.3321099281311035,5.162493138306673,5.202190618956632,10965400
2011-04-01,5.3321099281311035,5.3321099281311035,5.3321099281311035,5.3321099281311035,0
2011-04-04,5.395265579223633,5.409701058829603,5.326697137137522,5.377221143673925,7171200
2011-04-05,5.395265579223633,5.395265579223633,5.395265579223633,5.395265579223633,0
2011-04-06,5.377218723297119,5.395263150724725,5.3357167811318025,5.3916541964054385,11910000
2011-04-07,5.368196964263916,5.434961246010062,5.33210810750889,5.368196964263916,9081400
2011-04-08,5.3032402992248535,5.375418055463243,5.263542808628978,5.341133655666913,10706400
2011-04-11,5.232863903045654,5.323085694477476,5.211210521667736,5.292410271623904,7307400
2011-04-12,5.119184970855713,5.214819856484492,5.061442731023715,5.196775428047545,16990200
2011-04-13,5.139033317565918,5.1660997870055,5.075877992761005,5.164295653989182,7310800
2011-04-14,5.102944374084473,5.185948252556874,5.090313034858461,5.115575369141681,8328200
2011-04-15,5.027160167694092,5.126404036905838,5.016333300960159,5.1155775143408535,15151400
2011-04-18,5.023551940917969,5.0325739870028565,4.891828140732226,4.987463068240424,9027600
2011-04-19,5.0794878005981445,5.106554274585496,5.034376895896262,5.052421326610793,8212600
2011-04-20,5.238278865814209,5.238278865814209,5.1119681832159,5.124599182641947,13170000
2011-04-25,5.232863903045654,5.254517284423573,5.1606865387339615,5.218428430183316,6632800
2011-04-26,5.305042266845703,5.32489117483433,5.238278321342136,5.270757883275045,11822200
2011-04-27,5.305042266845703,5.32850012977206,5.19497189459604,5.296020223670266,11864800
2011-04-28,5.17872953414917,5.267146824008366,5.11016079888287,5.24368897198668,11904800
2011-04-29,5.231061935424805,5.245497415212306,5.128209098917738,5.16971106028568,10076400
2011-05-02,5.21301794052124,5.243693380685072,5.12460057632408,5.19677798136574,8493200
2011-05-03,5.070462226867676,5.178728391602487,5.030764438102677,5.16068397345191,8909400
2011-05-04,4.971219539642334,5.120987668603974,4.953175460431744,5.097530159128959,13844600
2011-05-05,4.987459659576416,5.050614971514316,4.904455790983398,4.9549797651987095,12866800
2011-05-06,5.117380619049072,5.117380619049072,4.998287870282019,5.070465241630407,13744400
2011-05-09,5.108359336853027,5.158883679803708,5.056030860376367,5.099337292547409,17486
2011-05-10,5.108359336853027,5.108359336853027,5.108359336853027,5.108359336853027,0
2011-05-11,5.241886615753174,5.245495570473096,5.1877536716298005,5.205798101060546,12885000
2011-05-12,5.286996364593506,5.314063174923048,5.169708115117719,5.178730499950496,12298600
2011-05-13,5.128208637237549,5.270758944284538,5.111968680917531,5.267150332789277,9546400
2011-05-16,5.128208637237549,5.128208637237549,5.128208637237549,5.128208637237549,0
2011-05-17,5.052419662475586,5.074073041034743,4.931522463928169,5.028962151191211,10118200
2011-05-18,4.922501087188721,5.0794868122716474,4.909869747228033,5.075877857997165,13091000
2011-05-19,4.917089939117432,4.9820497695481025,4.850325630711576,4.95137433230795,10191800
2011-05-20,4.900204181671143,4.961910484244476,4.892944453762337,4.947391374589744,6046000
2011-05-23,4.923794746398926,4.9600926725433965,4.820346106898667,4.854829102119647,7203200
2011-05-24,4.996392726898193,5.00909690261129,4.931056570473324,4.947390609579541,6860400
2011-05-25,4.945574760437012,4.990947005945608,4.931055655720771,4.958278933793377,6711800
2011-05-26,5.0998406410217285,5.0998406410217285,4.965538831204536,4.965538831204536,13206800
2011-05-27,5.1506547927856445,5.163359306471209,5.098023192167288,5.12706138826623,7897000
2011-05-30,5.136138916015625,5.168806993656324,5.087137145717397,5.168806993656324,2163400
2011-05-31,5.0907673835754395,5.186956698450098,5.030876014809712,5.1615483438715675,20425600
2011-06-01,5.0109100341796875,5.074430889925828,4.958278072375513,5.04720761658281,14406800
2011-06-02,4.972797870635986,5.02724477110592,4.8856832452793935,5.01272566687982,14121600
2011-06-03,4.972797870635986,5.041763875332019,4.900202349505492,4.941944730885183,11983600
2011-06-06,4.960093021392822,5.003650328132019,4.925610023746612,4.990946156936758,11638000
2011-06-07,5.0472092628479,5.070803027960154,4.978243591473314,4.978243591473314,9268200
2011-06-08,5.036319255828857,5.054468223280613,4.985502216196494,5.021800151100005,9430800
2011-06-09,4.998205184936523,5.045392001042596,4.9582773996984795,5.016353800594557,5289400
2011-06-10,4.918352127075195,4.994577523367977,4.914722263879632,4.976428553552971,10194000
2011-06-13,4.965539455413818,5.000022118292157,4.921982134281061,4.921982134281061,7981800
2011-06-14,5.016353607177734,5.016353607177734,4.961907069977634,4.99094526930604,9916200
2011-06-15,5.009097576141357,5.0163569577408795,4.949206206753093,4.981874289358124,9930000
2011-06-16,4.909279823303223,5.025433078122207,4.8893162584798295,4.963726758857958,9319000
2011-06-17,4.909279823303223,4.963726758857958,4.833054390456972,4.956467028985471,12526000
2011-06-20,4.945574760437012,4.958278933793377,4.847570543980318,4.880238616132549,6072200
2011-06-21,4.909279823303223,4.954652096517349,4.90383537206183,4.954652096517349,5916000
2011-06-22,4.995858669281006,5.039842709159912,4.9133883760367585,4.926217010640514,12412200
2011-06-24,4.939047813415527,4.997693221514686,4.92072103599599,4.983031869489896,6864000
2011-06-27,4.917055606842041,4.984864578376229,4.904226967524433,4.948211023565175,7676400
2011-06-28,5.025180339813232,5.0288457631123435,4.917052799367499,4.937212277958604,10838600
2011-06-29,5.09665584564209,5.113149905786085,5.008687757910183,5.039843166009496,7035200
2011-06-30,5.131476402282715,5.131476402282715,5.069165589433527,5.11131691884501,6821800
2011-07-01,5.153467178344727,5.153467178344727,5.023347452215908,5.11314822257473,9534000
2011-07-04,5.210280895233154,5.210280895233154,5.116814682760979,5.135141452774868,3668000
2011-07-05,5.184621810913086,5.199283151877912,5.129641520129532,5.19561772924822,5057000
2011-07-06,5.140641212463379,5.162633414833151,5.060003952734009,5.131477998715923,6243600
2011-07-07,5.003189563751221,5.188289298027699,4.986695503797092,5.186456585860117,8506000
2011-07-08,4.8657402992248535,4.984864167771405,4.862075223689005,4.961039254240424,10962200
2011-07-11,4.728288173675537,4.810758458500011,4.693467697464351,4.810758458500011,8993800
2011-07-12,4.737455368041992,4.818093002906664,4.673311802798601,4.728291801833331,13999200
2011-07-13,4.847412109375,4.9133879892222625,4.731953707922705,4.770439958258153,14197600
2011-07-14,4.761277675628662,4.882233895596751,4.702632278014333,4.829086635091569,10089600
2011-07-15,4.722790241241455,4.785101043497531,4.673308071881507,4.768606987044215,10077600
2011-07-18,4.596336841583252,4.689803063607031,4.54868737449932,4.6751417160084445,12290400
2011-07-19,4.7007975578308105,4.722789747319909,4.607331364221633,4.6366540505044345,10092600
2011-07-20,4.797932147979736,4.8144262129297335,4.70996403461589,4.70996403461589,10851600
2011-07-21,4.915219783782959,4.950040603863339,4.801594464968641,4.810757673095802,8186000
2011-07-22,4.9610371589660645,5.016017463433184,4.915220413353811,4.920718548666732,9915000
2011-07-25,4.856577396392822,4.904226876945444,4.805262490515952,4.904226876945444,15054
2011-07-26,4.753946304321289,4.852910307267159,4.7319541094699415,4.8345835364833825,14331400
2011-07-27,4.643985748291016,4.74844788102007,4.585340364973234,4.675141151872844,15844600
2011-07-28,4.719125270843506,4.72279069475267,4.621993634575031,4.638487692612207,14389800
2011-07-29,4.819921493530273,4.832750475913628,4.636654511273548,4.636654511273548,17362
2011-08-01,4.84191370010376,4.940877689058816,4.726455654730522,4.876734524714811,9869200
2011-08-02,4.682473182678223,4.812592975365176,4.631158630255907,4.7851029866311965,13927000
2011-08-03,4.627492904663086,4.700799653043949,4.572512930765977,4.673309666095394,11116600
2011-08-04,4.398409366607666,4.590839636575083,4.271954999442528,4.552353722403268,15354400
2011-08-05,4.396574020385742,4.490040205383048,4.271952440389334,4.396574020385742,14843400
2011-08-08,4.147332191467285,4.257292464964607,3.8669338960363002,4.215141137482757,24106200
2011-08-09,4.442391872406006,4.442391872406006,4.178487304371318,4.306774339409388,32561000
2011-08-10,4.36175537109375,4.4827115883900985,4.293946762682776,4.394743493911688,15088600
2011-08-11,4.447890281677246,4.519364301551953,4.378248624239368,4.4130694529583065,13823600
2011-08-12,4.471714973449707,4.563348478436604,4.403906375509689,4.491874456404131,12957400
2011-08-15,4.537692546844482,4.578011175087268,4.499206281634119,4.50836984456715,8012600
2011-08-16,4.579842567443848,4.579842567443848,4.418567751409169,4.453388231854445,11930600
2011-08-17,4.741118907928467,4.7649434714820424,4.583509127399034,4.583509127399034,16659000
2011-08-18,4.618330001831055,4.638489140516004,4.468050720632228,4.620162364803545,17260800
2011-08-19,4.635345935821533,4.655676513320819,4.54293473267316,4.555872244710611,11897200
2011-08-22,4.615015029907227,4.753631824765497,4.568809431621136,4.722212003830126,12022600
2011-08-23,4.738846778869629,4.738846778869629,4.489336791628737,4.648283834552726,12493800
2011-08-24,4.755478382110596,4.842345101286023,4.648281446709088,4.7129693315680665,10999400
2011-08-25,4.729604721069336,4.883007282000949,4.659372019426017,4.729604721069336,10082800
2011-08-26,4.700037002563477,4.803537520839495,4.624259793331982,4.7129745232828535,7571000
2011-08-29,4.805382251739502,4.847891317822989,4.749935674458497,4.762873185656015,7603200
2011-08-30,4.842349052429199,4.8774650693458295,4.751785728218586,4.777661114787718,6942400
2011-08-31,4.938454627990723,4.938454627990723,4.853436489294509,4.877463247289293,13115600
2011-09-01,5.239714622497559,5.33582234615144,5.045650909059446,5.045650909059446,25070200
2011-09-02,5.104795932769775,5.163939056991041,5.021625694008104,5.15654599020297,16099400
2011-09-05,4.9310622215271,4.98096435952727,4.9236691555178345,4.973571293518005,7128800
2011-09-06,5.012386798858643,5.06044034289442,4.827564282496201,4.844197984649525,10522400
2011-09-08,5.123278617858887,5.173180768159673,5.064135485289454,5.080769535389717,10445200
2011-09-09,4.918124198913574,5.06967851119149,4.897793622015548,5.064133712259095,11351400
2011-09-12,4.823864936828613,4.87746325203253,4.718516220289218,4.803534359068109,9667800
2011-09-13,4.80353307723999,4.894095991019688,4.736996915066877,4.866372707621115,9493600
2011-09-14,4.812778472900391,4.870073354000356,4.731456467373331,4.827564260039768,9892800
2011-09-15,4.842349052429199,4.944001274065171,4.812777484225248,4.870072353555291,7714800
2011-09-16,4.918124198913574,4.932909976879206,4.829409178599029,4.829409178599029,10061800
2011-09-19,4.834954261779785,4.868222352288486,4.777659412859674,4.823865015783809,9119800
2011-09-20,4.749937534332275,4.858982817867063,4.729606950192301,4.858982817867063,11303200
2011-09-21,4.639041423797607,4.796140504273834,4.620559116826166,4.773961665403967,17345000
2011-09-22,4.51348352432251,4.548993432961329,4.386395730433263,4.485449536016706,15821800
2011-09-23,4.466763019561768,4.560209946148715,4.410695006198293,4.487321457481851,9948400
2011-09-26,4.5172224044799805,4.545256398495271,4.373314117004161,4.522829345871668,12736600
2011-09-27,4.612537860870361,4.719067242578265,4.584503869337472,4.597586374954718,10257200
2011-09-28,4.597586154937744,4.739625442574857,4.597586154937744,4.6181442242932365,11251200
2011-09-29,4.651784420013428,4.705983768093796,4.588240528836463,4.636832937175993,7735800
2011-09-30,4.6424407958984375,4.6424407958984375,4.434988618550871,4.562076426062117,12629000
2011-10-03,4.472367763519287,4.597586597809247,4.470498783130295,4.573290209223916,13425800
2011-10-04,4.40321683883667,4.457416199765093,4.259308916089537,4.4480712979818025,20396600
2011-10-05,4.4106926918029785,4.448071228941309,4.307900912611585,4.378920739176046,13401400
2011-10-06,4.42938232421875,4.494794856069793,4.416299461376978,4.481712349699584,11053600
2011-10-07,4.298556327819824,4.507877488456791,4.298556327819824,4.4761055361227395,10720000
2011-10-10,4.5172224044799805,4.548994359423063,4.34528012298887,4.34528012298887,15440800
2011-10-11,4.363967418670654,4.51161323777779,4.345277979721658,4.468627777725077,27467800
2011-10-13,4.401348114013672,4.4761059067340705,4.307901229584748,4.406955055409174,31133200
2011-10-14,4.427513599395752,4.4443340675488745,4.3639696878109735,4.420037677340327,16540800
2011-10-17,4.3826584815979,4.403216551235256,4.326590143974991,4.39947894723762,10293600
2011-10-18,4.485450744628906,4.496664271678432,4.324721978875459,4.363969858256193,10293600
2011-10-19,4.5022711753845215,4.532174151578237,4.464892276906578,4.498533214242408,13026800
2011-10-20,4.4480719566345215,4.5527327332758,4.436858429305673,4.487319836992903,12092800
2011-10-21,4.539649486541748,4.539649486541748,4.476105581233245,4.494794671582706,10681000
2011-10-24,4.649916648864746,4.687295543910865,4.558338748120473,4.560207728519935,12043400
2011-10-25,4.649916648864746,4.649916648864746,4.649916648864746,4.649916648864746,0
2011-10-26,4.649916648864746,4.649916648864746,4.649916648864746,4.649916648864746,0
2011-10-27,4.649916648864746,4.649916648864746,4.649916648864746,4.649916648864746,0
2011-10-28,4.877927303314209,4.915305842167054,4.769528934639296,4.803169869136952,25942000
2011-10-31,4.840547561645508,4.905960438790347,4.752707636404526,4.791955148808528,15015200
2011-11-01,4.821859836578369,4.840549287636908,4.634966038936237,4.679820864065382,16352000
2011-11-03,4.717196941375732,4.859236196036448,4.691031937467937,4.840546754757404,24299200
2011-11-04,4.728410720825195,4.73775562020889,4.646177745077452,4.709721635000729,8932800
2011-11-07,4.7620530128479,4.775135519269596,4.7134605915162,4.7284120783512185,8912800
2011-11-08,4.748970985412598,4.793825450441723,4.700378559179812,4.771398396162961,7509200
2011-11-09,4.620014190673828,4.709723477495229,4.545256748715663,4.672344578280345,15180600
2011-11-10,4.620014190673828,4.620014190673828,4.620014190673828,4.620014190673828,0
2011-11-11,4.57328987121582,4.64804765536396,4.567683286934783,4.636833773858819,11793400
2011-11-14,4.728410720825195,4.78261006783624,4.595716357819885,4.597585337696624,17254800
2011-11-16,4.737756729125977,4.808776198707531,4.705984776727809,4.726543203712372,12478000
2011-11-17,4.6330976486206055,4.747102628538711,4.578898273461003,4.707855100158293,12116400
2011-11-18,4.55718469619751,4.6886778553878585,4.517736497636697,4.671771894051522,9543200
2011-11-21,4.544033527374268,4.544033527374268,4.421932659487821,4.504585345210143,8214800
2011-11-22,4.470776081085205,4.592877399056811,4.448234552865709,4.566578471745891,9007400
2011-11-23,4.358066558837891,4.450111884101825,4.331767638554598,4.416299242516903,11062200
2011-11-24,4.373091697692871,4.418175072932078,4.322372766189707,4.395633206167066,4778200
2011-11-25,4.350552558898926,4.390000760900598,4.328011036290292,4.348674038966366,5519800
2011-11-28,4.4332051277160645,4.478288525969191,4.423812529148122,4.423812529148122,8485800
2011-11-29,4.359944820404053,4.4613827474844525,4.341160337573795,4.42381306524185,10590000
2011-11-30,4.545912742614746,4.5571834999775005,4.418176298200476,4.425690017012006,22339200
2011-12-01,4.7375168800354,4.761937271446452,4.602266721688862,4.602266721688862,15459600
2011-12-02,4.673651218414307,4.8051447686135305,4.628567807620855,4.771332120945668,14384000
2011-12-05,4.540279388427734,4.677408137485045,4.52713010540732,4.624811005403386,25702800
2011-12-06,4.585362434387207,4.602268756441502,4.508344904269226,4.538400508301069,12809000
2011-12-07,4.468896865844727,4.574091475425059,4.444476464688817,4.5646988756377676,18319800
2011-12-08,4.4482316970825195,4.5571833023057176,4.378727920063336,4.4970721212571805,17002200
2011-12-09,4.545912742614746,4.545912742614746,4.418176298200476,4.45386708956435,14733600
2011-12-12,4.545912742614746,4.545912742614746,4.545912742614746,4.545912742614746,0
2011-12-13,4.4332051277160645,4.517736365081551,4.406906210016825,4.461382206837893,11561000
2011-12-14,4.376850128173828,4.470773953742287,4.3449160131489135,4.425690560464342,17509800
2011-12-15,4.329888343811035,4.427569211289209,4.294197547005949,4.40878437396018,9994000
2011-12-16,4.264143943786621,4.3712171008330785,4.264143943786621,4.3712171008330785,10763400
2011-12-19,4.22281551361084,4.326131946547197,4.22281551361084,4.28668374974139,9366200
2011-12-20,4.303589344024658,4.311103421500052,4.234085918831941,4.264141512151646,10210000
2011-12-21,4.399392127990723,4.4219340044107005,4.282926423354283,4.2941975407097575,12705000
2011-12-22,4.528761863708496,4.555379156105862,4.41088497226295,4.41088497226295,11757200
2011-12-23,4.549676418304443,4.562985066727711,4.496441461977904,4.553478992892083,6871600
2011-12-26,4.542068958282471,4.555377599934763,4.511649102324862,4.524957743977154,3757600
2011-12-27,4.5724897384643555,4.589600956228312,4.51925516109503,4.534465092148174,6687200
2011-12-28,4.462218761444092,4.580096028503242,4.439404040486483,4.547774871618754,7416400
2011-12-29,4.505945205688477,4.515451273843266,4.46792020780281,4.505945205688477,8347400
2012-01-02,4.618120193481445,4.618120193481445,4.496440374538865,4.5439714574888175,7081000
2012-01-03,4.597203254699707,4.648536876185885,4.572486905406449,4.610511890796167,12579800
2012-01-04,4.574389457702637,4.601007099899788,4.526858394119512,4.553476036316662,10476000
2012-01-05,4.526860237121582,4.5762926068892185,4.475526943153953,4.54207016915521,10574600
2012-01-06,4.412785053253174,4.5762920756074665,4.397575122985334,4.543970928459138,15820000
2012-01-09,4.44890832901001,4.464118257757795,4.374759971693723,4.464118257757795,11445400
2012-01-10,4.542068958282471,4.545871530935494,4.469821891041471,4.502143033325591,10543400
2012-01-11,4.610515594482422,4.635231600997228,4.5211572784569825,4.540169423791405,13968200
2012-01-12,4.6504387855529785,4.677056426025263,4.581994305019194,4.6219202217778,13578200
2012-01-13,4.696072101593018,4.699874313405791,4.587700905676152,4.63903457279991,15823200
2012-01-16,4.696072101593018,4.713183323967604,4.640935860023027,4.682763091031205,8599400
2012-01-17,4.696072101593018,4.696072101593018,4.696072101593018,4.696072101593018,0
2012-01-18,4.8957037925720215,4.905209868475052,4.72078931246799,4.724591887882622,19486800
2012-01-19,4.905206203460693,4.922317417408032,4.785428068462599,4.857675134192147,21512600
2012-01-20,4.96224308013916,4.992662931634938,4.867180953556545,4.878588307209154,15586000
2012-01-23,4.96224308013916,4.96224308013916,4.831057243917846,4.94132929624835,12778800
2012-01-24,4.943233966827393,4.973653839151036,4.851974349856461,4.920418881267918,12036800
2012-01-26,5.053501129150391,5.085822257065101,4.981254094029163,4.992661444283435,16906600
2012-01-27,5.142861843109131,5.169479490008195,5.047799699150491,5.097232057524979,16776200
2012-01-30,5.203701972961426,5.203701972961426,5.061108755568219,5.085824753691054,21210800
2012-01-31,5.169480323791504,5.226517474312866,5.1048380264628355,5.209406256629785,20733000
2012-02-01,5.224616527557373,5.2664441124524055,5.177085444819114,5.211307882412002,21883800
2012-02-02,5.209404468536377,5.258836817916467,5.120046200022311,5.190391970677383,15861200
2012-02-03,5.19039249420166,5.253133489621389,5.110540285246253,5.142861426076615,12781600
2012-02-06,5.161874294281006,5.186590654544786,5.106738439889944,5.154269511407509,10816600
2012-02-07,5.1808881759643555,5.1960981083976305,5.1124432986979205,5.114344585581254,8144600
2012-02-08,5.209404468536377,5.258836817916467,5.159972119156287,5.190391970677383,12510800
2012-02-09,5.0934295654296875,5.236022773474641,5.078219275110277,5.173281413806912,11988600
2012-02-10,4.958441257476807,5.01928096966385,4.910910187001518,5.009774900622108,14674200
2012-02-13,5.017383098602295,5.040198187519042,4.937530831343982,5.028790824377436,18877600
2012-02-14,5.222713947296143,5.224615233650814,5.104837094372848,5.123849595286271,21423600
2012-02-15,5.323479652404785,5.399529289198199,5.277849870328737,5.285454652691442,30360000
2012-02-16,5.467977523803711,5.507903471814056,5.230322035265477,5.230322035265477,22360000
2012-02-17,5.323479652404785,5.513603925704956,5.294961083936414,5.504097857093257,15335600
2012-02-23,5.305697441101074,5.349672503540631,5.269370041196305,5.298049413888277,10540000
2012-02-24,5.229220390319824,5.317170538711142,5.173773272238083,5.305698859503168,16430400
2012-02-27,5.164212703704834,5.21583579819479,5.1183256301619995,5.16230069672246,10692600
2012-02-28,5.2712836265563965,5.286579320884483,5.1642137662597865,5.1642137662597865,13457400
2012-02-29,5.28657865524292,5.370705145793957,5.269370955705706,5.301874347645102,12007200
2012-03-01,5.366881847381592,5.405121265826621,5.296139397339846,5.311435091782233,11207400
2012-03-02,5.468215465545654,5.481599151165088,5.386000979965611,5.391737001521689,8183400
2012-03-05,5.477774620056152,5.48351064107113,5.39747214923669,5.410855833593592,8122000
2012-03-06,5.382176876068115,5.4108562540152905,5.324818120173764,5.386000890375225,9002400
2012-03-07,5.458653926849365,5.496893330673067,5.384087490538929,5.42997455632058,10913400
2012-03-08,5.47395133972168,5.577197543761131,5.4605676535709575,5.516014770113204,12696200
2012-03-09,5.493072032928467,5.582934566935511,5.493072032928467,5.506455721479773,9636000
2012-03-12,5.51601505279541,5.525574724913523,5.399385156628242,5.4510082612935244,8437800
2012-03-13,5.661322593688965,5.661322593688965,5.516013361055132,5.544692733291729,13184000
2012-03-14,5.544694900512695,5.695740212503206,5.477776096019154,5.62690940048949,12674600
2012-03-15,5.468215465545654,5.5179265583307515,5.426152036823912,5.485423165535806,11089600
2012-03-16,5.521749019622803,5.573372108482848,5.498805667692563,5.502629681240271,9298000
2012-03-19,5.494980335235596,5.531307725863485,5.441445252451228,5.5160120400219395,6885000
2012-03-20,5.479687213897705,5.479687213897705,5.41085641305885,5.439536156527097,5821000
2012-03-21,5.382176876068115,5.506454423624593,5.3745292121319705,5.439535996640543,11058400
2012-03-22,5.208188533782959,5.368793497066504,5.168037475301122,5.361145832693909,11058400
2012-03-23,5.166301250457764,5.264872700713222,5.141175367991297,5.251343351027653,11815200
2012-03-26,5.295799255371094,5.318992699309186,5.208824670059638,5.216555572274146,10639800
2012-03-27,5.28033447265625,5.34991440143556,5.259073856940994,5.305460721891936,6882200
2012-03-28,5.204954624176025,5.286131056203035,5.152769696020025,5.228147679814044,11262600
2012-03-29,5.094790458679199,5.168235680748713,5.048403944427836,5.168235680748713,16048800
2012-03-30,5.015544414520264,5.170166055641364,4.95562820601965,5.123779563305034,19707800
2012-04-02,4.996220588684082,5.038741481630219,4.928573428678629,5.034875845367653,12235200
2012-04-03,4.971089839935303,5.077392529434429,4.932434618101374,5.0058797976387615,7441800
2012-04-04,4.677309036254883,4.973022957339692,4.6270569130467,4.938232997530408,33602600
2012-04-05,4.663780212402344,4.75268794542994,4.522687898330485,4.735292962199479,32912000
2012-04-09,4.654115676879883,4.68697282067794,4.52655273475732,4.603863552915379,8916800
2012-04-10,4.683105945587158,4.743022136335272,4.599996699866258,4.663778154011862,18820000
2012-04-11,4.752688884735107,4.793276941196454,4.70436955924463,4.752688884735107,14172200
2012-04-12,4.866721153259277,4.866721153259277,4.756553181117428,4.773948162892151,9073600
2012-04-13,4.735293865203857,4.82226879794199,4.696638257620866,4.82226879794199,13468400
2012-04-16,4.621256351470947,4.789407624149753,4.611592642005899,4.779743546037818,11233200
2012-04-17,4.518824100494385,4.613530322625227,4.513026016159993,4.600000599001339,22414200
2012-04-18,4.592268466949463,4.594201284092305,4.4473104990608325,4.522688524395824,21583600
2012-04-19,4.605796813964844,4.6541161260579065,4.53235162178811,4.588401832119573,7062800
2012-04-20,4.657981872558594,4.706301185824456,4.625124724791923,4.625124724791923,6923800
2012-04-23,4.596132755279541,4.628989899791459,4.5420149970695975,4.563275610767623,9479400
2012-04-24,4.561343669891357,4.63285605372777,4.52655370212353,4.609662987647311,8148800
2012-04-25,4.453108310699463,4.5806712746223734,4.40865426009526,4.5381500408833215,13920800
2012-04-26,4.4936957359313965,4.513023533256215,4.387393403615504,4.4202505484735735,9009000
2012-04-27,4.549747467041016,4.549747467041016,4.46857099257389,4.50915904548387,6683800
2012-04-30,4.557477951049805,4.578738568433237,4.487898016811032,4.532352068489765,5343200
2012-05-02,4.433781623840332,4.5787396072956215,4.400924466177911,4.555546167738,5343200
2012-05-03,4.36806583404541,4.491763153538617,4.313948072443587,4.46470445706125,20059600
2012-05-04,4.3796610832214355,4.493694654482867,4.317812441584113,4.348736762402774,20898800
2012-05-07,4.420251846313477,4.464705535159753,4.3777306059847065,4.406722126160663,11363000
2012-05-08,4.429914474487305,4.4589059875362995,4.333275851892596,4.3951245113696755,13999000
2012-05-09,4.319746971130371,4.406721519688421,4.283024187349614,4.393192170044755,16131800
2012-05-10,4.315881729125977,4.445377523916384,4.3004195611799805,4.379663217984108,9046800
2012-05-11,4.314584255218506,4.395991519267732,4.275818750549254,4.283571999361206,9587200
2012-05-14,4.128511428833008,4.258375422794365,4.120758547691094,4.229301471545328,14150400
2012-05-15,3.977325677871704,4.1226957651942495,3.954066301234187,4.118819140805455,20305600
2012-05-16,3.9540672302246094,4.068425088695166,3.8959193295121017,4.018030068886502,16097200
2012-05-17,3.7602407932281494,3.9870182211389364,3.7311668398437665,3.9540676420512026,20406200
2012-05-18,3.905611515045166,3.9346854727858633,3.7583030435041445,3.814513015538866,16644800
2012-05-21,4.142080307006836,4.1885987106846505,3.936623561977226,3.967635831095769,13268200
2012-05-22,4.1498332023620605,4.281635531374029,4.128512128640886,4.159524397856007,16958000
2012-05-23,3.975388765335083,4.134326724282152,3.822265375323154,4.128511785651633,27432800
2012-05-24,3.99670672416687,4.099434638754811,3.8765340072754895,4.031595219688472,19157200
2012-05-25,4.0315961837768555,4.085867805947091,3.95406555903022,3.95406555903022,10103400
2012-05-28,3.994770050048828,4.099436318901092,3.9734489859679853,4.0916834399504864,5898400
2012-05-29,3.9443776607513428,4.07424170419588,3.928871522863733,3.9947727013099454,11153000
2012-05-30,3.8610284328460693,3.9036701798749345,3.8203246277636183,3.874596244641838,16288400
2012-05-31,3.876535654067993,3.895918406277383,3.7738073261449014,3.895918406277383,14348000
2012-06-01,3.866844415664673,3.9114244864160552,3.7621777768272584,3.769931025494583,10767000
2012-06-04,3.7369792461395264,3.8629665385636773,3.7369792461395264,3.839707169800006,12168000
2012-06-05,3.643944025039673,3.8086968940308705,3.643944025039673,3.7738080076921094,11635800
2012-06-06,3.7214739322662354,3.735041746287251,3.657511116384872,3.6923996225695386,17779400
2012-06-08,3.725351095199585,3.733104344928644,3.6536353836822664,3.733104344928644,8730600
2012-06-11,3.7602407932281494,3.8552159047880004,3.6982162607560327,3.800944623722586,11711400
2012-06-12,3.7602407932281494,3.7970679980192346,3.684648440489679,3.7757469263461787,9489800
2012-06-13,3.750548839569092,3.818388296865801,3.713721642231684,3.73698102204881,21856400
2012-06-14,3.682710647583008,3.7563646978686798,3.682710647583008,3.75442675443877,17866400
2012-06-15,3.7195379734039307,3.7272908564512846,3.645883551129154,3.705970150799482,18391200
2012-06-18,3.8649075031280518,3.8649075031280518,3.6924013547614796,3.7156607394913177,10513400
2012-06-19,4.0238447189331055,4.052918667209142,3.8881658007178537,3.893980738251185,17355000
2012-06-20,4.008338928222656,4.03935119163791,3.9404994633660353,4.031597940936426,11219200
2012-06-21,3.97151255607605,4.025784213232924,3.950191481890239,4.01221639136756,8082400
2012-06-22,3.9101924896240234,4.010504318037772,3.906258979315302,3.992802208602642,9638200
2012-06-25,3.75677227973938,3.8669183754620917,3.6997321028392194,3.8649514340011493,6525800
2012-06-26,3.6682631969451904,3.7823432193516258,3.6603958032391612,3.766608056783699,12780000
2012-06-27,3.6977663040161133,3.756773440610869,3.619090497045612,3.678097633640368,11605000
2012-06-28,3.6898980140686035,3.7253022123893116,3.6446594829502543,3.6485929909758616,7576000
2012-06-29,3.841350555419922,3.8452840648947544,3.7528400270081708,3.8059463440552213,12542400
2012-07-02,3.8649520874023438,3.864952087402344,3.7626733650766386,3.8492169282103728,6622800
2012-07-03,3.923959255218506,3.9593630823898027,3.864952126288096,3.8747868353543935,8163200
2012-07-04,3.923959255218506,3.9455948648527777,3.864952126288096,3.9082240958682215,5482000
2012-07-05,3.9141242504119873,3.9475615083993905,3.88462087575387,3.9436276250701043,12115600
2012-07-06,3.823648691177368,3.882655463740524,3.8000457570585593,3.864953356940395,7627400
2012-07-10,3.7135000228881836,3.8433155229070266,3.6859635949340896,3.8433155229070266,10214400
2012-07-11,3.650561571121216,3.737105164177402,3.644661118856512,3.737105164177402,9060600
2012-07-12,3.6623623371124268,3.68596489075477,3.5404145594408987,3.61909036350842,10539800
2012-07-13,3.6977663040161133,3.7174353495476984,3.579752781138281,3.7174353495476984,10729600
2012-07-16,3.607290506362915,3.786278171741871,3.5954892248972627,3.766609119195134,19584200
2012-07-17,3.5797529220581055,3.664329183408406,3.55811693360606,3.6387596858198696,15636800
2012-07-18,3.829549551010132,3.829549551010132,3.5463165623686703,3.5463165623686703,15685800
2012-07-19,3.9141242504119873,3.9475615083993905,3.8374154012697295,3.8374154012697295,18708400
2012-07-20,3.9180569648742676,3.9868984019763722,3.845281645616465,3.855116351005709,16197600
2012-07-23,3.845285177230835,3.862987288033923,3.744973716221331,3.8256164986994,10191600
2012-07-24,3.8747873306274414,3.90035682715651,3.83348229758099,3.864952620304077,9855000
2012-07-25,3.78627610206604,3.927892527710615,3.7744748270512676,3.9239590194762033,12665800
2012-07-26,4.049839496612549,4.110813176641613,3.8236464979870535,3.8236464979870535,28239200
2012-07-27,4.254398822784424,4.338975469253048,4.087212847380938,4.118683175114952,23246000
2012-07-30,4.327175617218018,4.327175617218018,4.193426492660861,4.238665056803422,10848400
2012-07-31,4.287836074829102,4.356677557140649,4.2445644681661365,4.338975450970368,13700600
2012-08-01,4.366510391235352,4.403881154718847,4.161952974637176,4.260297799888821,13634200
2012-08-02,4.34487771987915,4.435354847968075,4.311440438812369,4.317341267879221,14403600
2012-08-03,4.5474677085876465,4.610408375808629,4.429453769970318,4.464857989071114,17023200
2012-08-06,4.68711519241333,4.720552453968506,4.484524681207759,4.5238627683864845,13806000
2012-08-07,4.63204288482666,4.744156343477205,4.523863685878865,4.683182258468344,15392400
2012-08-08,4.6969499588012695,4.710718553189747,4.529764010798244,4.588770771839801,16804000
2012-08-09,4.600570201873779,4.69694807296209,4.571066833198694,4.65170954931658,9701600
2012-08-10,4.755956649780273,4.777592635209497,4.545498746569543,4.571068240585697,9701600
2012-08-13,4.60844087600708,4.750057360136058,4.600573105977508,4.738256080247624,16115400
2012-08-14,4.419617176055908,4.462889147728596,4.407815899761452,4.657611894788265,22945800
2012-08-15,4.553368091583252,4.576971029005817,4.327174931555843,4.388148655093188,22071200
2012-08-16,4.63204288482666,4.653678874678571,4.512062407394131,4.602539501036887,13126200
2012-08-17,4.643845558166504,4.691051057626738,4.578937949514188,4.635977787345151,9091400
2012-08-20,4.5966410636901855,4.661548686533542,4.569104234950913,4.641879630335788,7339200
2012-08-21,4.582867622375488,4.677278917398078,4.539596044558719,4.677278917398078,15207000
2012-08-22,4.637063980102539,4.678589743803222,4.557966640772362,4.587628331603211,10950200
2012-08-23,4.5698323249816895,4.6291549634404285,4.510509309358813,4.601471115781568,9137200
2012-08-24,4.552036285400391,4.587630025810894,4.445255064168881,4.52830699940532,9975000
2012-08-27,4.6548614501953125,4.688477333477006,4.4927121851740415,4.573786629102619,11693200
2012-08-28,4.757685661315918,4.795256851531773,4.637062961934463,4.637062961934463,17170400
2012-08-29,4.678590774536133,4.8249202810720755,4.66474885025308,4.747800773115549,14432800
2012-08-30,4.625197410583496,4.674633040460323,4.589603696725953,4.646949208421756,8607000
2012-08-31,4.583674907684326,4.694410691401446,4.554013584191336,4.686501181146604,13916000
2012-09-03,4.646950721740723,4.6528831350368955,4.589605191369861,4.591582662468585,5118000
2012-09-04,4.625197410583496,4.688474956479607,4.575761780706669,4.613332965018956,7100600
2012-09-05,4.787349224090576,4.820965488614235,4.554013221286304,4.656839109390293,13291200
2012-09-06,4.9079694747924805,4.939608249036053,4.805143269918899,4.822940127576401,11709200
2012-09-10,4.9079694747924805,4.9079694747924805,4.9079694747924805,4.9079694747924805,12039200
2012-09-11,4.99299955368042,5.012773884771359,4.894128275389718,4.963338245626009,11033800
2012-09-12,5.102171421051025,5.136172578364284,5.026168654594312,5.026168654594312,13659400
2012-09-13,5.208172798156738,5.248173895035713,5.1121693263859855,5.142170244415809,14018000
2012-09-14,5.300172805786133,5.398175955285073,5.150167915056337,5.256171508505639,15048400
2012-09-17,5.268174648284912,5.350177335810521,5.230173281888391,5.3041759026097886,11161800
2012-09-18,5.188173294067383,5.298176813524852,5.13817162495354,5.298176813524852,11210600
2012-09-19,5.290173053741455,5.332174243380141,5.190169785288741,5.210170133793528,12794000
2012-09-20,5.340178489685059,5.340178489685059,5.206173999300229,5.206173999300229,9632800
2012-09-21,5.328176021575928,5.394178188276266,5.304175441766171,5.350176870970153,9547200
2012-09-24,5.284176349639893,5.328177680647,5.230174456029494,5.290176687201867,16573600
2012-09-25,5.120168685913086,5.278173690729684,5.042165857843002,5.226171932510391,22053800
2012-09-26,5.152172088623047,5.170172720223014,5.002167079611639,5.052168749282108,10930200
2012-09-27,5.160170555114746,5.234173171100771,5.110168900970292,5.212172321202861,15005600
2012-09-28,4.960165023803711,5.040167993125086,4.804160072888377,4.836161108023955,42927400
2012-10-01,5.000166893005371,5.032167930602009,4.904163780215459,4.942164773934929,14663600
2012-10-02,5.020167827606201,5.0781695673978575,4.910163922891205,5.002167195588883,10523400
2012-10-03,4.966165065765381,5.028167019969946,4.868161853802549,5.028167019969946,12709000
2012-10-04,4.904160976409912,4.9901638588372546,4.8681597343257,4.938162107102531,16010600
2012-10-05,4.7001543045043945,4.986163755134801,4.666153172999754,4.898160759214156,33629600
2012-10-08,4.56015157699585,4.728157197551925,4.494149396168992,4.696156163301475,29312800
2012-10-09,4.554150581359863,4.620152747112224,4.50614904094745,4.564150759223241,25420000
2012-10-10,4.488146781921387,4.620151065376528,4.470146163133668,4.576149383236686,12711600
2012-10-11,4.622154235839844,4.638154754076921,4.512150339162795,4.542151263172009,12769800
2012-10-15,4.620155334472656,4.6781570852303505,4.604154812041305,4.638155969893245,9920800
2012-10-16,4.56015157699585,4.678155533850294,4.54615117219658,4.660154904399113,17549400
2012-10-17,4.608150482177734,4.6341511623671865,4.550148407281171,4.600150038130415,16588800
2012-10-18,4.580151081085205,4.6581539147892,4.56015034471284,4.588151528227078,11784200
2012-10-19,4.540151596069336,4.610153625914949,4.528150921110844,4.560151958035253,18886800
2012-10-22,4.540151596069336,4.580152701483621,4.506150446651845,4.560151958035253,9120200
2012-10-23,4.400145530700684,4.492148390503809,4.400145530700684,4.490148660057953,11199600
2012-10-24,4.356144905090332,4.4581483407468205,4.30414313113904,4.412146522051413,9029800
2012-10-25,4.440147399902344,4.512149528288533,4.384145405395416,4.392145472335047,10842800
2012-10-26,4.356144905090332,4.414146634297509,4.356144905090332,4.400146230057239,8810800
2012-10-29,4.37814474105835,4.400145591088142,4.322143132229567,4.350143936643959,4845000
2012-10-30,4.38214635848999,4.418147622175362,4.378146133306623,4.400146990332677,4097600
2012-10-31,4.33414363861084,4.408146258730737,4.318143123650102,4.406146146675348,6163800
2012-11-01,4.6181535720825195,4.624153908907175,4.342144181866912,4.342144181866912,10395000
2012-11-05,4.488146781921387,4.592149890883303,4.4721462742747695,4.540148527143442,9724600
2012-11-06,4.600155353546143,4.606155693514943,4.4801512245484165,4.518152614718929,6886600
2012-11-07,4.490148544311523,4.578151177989731,4.472147918904088,4.574151335718782,9950000
2012-11-08,4.290143013000488,4.458148638052524,4.284142675862047,4.440148008119632,21901600
2012-11-09,4.190139293670654,4.360144633826794,4.180138732702273,4.300142793946085,16502600
2012-11-12,4.154138088226318,4.2701419265090985,4.154138088226318,4.216140041063046,7245800
2012-11-13,4.238141059875488,4.266141869062487,4.100136363272225,4.170138767722136,17576400
2012-11-14,4.232140064239502,4.27014142899426,4.186138633026157,4.21413943785474,11731200
2012-11-16,4.182138442993164,4.2901422021781705,4.180138330991698,4.230139986581269,8653800
2012-11-19,4.209665298461914,4.2961102515115765,4.207654906130163,4.257913564094559,10964800
2012-11-21,4.221729278564453,4.257915590874507,4.159408620387867,4.211677695564243,14525600
2012-11-22,4.2036356925964355,4.271987523650302,4.20162529951329,4.221728846901475,3406800
2012-11-23,4.3222455978393555,4.3222455978393555,4.17347998141528,4.203635106572027,7638200
2012-11-26,4.398637771606445,4.495134690598845,4.284048087711316,4.322244776824075,16891400
2012-11-27,4.402659893035889,4.503177243942842,4.382556346165845,4.454928961520696,11220000
2012-11-28,4.402659893035889,4.422763439905932,4.308173721222928,4.358432396676404,14864400
2012-11-29,4.481062889099121,4.523279984905505,4.4167314738881815,4.450907382445195,9406400
2012-11-30,4.4046711921691895,4.483074619303441,4.302143427139522,4.4589506648513675,17606600
2012-12-03,4.434825897216797,4.483074184888978,4.3684844537371355,4.422763921159579,8833400
2012-12-04,4.432815074920654,4.503177298090228,4.418742706975393,4.418742706975393,11918200
2012-12-05,4.5132293701171875,4.519260165983075,4.432815179768091,4.483073857014637,10817200
2012-12-06,4.495136737823486,4.523281477649219,4.4348260880555035,4.523281477649219,8078000
2012-12-07,4.591631889343262,4.591631889343262,4.487093769010971,4.505186919970145,13509800
2012-12-10,4.6237993240356445,4.641892482500818,4.55142669017495,4.5634890514473065,8085800
2012-12-11,4.6237993240356445,4.688130383714768,4.593644187741476,4.6278201111264305,11341600
2012-12-12,4.664004802703857,4.682097954863773,4.623797712694441,4.623797712694441,14585000
2012-12-13,4.594192028045654,4.726560074870861,4.592155548750656,4.663430770400755,12714000
2012-12-14,4.557535171508789,4.6410292504977715,4.506624365628394,4.618628371616438,8875600
2012-12-17,4.537170886993408,4.581972253642775,4.533097929547484,4.557534897385829,6818600
2012-12-18,4.679721355438232,4.700085756223173,4.55346276972515,4.567717733749017,10517600
2012-12-19,4.928164482116699,4.938346484449197,4.687865498252212,4.706193413185503,18168000
2012-12-20,5.091082572937012,5.091082572937012,4.871147821322884,4.887439270019532,15609400
2012-12-21,5.131810665130615,5.131810665130615,4.930203481867161,4.968895812721823,14784800
2012-12-26,5.091082572937012,5.125701949969734,4.9729694727816245,5.09311905257644,8830200
2012-12-27,5.10330057144165,5.127737936345251,5.009624847551779,5.060535668383771,7916400
2012-12-28,5.213266372680664,5.251958692221055,5.072752445816115,5.1012623715729255,9259200
2013-01-02,5.253994941711426,5.33341606195472,5.184756215560152,5.294723741242275,17088800
2013-01-03,5.357853412628174,5.41080070042276,5.1908660218091365,5.20308450717138,13297000
2013-01-04,5.2926859855651855,5.357851738358434,5.26824902247698,5.335451253597333,12886000
2013-01-07,5.325270175933838,5.349707533470311,5.258067928231815,5.3008332068159865,19341400
2013-01-08,5.3863630294799805,5.465783756637973,5.292686951430788,5.2947234301295305,28035600
2013-01-09,5.437276840209961,5.453568290395583,5.388402101234284,5.396548020536501,16440600
2013-01-10,5.355818271636963,5.457639914735907,5.290652482200637,5.433202937906657,11562800
2013-01-11,5.290653228759766,5.35785550715117,5.23770592026672,5.33341852687364,11361400
2013-01-14,5.478002071380615,5.5065123838646945,5.317124143329996,5.32526966945503,19682800
2013-01-15,5.437276840209961,5.51873409113807,5.317127249433945,5.32527278031735,12137600
2013-01-16,5.469855308532715,5.469855308532715,5.3761792545539855,5.3863616454312915,7046600
2013-01-17,5.45967435836792,5.5289130809305,5.4230185183737785,5.447455874509406,15626000
2013-01-18,5.335453987121582,5.39247385581952,5.213267943825148,5.34563599555515,16122800
2013-01-21,5.280468463897705,5.355816233604571,5.223448225629286,5.3415612711421145,9050600
2013-01-22,5.280468463897705,5.3089783888226165,5.192901822007081,5.27028607041124,12305200
2013-01-23,5.192903995513916,5.262142746527602,5.146066131127822,5.219377452822086,10003400
2013-01-24,5.172537803649902,5.23770357307878,5.121626997731265,5.196975161395043,9968800
2013-01-28,5.032024383544922,5.188829774980259,4.9281666706915574,5.188829774980259,26662000
2013-01-29,5.095154762268066,5.107373249839477,4.970932241966122,5.025916018665545,11189200
2013-01-30,5.050352573394775,5.1318101862065335,4.983150314718154,5.095154338124979,15659200
2013-01-31,4.968895435333252,5.078862981488534,4.895584126315088,5.078862981488534,15514800
2013-02-01,4.9485297203063965,4.991294995283712,4.897618919116336,4.968894118466138,9214200
2013-02-04,4.856893062591553,4.928168299382973,4.818200724604417,4.928168299382973,8912000
2013-02-05,4.899656295776367,4.9790774243136955,4.8405999575498,4.856891401379749,9849800
2013-02-06,4.8731842041015625,4.926131508417965,4.775435513864558,4.926131508417965,14787400
2013-02-07,4.816162109375,5.007586846285922,4.8039436248458065,4.869109393559665,12399400
2013-02-08,4.85078239440918,4.907802647079361,4.812090066225175,4.828381511499699,12066000
2013-02-13,4.858927249908447,4.987222304869185,4.820234930176101,4.887437175806698,9460600
2013-02-14,4.8467116355896,4.860966996540736,4.7876552653246565,4.826347611068573,8166000
2013-02-15,4.968895435333252,4.99740575568019,4.816162991285598,4.846709402411391,19152800
2013-02-18,4.90372896194458,5.027951456515272,4.885401040174522,4.948530332705477,7487400
2013-02-19,4.995370864868164,5.015734886481409,4.915949704585009,4.9200226642751845,12565000
2013-02-20,4.9485297203063965,5.025914355629697,4.897618919116336,5.005549957469955,11786000
2013-02-21,5.1501383781433105,5.168465914718751,5.029988820256671,5.131810453149165,32457400
2013-02-22,5.237703323364258,5.2539947649447605,5.115517705719789,5.172537557042246,17213600
2013-02-25,5.174576282501221,5.266215923941482,5.144029864827392,5.2132686187114174,11683200
2013-02-26,5.170501232147217,5.2336309100164495,5.091080500631326,5.131809300003823,12029200
2013-02-27,5.325270175933838,5.325270175933838,5.146064311534649,5.152173359604801,15994200
2013-02-28,5.363964080810547,5.396546974868329,5.288615895540217,5.294725333833077,13264600
2013-03-01,5.406727313995361,5.494293960391907,5.339525067201043,5.3659989032095226,22505200
2013-03-04,5.454305171966553,5.4769283425677004,5.35764114313313,5.4090580462045805,11838200
2013-03-05,5.425510883331299,5.499551341693905,5.419341106654281,5.4337377752737215,13331000
2013-03-06,5.483098030090332,5.524231705843009,5.425510962492544,5.472814807292065,12901600
2013-03-07,5.507777690887451,5.581817749674183,5.444020461455857,5.5036642453215885,10502200
2013-03-08,5.608554363250732,5.6126678085303245,5.460473471423292,5.476926860261925,13029800
2013-03-11,5.532459259033203,5.625009850958914,5.546855930603896,5.573592942617937,8357400
2013-03-12,5.5230937004089355,5.635258615910399,5.48985962202469,5.608256075791248,13043200
2013-03-13,5.467013359069824,5.521018858353235,5.413007859786413,5.521018858353235,11248800
2013-03-14,5.487783432006836,5.494014971395428,5.383926819286177,5.4420866650351,14960200
2013-03-15,5.473246097564697,5.525174427909369,5.413009044197653,5.462860193786732,12377800
2013-03-18,5.388080596923828,5.4607802972124615,5.379771878636444,5.442086077247342,10637000
2013-03-19,5.477400302886963,5.51063440166534,5.3693892837663855,5.442089023412224,14120400
2013-03-20,5.570868968963623,5.61656613479117,5.444163767251328,5.448318127086843,19840600
2013-03-21,5.566714286804199,5.591640048192478,5.473243573006608,5.550097244605858,14520800
2013-03-22,5.525173664093018,5.597873395761675,5.4836308470875945,5.564639300630002,9427200
2013-03-25,5.491937637329102,5.55009708526277,5.46493469691859,5.529326080247332,13238000
2013-03-26,5.53555965423584,5.604105030960648,5.4774001807612755,5.483631326529721,13546200
2013-03-27,5.587487697601318,5.6290305161248275,5.502325276191636,5.504402456735979,9079400
2013-03-28,5.587487697601318,5.587487697601318,5.587487697601318,5.587487697601318,13915000
2013-04-01,5.724577903747559,5.793123270514367,5.660186897677319,5.660186897677319,10702400
2013-04-02,5.726657390594482,5.795202784968994,5.660189177404871,5.660189177404871,15036000
2013-04-03,5.618642330169678,5.724576117793071,5.5833310676285475,5.710036256072873,22228200
2013-04-04,5.491937637329102,5.62902833057493,5.448317655197324,5.626951150837081,15137000
2013-04-05,5.521015644073486,5.570866753731906,5.408850746387395,5.440007640401231,14268200
2013-04-08,5.6124138832092285,5.660187850718842,5.53140542071281,5.556331192907487,12864200
2013-04-09,5.730810165405273,5.764044262793512,5.599950560280106,5.599950560280106,13905400
2013-04-10,5.853357791900635,5.909440448612936,5.724575439025883,5.724575439025883,18858200
2013-04-11,5.882439613342285,5.896979478532718,5.772351836225226,5.845051162177392,13749800
2013-04-12,5.888670444488525,5.936444394696238,5.818047911059053,5.845050457990762,23747800
2013-04-15,5.784813404083252,5.836741710410424,5.7349622775509514,5.755733283136591,22859000
2013-04-16,5.847129821777344,5.9177523815835915,5.759890212380315,5.807664180431096,12110600
2013-04-17,5.732882499694824,5.872050313430021,5.724573784280731,5.815967672928966,18366600
2013-04-18,5.572946071624756,5.7723509829680175,5.570868891735794,5.755733543856321,13338600
2013-04-19,5.525173664093018,5.602027360516885,5.4587054738296725,5.535559170253541,12717400
2013-04-22,5.527250289916992,5.599949618108806,5.473244791701912,5.52932747017699,15180400
2013-04-23,5.562561511993408,5.58748688252618,5.52517306001263,5.52517306001263,10538000
2013-04-24,5.442086696624756,5.514786009005985,5.40262107263099,5.512709225379269,28880600
2013-04-25,5.325765609741211,5.500244706126685,5.325765609741211,5.483627668193851,14004400
2013-04-26,5.325765609741211,5.325765609741211,5.325765609741211,5.325765609741211,0
2013-04-29,5.186600208282471,5.275916977754444,5.120132025284245,5.259299932004888,18216600
2013-04-30,5.244759559631348,5.284225188040605,5.1762142030161025,5.190754067119096,18252400
2013-05-02,5.1845221519470215,5.336153114493054,5.1429797426838855,5.230219317172492,13220600
2013-05-03,5.14921236038208,5.269686045975905,5.109746726565347,5.226066051508645,15550400
2013-05-06,5.061969757080078,5.151286080856716,5.047429503450884,5.151286080856716,14164800
2013-05-07,5.277993202209473,5.277993202209473,5.086897012604175,5.12636263768069,17898800
2013-05-08,5.2883806228637695,5.344463311015654,5.2322983308935775,5.265532428424689,12528400
2013-05-09,5.250990867614746,5.315381861302053,5.192831017592348,5.273839054688688,9052400
2013-05-10,5.280072212219238,5.3008436218897685,5.207372476463224,5.23437542788942,8471400
2013-05-13,5.219836235046387,5.269687786959241,5.196988036283244,5.255147519878627,10013200
2013-05-14,5.246835708618164,5.263452749496403,5.1429791040837936,5.221909949210053,11041200
2013-05-15,5.126363754272461,5.244760259108826,5.074435434875344,5.172060532716535,23054600
2013-05-16,5.228142261505127,5.2592991682381705,5.13051718142651,5.161674088159552,11875000
2013-05-17,5.408853054046631,5.42962406146343,5.261376445061614,5.267607984995596,19351000
2013-05-20,5.518941402435303,5.521018582632657,5.261377000687589,5.267608541279651,11917200
2013-05-21,5.452475070953369,5.554254558069356,5.44001238172208,5.504403404962449,9637400
2013-05-22,5.56259822845459,5.623061045197344,5.429162717571939,5.4812860137191235,14578200
2013-05-23,5.556347846984863,5.600131658447269,5.443761641753495,5.470865603005828,9186400
2013-05-24,5.5646867752075195,5.6168101047678425,5.5188179906859895,5.533412857005215,11808400
2013-05-27,5.591789722442627,5.602214625074955,5.556345848831457,5.556345848831457,2840400
2013-05-28,5.585536956787109,5.675188761951129,5.566772523744302,5.629320368773991,11231200
2013-05-29,5.393722057342529,5.573026031953855,5.354108217442716,5.529242628119397,11614600
2013-05-31,5.295729637145996,5.468779056863012,5.191482989179857,5.393721740742585,23717600
2013-06-03,5.322834014892578,5.372872358445871,5.1706336058732285,5.295729663591166,19176000
2013-06-04,5.220672130584717,5.370787155019043,5.181058294455194,5.360362252001069,13367600
2013-06-05,5.097661972045898,5.231097573229545,5.066387655057705,5.212333142104412,20316200
2013-06-06,5.078897476196289,5.133105787903689,5.005924733602885,5.108086414165868,12318400
2013-06-07,4.941290855407715,5.078896387289708,4.878742633308119,5.003838679837941,21842200
2013-06-10,4.991329669952393,5.055962481043035,4.910017013244133,4.91627195535074,17321400
2013-06-11,4.868320465087891,4.972567154286049,4.8495560292186575,4.930868319538961,11142800
2013-06-12,4.714674949645996,4.948931531381518,4.664024954073794,4.948931531381518,37856200
2013-06-13,4.813863754272461,4.870845141720811,4.725226174640691,4.737888973538317,18285600
2013-06-14,4.837080955505371,4.965816659054954,4.828639085258598,4.902503839795744,13605200
2013-06-17,4.849741458892822,4.967925180876572,4.843410461217873,4.8539623923630355,14501600
2013-06-18,4.769545555114746,4.864514139418387,4.714674629669588,4.853962208672545,17726200
2013-06-19,4.619707107543945,4.830749009615837,4.613376108101298,4.801203272135527,13225600
2013-06-20,4.463537693023682,4.562727678943943,4.336912427452882,4.554285806724932,30525800
2013-06-21,4.4572062492370605,4.5120768030950025,4.248274360379354,4.471979121624244,28060000
2013-06-24,4.446652889251709,4.566946711110915,4.307365263674682,4.326359067392503,16233600
2013-06-25,4.4846415519714355,4.545843912248315,4.455095807027058,4.495193488728546,18325200
2013-06-26,4.495192527770996,4.543732473056623,4.4698677239554945,4.497302995177371,17554000
2013-06-27,4.541621208190918,4.613375477286402,4.499412672535777,4.516296006291747,10496200
2013-06-28,4.655586242675781,4.744223895642893,4.469869466355986,4.5374028395631845,20829200
2013-07-01,4.6745758056640625,4.74421958380376,4.46986540386684,4.537398715695602,18364000
2013-07-02,4.410774230957031,4.638699394586925,4.3263575782293575,4.638699394586925,27980000
2013-07-03,4.284151554107666,4.404445807386972,4.263047680491151,4.370678724033256,20412400
2013-07-04,4.349573135375977,4.3896708014612775,4.307364599724638,4.345352201304757,9378000
2013-07-05,4.313695430755615,4.381228756848557,4.227168306382736,4.334799695792253,13114200
2013-07-08,4.3073649406433105,4.379119215411527,4.237721133077743,4.298923474363176,10228200
2013-07-10,4.334801197052002,4.3896717416079,4.307365522243538,4.326359327101547,13011400
2013-07-11,4.4677581787109375,4.488862454600189,4.353795330427328,4.368568605321212,10923800
2013-07-12,4.431878566741943,4.4783076258635495,4.355903376788081,4.442430497555376,12069000
2013-07-15,4.556394100189209,4.569056499943829,4.402333628494968,4.4297688950517164,9105800
2013-07-16,4.685130596160889,4.695682530723348,4.566946835902745,4.621817781194633,15288000
2013-07-17,4.727337837219238,4.769546372496812,4.664025436833301,4.689350235975506,12778200
2013-07-18,4.7674360275268555,4.826527897922134,4.691460823094416,4.706233690060627,6956600
2013-07-19,4.710455417633057,4.758994960849604,4.67457827644463,4.718897287338805,7498600
2013-07-22,4.803312301635742,4.864514225600547,4.6956809154938135,4.718895646582376,7753200
2013-07-23,4.862406253814697,4.894062462765622,4.828639174732437,4.8455225130083,8196200
2013-07-24,4.824417591094971,4.875067594888799,4.752663318421101,4.832859057128718,10839400
2013-07-25,4.7674360275268555,4.8455212964998085,4.7653255604559055,4.790650762776864,11296200
2013-07-26,4.7674360275268555,4.7674360275268555,4.7674360275268555,4.7674360275268555,0
2013-07-29,4.788541316986084,4.815976589698837,4.708345161307843,4.729449433987934,7881600
2013-07-30,4.841302871704102,4.885621491889106,4.7906528475509775,4.7906528475509775,14466400
2013-07-31,4.7843217849731445,4.862407496029396,4.7695489105240085,4.826530342711222,13492000
2013-08-01,4.885621070861816,4.885621070861816,4.807535774637206,4.83919198668855,8706400
2013-08-02,4.813863754272461,4.9278265291691605,4.811753287789523,4.879287007652562,5747400
2013-08-05,4.687241077423096,4.872958201451688,4.685131012347565,4.853964395527615,10653600
2013-08-06,4.5205183029174805,4.714676900898766,4.501524496400682,4.714676900898766,17692600
2013-08-07,4.49941349029541,4.5627263052851035,4.482530153470925,4.516296827119895,10245600
2013-08-08,4.666135311126709,4.704122907545004,4.526847725946542,4.537399657160347,13018600
2013-08-09,4.769545555114746,4.775876552550109,4.659803704224429,4.687238965681831,12169600
2013-08-12,4.843410968780518,4.948931901411636,4.780098167683598,4.784319101596142,16007800
2013-08-13,4.925716876983643,4.957373074400323,4.8180854837426175,4.94893160960339,18064600
2013-08-14,4.953154563903809,4.980590243609217,4.889842138096936,4.896173541689858,20808400
2013-08-15,4.896171569824219,4.972146369688545,4.839190168028156,4.913054903408561,22458000
2013-08-16,4.885621070861816,4.940492026265082,4.845522987580473,4.8961734098993155,14042200
2013-08-19,4.75266170501709,4.896170201647458,4.75266170501709,4.864513607808757,16778400
2013-08-20,4.706234931945801,4.826529171550652,4.706234931945801,4.748443479441946,10431400
2013-08-21,4.638701438903809,4.763216207500772,4.604934762931466,4.71045572597767,15608200
2013-08-22,4.632371425628662,4.807536245501543,4.699904791960768,4.718898601558,42344000
2013-08-23,4.866706371307373,4.87545964075245,4.748540155450849,4.816376324134758,13207600
2013-08-26,4.770423412322998,4.868895625635747,4.770423412322998,4.853577818537972,8665400
2013-08-27,4.770423412322998,4.770423412322998,4.704775548367126,4.7266583088120635,20746400
2013-08-28,4.836069583892822,4.868893501551123,4.73322077988372,4.7923040820959155,10830200
2013-08-29,4.949860572814941,5.011131787079179,4.847011747650524,4.868894503050114,15051600
2013-08-30,5.043952941894531,5.046141257970787,4.847009086196224,4.868891829580173,16942000
2013-09-02,5.087719917297363,5.168685966294546,5.070213800943748,5.070213800943748,10727800
2013-09-03,5.039578437805176,5.153367990746057,5.011130736535888,5.118355756398285,10404200
2013-09-04,5.078967571258545,5.096474108164869,4.987060756773219,5.033014164015882,9368600
2013-09-05,5.157743453979492,5.159931770301996,5.048330142126288,5.094283950141538,17743400
2013-09-06,5.208077907562256,5.264972928209653,5.1446183497418225,5.17525396956003,13922600
2013-09-09,5.304357051849365,5.326239796636705,5.212449857645448,5.212449857645448,15152800
2013-09-10,5.394077301025391,5.446595651438126,5.317487883489787,5.317487883489787,16180400
2013-09-11,5.293416976928711,5.4159597886131055,5.3393703747933365,5.394077039324782,23630000
2013-09-12,5.27208137512207,5.425055673006558,5.234391963426554,5.422838599040514,12108600
2013-09-13,5.320858001708984,5.3474624777776025,5.163449488799719,5.260998247702446,22064800
2013-09-16,5.3518967628479,5.405105297670081,5.2986882280257195,5.374067091406437,8716600
2013-09-17,5.438361644744873,5.438361644744873,5.285386824759836,5.3563315462416226,12654800
2013-09-18,5.620156764984131,5.671148223121845,5.409539284343892,5.429492537156707,15004800
2013-09-19,5.675583839416504,5.688885870440015,5.564732594204712,5.595770807547553,12167000
2013-09-20,5.6578450202941895,5.675581194347687,5.578032025621581,5.648976721835568,14801000
2013-09-23,5.793084144592285,5.864029275374191,5.578032945857595,5.648977653775686,15295400
2013-09-24,5.7509613037109375,5.8640295967255165,5.5780332515361986,5.64897796334209,17913800
2013-09-25,5.708837985992432,5.757612371894194,5.642327421320586,5.726574164762513,16035200
2013-09-26,5.697751998901367,5.757611327098204,5.653411348590439,5.731007275202672,8281400
2013-09-27,5.848509788513184,5.9194549197560695,5.697752494639571,5.715488671734337,18192800
2013-09-30,5.731008529663086,5.919455700438056,5.680017066648644,5.715489425516418,13228600
2013-10-01,5.78421688079834,5.790868106444779,5.6667144315610765,5.78643395601382,7642000
2013-10-02,5.795299530029297,5.8108186275040135,5.731006065796372,5.748742237605147,6745000
2013-10-03,5.797517776489258,5.801951926053858,5.713271049080732,5.773130799611509,8769200
2013-10-04,5.819687843322754,5.908368716362539,5.75539394607906,5.781998419422876,11176800
2013-10-07,5.835205078125,5.835205078125,5.759826254418772,5.824120131112046,7942600
2013-10-08,5.7709126472473145,5.859593507661381,5.739874028954618,5.848508135819811,11457600
2013-10-09,5.870676517486572,5.91501714447923,5.773127814684419,5.795297705317189,11985000
2013-10-10,5.941621780395508,5.952707149691171,5.84850679262995,5.881762477653335,10225000
2013-10-11,5.9150190353393555,5.959359253642738,5.886197491721648,5.921669835509832,8172400
2013-10-14,5.999267578125,6.008135878212017,5.870680186910004,5.875114336953513,8132800
2013-10-15,5.997048377990723,6.041389016985628,5.93275491659815,5.985963429673832,12322000
2013-10-16,6.130073070526123,6.161111703162678,5.9992685823929115,6.017004762672133,16353600
2013-10-17,6.15889310836792,6.183280085945635,6.0546927049278825,6.121203681714589,9391800
2013-10-18,6.285261154174805,6.29412902750561,6.141154723924204,6.141154723924204,10358600
2013-10-21,6.229837894439697,6.296348449242937,6.203233418800125,6.263093171841318,9618400
2013-10-22,6.240924835205078,6.247576061950953,6.147809775082467,6.2165378495313925,13085400
2013-10-23,6.207666397094727,6.271960287753505,6.185496075389502,6.214317620465408,9994000
2013-10-24,6.283045291900635,6.322951786744888,6.201015227735924,6.209883525640745,13179000
2013-10-25,6.356208324432373,6.444889206828818,6.267527442035928,6.285263618515216,14770600
2013-10-28,6.331819534301758,6.418283745678017,6.300781337987245,6.393896349794494,6742400
2013-10-29,6.351775169372559,6.400549979477266,6.322954036653851,6.340690215910872,10315800
2013-10-30,6.487013816833496,6.4936650426455795,6.35842641118031,6.362860561721699,10961800
2013-10-31,6.595646858215332,6.602298082908366,6.411633870346061,6.427152971766008,13188200
2013-11-01,6.584559440612793,6.628899653369136,6.506963539709641,6.61781470589596,10523200
2013-11-04,6.626686096191406,6.628903171435407,6.520269021662549,6.562392605570838,6449000
2013-11-05,6.53135347366333,6.611166484865353,6.484796165704705,6.593430307138663,7871600
2013-11-06,6.369508266448975,6.511398054709082,6.3340359250998635,6.480359438880862,9318600
2013-11-07,6.338469982147217,6.480359345499037,6.320733811728239,6.351772004245535,11265200
2013-11-08,6.1721954345703125,6.389463705666561,6.163327134755538,6.3074340466989485,13305600
2013-11-11,6.227620601654053,6.2630929526897425,6.130071424874018,6.17441207510052,7903200
2013-11-12,5.897282600402832,6.198797509153613,5.852941961213527,6.196580857771456,32631400
2013-11-13,5.859593868255615,6.036955599998432,5.835206471567082,5.901717438118431,33250400
2013-11-14,5.9593586921691895,5.981529010663904,5.919452626315088,5.919452626315088,14479000
2013-11-18,5.988183498382568,6.017004632137086,5.9793151970034035,5.985966423037778,11968800
2013-11-19,5.786431312561035,5.950490997783347,5.764260993398308,5.9083674336605325,14187200
2013-11-21,5.653409004211426,5.764260161156748,5.653409004211426,5.764260161156748,17716000
2013-11-22,5.4792799949646,5.577084707392396,5.448160487180458,5.470388888728343,36536200
2013-11-25,5.334794998168945,5.557078123092651,5.259218701777172,5.497061577610111,29590400
2013-11-26,5.501506328582764,5.554854217862157,5.288114771465189,5.305897401224987,45206400
2013-11-27,5.645989894866943,5.668218286667746,5.501505984118695,5.501505984118695,29451200
2013-11-28,5.661550045013428,5.723789461692583,5.557077147274352,5.708229713515629,11216400
2013-11-29,5.7171196937561035,5.723788337652924,5.6126468165334495,5.668217577093187,14601400
2013-12-02,5.537073135375977,5.741573646744719,5.519290500647019,5.634877838370972,14186000
2013-12-03,5.421487331390381,5.579308630232537,5.410373340529931,5.508178071193877,10875800
2013-12-04,5.305898666381836,5.501507640381294,5.2992300196425655,5.457050843395699,11473800
2013-12-05,5.512619972229004,5.512619972229004,5.299228428310038,5.457049204670359,14914800
2013-12-06,5.519288539886475,5.663772448726908,5.510397437666341,5.5348482867501865,15527400
2013-12-09,5.570415019989014,5.58152943067414,5.465942103377324,5.58152943067414,7688600
2013-12-10,5.468164443969727,5.559300482704941,5.461495798219087,5.557077600788061,8440800
2013-12-11,5.3192362785339355,5.4792800068779925,5.3081218657500795,5.465943135508861,11056800
2013-12-12,5.36185884475708,5.411401705636675,5.253766032965943,5.36185884475708,11260200
2013-12-13,5.404646396636963,5.463196784143254,5.382126950746434,5.382126950746434,10548400
2013-12-16,5.4136552810668945,5.503732650651457,5.406899317277011,5.438426289250913,10591400
2013-12-17,5.418159484863281,5.494725365681637,5.409151961573209,5.418159484863281,9024000
2013-12-18,5.449685096740723,5.514991015051328,5.422661676718021,5.442929134354375,12678400
2013-12-19,5.494725704193115,5.535260635302739,5.359609410335322,5.494725704193115,22303000
2013-12-20,5.517241477966309,5.569035886714861,5.433919682982601,5.494722039090504,27909200
2013-12-23,5.521745681762695,5.564532144935007,5.476706802134106,5.523997668696383,10199000
2013-12-26,5.505984783172607,5.555527230364443,5.474457380847994,5.539763743963531,6806600
2013-12-27,5.4677019119262695,5.537511822333791,5.458693959861921,5.52625231177615,6170400
2013-12-30,5.494725704193115,5.533008646960775,5.451938784741528,5.467702703135271,7050800
2014-01-02,5.404646396636963,5.512739221484253,5.393386888453051,5.505983688382988,8155800
2014-01-03,5.460945129394531,5.460945129394531,5.370867769865765,5.409150701355832,10189200
2014-01-06,5.379875659942627,5.41590660622469,5.316821718710396,5.4091510722485285,7966400
2014-01-07,5.287546157836914,5.427166392898979,5.274034660741472,5.382127496550507,9192400
2014-01-08,5.181705951690674,5.307814275756442,5.172697999496004,5.292050788938572,13474600
2014-01-09,4.988038063049316,5.1907122134453845,4.979030542565536,5.174948730456747,17889400
2014-01-10,5.1681952476501465,5.17945476010209,4.967772575727167,5.030826962217512,16303200
2014-01-13,5.111895561218262,5.2042249149470905,5.053345166008289,5.168193968590609,8235000
2014-01-14,5.274035930633545,5.289799419294248,5.078117242723602,5.1141481966688795,9754400
2014-01-15,5.217735290527344,5.303308662343224,5.183956339271672,5.271781698440953,17985800
2014-01-16,5.1794538497924805,5.303310183087097,5.1546824113244405,5.247011771676309,10847800
2014-01-17,5.044338226318359,5.199721982095195,5.010559261025008,5.192966017227386,12477200
2014-01-20,5.021817684173584,5.048841108263054,4.999298665208905,5.046589120462036,5768200
2014-01-21,5.044338226318359,5.053346179475438,5.044338226318359,5.044338226318359,9085000
2014-01-22,5.057849407196045,5.098384334797971,5.026322432182467,5.075865312372741,10880600
2014-01-23,4.843915939331055,5.0330786582927045,4.843915939331055,5.012811193438039,19300400
2014-01-24,4.767347812652588,4.873188634116628,4.729064889225571,4.852921178800994,16707000
2014-01-27,4.825899124145508,4.861930067332336,4.729065803259884,4.774104697004781,10639200
2014-01-28,4.771853446960449,4.929488740388155,4.756089960569958,4.893457791631949,9228400
2014-01-29,4.560171604156494,4.7628458117699966,4.530896617416147,4.7560902768806645,18613200
2014-01-30,4.526391983032227,4.593949899239955,4.4948645832155645,4.575934426283044,13565800
2014-01-31,4.704293727874756,4.704293727874756,4.4836041235396324,4.503871580011497,10997200
2014-02-03,4.53089714050293,4.686280474215843,4.517385210118693,4.643493983234363,9869400
2014-02-04,4.679523468017578,4.738073859381347,4.566926660669422,4.57143020652607,13026400
2014-02-05,4.647997856140137,4.715556224225787,4.573683951911951,4.686280802531802,8656200
2014-02-06,4.86418342590332,4.873190949477364,4.645745288055052,4.69303618276803,11144200
2014-02-07,4.839411735534668,4.879946663340401,4.765097844398431,4.879946663340401,11106000
2014-02-10,4.970022201538086,4.98803767061096,4.776355586862692,4.816890499657325,10436200
2014-02-11,4.920480728149414,5.046589036242638,4.9024652555646675,5.008306103309709,15977000
2014-02-12,4.931739807128906,5.003801691180191,4.909220360982203,4.952007265708669,9083000
2014-02-13,4.657003879547119,4.751585212034888,4.629980457612305,4.706546318651104,33918400
2014-02-14,4.639362812042236,4.745884856892623,4.634830299379681,4.725487036912141,12500200
2014-02-17,4.641630172729492,4.69149171212782,4.632564713384209,4.652962537267978,6556200
2014-02-18,4.505641937255859,4.668824423766101,4.492043540808416,4.646160141496876,13861400
2014-02-19,4.453514575958252,4.503376085482457,4.376456272407432,4.487510784634144,17961600
2014-02-20,4.634829044342041,4.664292313954875,4.455781657948857,4.464847545389917,17922800
2014-02-21,4.584967613220215,4.641628113924227,4.55097139925487,4.623496770990355,9400800
2014-02-24,4.469380855560303,4.612165582277304,4.44218405294732,4.571369946072447,17631600
2014-02-25,4.485245227813721,4.51244202476569,4.4308507693391945,4.462580942163551,9209600
2014-02-26,4.419518947601318,4.50337667681262,4.385522734461445,4.50337667681262,13588600
2014-02-27,4.598565578460693,4.598565578460693,4.462580315927832,4.467112826593583,21523600
2014-02-28,4.691489219665527,4.691489219665527,4.539639073807766,4.621229893710325,59519600
2014-03-05,4.691489219665527,4.691489219665527,4.6053650240705295,4.668824934914987,11770600
2014-03-06,4.589498996734619,4.718684825254855,4.582699583339019,4.7118858441444225,12100200
2014-03-07,4.505641937255859,4.618962916316759,4.48977706935297,4.575901255518982,11161000
2014-03-10,4.464847564697266,4.544171918723034,4.424051935606694,4.498843778177639,10956800
2014-03-11,4.566836833953857,4.566836833953857,4.408187671772341,4.532840615792487,17732400
2014-03-12,4.432064533233643,4.459693180689467,4.356086301658193,4.409040733544198,17274600
2014-03-13,4.404435634613037,4.494228404367155,4.402133650003572,4.48271628560769,10894400
2014-03-14,4.337667465209961,4.441274346999397,4.321550936741041,4.413645698808059,10064200
2014-03-17,4.305433750152588,4.409040176962499,4.293921632189888,4.360690598946353,10002600
2014-03-18,4.3629937171936035,4.434367103356475,4.28471305915337,4.339969916744864,13849400
2014-03-19,4.563297271728516,4.581716214170863,4.3652933111166,4.379107847305032,16927000
2014-03-20,4.811956405639648,4.811956405639648,4.514950706884958,4.514950706884958,30694200
2014-03-21,4.759001731872559,4.8073513207940985,4.657697266663263,4.6599996907751216,26638600
2014-03-24,4.786629676818848,4.853398209655203,4.735977232105992,4.821165155123337,10798000
2014-03-25,4.798140048980713,4.8556993101833195,4.768208987235662,4.786628372397116,10613200
2014-03-26,4.860306262969971,4.950098608837231,4.8119562342504825,4.846491718111544,14808600
2014-03-27,5.18263578414917,5.242497466796381,4.931677377303758,4.931677377303758,32310200
2014-03-28,5.115869522094727,5.267826012117365,5.065217505134691,5.180336084796843,12541000
2014-03-31,5.2494049072265625,5.2494049072265625,5.122774697112191,5.122774697112191,11157400
2014-04-01,5.244800567626953,5.311569088999239,5.212567079487104,5.254009821993798,11483200
2014-04-02,5.46352481842041,5.511874824861261,5.22868293374725,5.22868293374725,17108600
2014-04-03,5.378337383270264,5.511874848615185,5.306963584842477,5.46812968815014,12164600
2014-04-04,5.426687240600586,5.511875142988226,5.325382814849904,5.488851349980027,18763200
2014-04-07,5.732903480529785,5.742113174962086,5.484247439708858,5.514178507471436,23020800
2014-04-08,5.5694355964660645,5.95393157272359,5.514178744920018,5.769741628427681,27448000
2014-04-09,5.389851093292236,5.525691032984502,5.302361178492668,5.525691032984502,19688000
2014-04-10,5.399061679840088,5.477342350853037,5.265524142078447,5.387549558136689,12584400
2014-04-11,5.486552715301514,5.486552715301514,5.316177232022056,5.33689861612359,9218800
2014-04-14,5.403665542602539,5.523388961348284,5.364525211056526,5.484248629802272,7383200
2014-04-15,5.334594249725342,5.449712813216055,5.2171732622677185,5.380641850778615,13346000
2014-04-16,5.320780277252197,5.396758513477921,5.258616146028656,5.387548817381479,13689000
2014-04-17,5.5510172843933105,5.615483399040303,5.311570461011709,5.341501533505645,18334000
2014-04-22,5.5855512619018555,5.629296427308082,5.417478309475761,5.5256895721729,13439400
2014-04-23,5.4911580085754395,5.597066923302415,5.465831772817831,5.551019740911729,9061000
2014-04-24,5.4520158767700195,5.562529605291501,5.426689649305401,5.51648199883629,6886200
2014-04-25,5.369131565093994,5.461226359518589,5.336898496831041,5.399062647746125,9187600
2014-04-28,5.399061679840088,5.433597166665203,5.2816406733206644,5.341502388750716,20759200
2014-04-29,5.502666473388672,5.585551967974418,5.445107199735773,5.4612237260958,16908400
2014-04-30,5.385244369506836,5.500362892594317,5.34149964691606,5.488851215942495,13011400
2014-05-02,5.4911580085754395,5.541810040947993,5.3530155831180535,5.3530155831180535,20712800
2014-05-05,5.599367618560791,5.624693846494731,5.514180115925314,5.527994222460859,9988200
2014-05-06,5.6868577003479,5.7536262445508966,5.523389097802277,5.6062746111573825,16885600
2014-05-07,5.758231163024902,5.776650117423465,5.525691589278978,5.606274679451132,22760800
2014-05-08,5.511878967285156,5.76283756299779,5.493460007927469,5.7536278637476315,19825400
2014-05-09,5.428991794586182,5.617786180895245,5.405967992541601,5.548715213904003,14343600
2014-05-12,5.47273588180542,5.511876205723237,5.4451072370400855,5.4451072370400855,8511600
2014-05-13,5.504970550537109,5.5464133102779725,5.412875772858825,5.484249170666677,9288000
2014-05-14,5.527993679046631,5.571738857775224,5.4566202899628635,5.5072723017090075,6975800
2014-05-15,5.52338981628418,5.548716046246563,5.45892324871746,5.514180557570399,4813400
2014-05-16,5.537201404571533,5.571737316676871,5.4888518302518445,5.523387303214817,8003000
2014-05-19,5.479640960693359,5.54640990801701,5.465826862301052,5.54640990801701,6831600
2014-05-20,5.482234001159668,5.671674805821489,5.4637519821840295,5.509957249946171,29307800
2014-05-21,5.084868431091309,5.660121547761838,5.082558124520834,5.498403612995988,22430600
2014-05-22,5.265068531036377,5.2719990103036185,5.040973634282279,5.080247965831744,29187200
2014-05-23,5.1749749183654785,5.322831646762089,5.101046774490421,5.2673850982093,14607400
2014-05-26,5.184214115142822,5.2350395838803605,5.124147411736828,5.154180543116665,4378200
2014-05-27,5.216555595397949,5.382893791122159,5.133386277212766,5.16804045355403,15810400
2014-05-28,5.392134189605713,5.452200861169278,5.22117540468453,5.246587905258512,18479800
2014-05-29,5.359791278839111,5.48454480812526,5.302034909199233,5.433719361474774,9754600
2014-05-30,5.288175106048584,5.339001012979306,5.2489007418958895,5.3066571338471284,8875200
2014-06-02,5.278931617736816,5.362100480051915,5.258139291996523,5.297413636100847,5887200
2014-06-03,5.348241329193115,5.355172254241306,5.237349172299633,5.2904849423969775,7394400
2014-06-04,5.33437967300415,5.348241081813118,5.292795005931005,5.315897647710113,7990600
2014-06-05,5.352860450744629,5.429098842394968,5.3297578143498905,5.3597913738568925,10486600
2014-06-06,5.637022018432617,5.683227293925196,5.556163006643685,5.683227293925196,19574400
2014-06-09,5.801051139831543,5.856497213585535,5.625471685954123,5.650884194354147,16220000
2014-06-10,5.974321365356445,6.029767449131786,5.761777823894489,5.8010521883161426,21945000
2014-06-11,6.034387588500977,6.122177104032939,6.034387588500977,6.064420716259044,18881800
2014-06-13,6.165613174438477,6.193680965721331,6.025272879635709,6.058018784842206,16397000
2014-06-16,6.217072010040283,6.266191321254743,6.137545846077493,6.1398849033857585,16190000
2014-06-17,6.11415433883667,6.221748720079352,6.086086549732989,6.198358598406641,8154400
2014-06-18,6.05100154876709,6.1281886374667565,5.8568642986358395,6.116493353645922,24329000
2014-06-20,5.99252462387085,6.001880401918846,5.934049561150573,5.962117341423884,12303000
2014-06-23,5.9434075355529785,5.987848724559603,5.8615423282658785,5.964458601601933,9358000
2014-06-24,6.032289981842041,6.069714000546098,5.910661697989112,5.920017479600379,10994200
2014-06-25,5.955102920532227,6.0346290782095995,5.913001230699673,5.99720505649431,10844600
2014-06-26,5.920019149780273,5.9878504816491605,5.891951350898376,5.971477524613117,5042000
2014-06-27,5.889610767364502,5.962119749507612,5.838152405864001,5.896627492202204,4772000
2014-06-30,5.812423229217529,5.891949376280006,5.753948147326265,5.852186302748767,11878200
2014-07-01,5.833476543426514,5.8849344747233,5.791374396852032,5.838154212722845,8755000
2014-07-02,5.7352375984191895,5.847509677149357,5.662728157209237,5.803068478686738,13542800
2014-07-03,5.765643119812012,5.770321233543564,5.6369981151006865,5.6369981151006865,7480400
2014-07-04,5.756287574768066,5.791372536935949,5.730558394317852,5.730558394317852,1479600
2014-07-07,5.812423229217529,5.835813351199929,5.707167903361466,5.730558025343866,5830400
2014-07-08,5.908321857452393,5.91299997070233,5.817100879725784,5.819439490221318,7703400
2014-07-10,6.142223358154297,6.1819864362350145,5.969137149488092,6.011239284647619,22197600
2014-07-11,6.109477996826172,6.191342771246612,6.093104595812523,6.12585095171026,7815400
2014-07-14,6.308291912078857,6.341038262542791,6.214731866745089,6.233443875811842,13173400
2014-07-15,6.350392818450928,6.394833998706335,6.284901022421276,6.301273971428689,10054400
2014-07-16,6.397173881530762,6.429919783775649,6.345715525283701,6.35741080903506,13010600
2014-07-17,6.432263374328613,6.476704591649402,6.319991247956932,6.3737882527438074,11766800
2014-07-18,6.6030097007751465,6.752706294508975,6.591314856542216,6.666162930344275,18621400
2014-07-21,6.755044460296631,6.84392687666338,6.5515513288537495,6.591314421201046,15626400
2014-07-22,6.801821708679199,6.843923840265362,6.673176703169905,6.783109699766402,12495800
2014-07-23,6.855621337890625,6.876672411849595,6.62873808604685,6.6895522501361375,17240400
2014-07-24,6.925787448883057,6.991279241905139,6.820532144198452,6.874329101646414,15478000
2014-07-25,6.850941181182861,6.96789135132695,6.8111781054886915,6.946840285010654,14584400
2014-07-28,6.808840274810791,6.90006128119049,6.790128262062915,6.8743320963635695,9103000
2014-07-29,6.703582763671875,6.932804957486192,6.694226983378144,6.783108903751035,11862600
2014-07-30,6.659143924713135,6.73633103535954,6.6310761278214905,6.694229340022073,10929800
2014-07-31,6.483716011047363,6.63107344659924,6.4556482255047065,6.605344271410631,14327400
2014-08-01,6.3737874031066895,6.474364670206191,6.3036174450106115,6.455652651638589,14309800
2014-08-04,6.453311920166016,6.493075005077559,6.303615810442368,6.37612480782356,11083800
2014-08-05,6.514124870300293,6.595990082448136,6.460327896594102,6.500090974144224,12438200
2014-08-06,6.593652248382568,6.635754390789339,6.493075007328526,6.514126078531912,19392800
2014-08-07,6.539852142333984,6.659141348294508,6.448631168535108,6.654463681375413,9666000
2014-08-08,6.350392818450928,6.497750251776445,6.327002700099166,6.443952845728573,12562600
2014-08-11,6.483716011047363,6.4860550675308195,6.385477869389248,6.392495038839616,7013000
2014-08-12,6.450972557067871,6.56324463404167,6.404192301930666,6.455650671807507,8657600
2014-08-13,6.467344284057617,6.682532613780585,6.376123294609992,6.490734407183275,32627800
2014-08-14,6.703582763671875,6.7527020601346175,6.551547653330928,6.551547653330928,22596400
2014-08-15,6.829895973205566,6.867320024061771,6.652131508573654,6.712945702747456,18608800
2014-08-18,6.836907863616943,6.923451198783419,6.724635790533052,6.923451198783419,13844000
2014-08-19,6.974908351898193,7.038061553345042,6.7597200124763335,6.776092965563402,15382200
2014-08-20,7.098918437957764,7.117680014596144,6.958206389514279,6.9957295427910395,12746200
2014-08-21,7.122369289398193,7.1739635044072525,7.021525664657182,7.059048811447624,7915000
2014-08-22,7.089537620544434,7.127060774850959,7.035598142142714,7.087192367486365,5964400
2014-08-25,7.326400279998779,7.370959178081954,7.105951489141691,7.1129872458846535,11033000
2014-08-26,7.3709588050842285,7.413172448783582,7.227901556394442,7.293567274072449,16164400
2014-08-27,7.715708255767822,7.7860640759124315,7.406141484121913,7.422557812334896,31678400
2014-08-28,7.800127983093262,7.856413127491066,7.650035457528478,7.687558588919674,19020800
2014-08-29,8.255102157592773,8.269172781588868,7.821239727053988,7.823585427468393,30559800
2014-09-01,8.309037208557129,8.510724394818572,8.255097757867551,8.255097757867551,17057200
2014-09-02,8.785120010375977,8.860166347562881,8.377055663750049,8.402853009899843,30049800
2014-09-03,8.65378475189209,8.956314745917135,8.468513814383408,8.829674678600282,28043400
2014-09-04,8.154258728027344,8.466169794761885,8.12377088418566,8.39346918318436,23221400
2014-09-05,8.020578384399414,8.266824027572898,7.954912223496904,8.133147795718088,18583200
2014-09-08,7.619553565979004,8.309041896629374,7.5069832027577155,8.20819824660132,24592600
2014-09-09,7.5867204666137695,7.762610439360203,7.415521447806626,7.528090475698291,23580400
2014-09-10,7.467111110687256,7.598442532058546,7.319363373472319,7.481182174651659,18445200
2014-09-11,7.521053791046143,7.633623245713758,7.464769063712335,7.504637468154355,15756600
2014-09-12,7.337733745574951,7.508379010763546,7.280852141197022,7.406465966732537,17373400
2014-09-15,7.5368218421936035,7.60318441190796,7.21686277833218,7.349586561596063,19121200
2014-09-16,7.868634223937988,7.977657249717619,7.567635162590637,7.567635162590637,27340200
2014-09-17,7.868634223937988,8.164893035802294,7.833082804870214,8.105641273429434,19739800
2014-09-18,7.74538516998291,7.878109352704884,7.688503119070771,7.844927628942245,15947000
2014-09-19,7.600809097290039,7.766714061982597,7.477565435064405,7.607919012998086,15488200
2014-09-22,7.240563869476318,7.408839079199964,7.043848072116698,7.361437497066686,26533600
2014-09-23,7.143388748168945,7.37802555536557,7.0983577568057985,7.202640480856624,19027000
2014-09-24,7.11020565032959,7.164717118488989,6.972741692505406,6.991702222824097,16797400
2014-09-25,6.9253411293029785,6.9253411293029785,6.9253411293029785,6.9253411293029785,26861600
2014-09-26,7.069915771484375,7.212120001142397,6.780767517755066,6.802098174806509,21321800
2014-09-29,6.465547561645508,6.685963570518598,6.380224943981907,6.482137970179046,27657000
2014-09-30,5.996274948120117,6.493989574925482,5.963094123684702,6.40392714343443,47557400
2014-10-01,6.09107780456543,6.200100766836788,5.78059842511305,5.920432539020962,30919600
2014-10-02,6.031828880310059,6.299646615803552,5.925175539772153,6.256985279588389,27106200
2014-10-03,6.164550304412842,6.204841500600697,5.9962751490206765,6.114778614037329,17761000
2014-10-06,6.899271011352539,7.368544565382789,6.636193207401587,7.335363744003312,49922600
2014-10-07,7.167088508605957,7.321142901192823,6.970372802244775,7.027254403258936,24614400
2014-10-08,7.212121486663818,7.451498557948799,6.922972721322119,7.311664422722376,33381600
2014-10-09,7.489418983459473,7.607921994902238,7.280852634552983,7.335364571323557,27131000
2014-10-10,7.133908748626709,7.133908748626709,7.133908748626709,7.133908748626709,22633000
2014-10-13,7.934988975524902,8.05586297145724,7.408833948105685,7.442014761386137,31074800
2014-10-14,7.8875885009765625,8.124595375684844,7.63399121736746,7.833077028286795,28436800
2014-10-15,7.584223747253418,7.679026905738056,7.285594882958719,7.584223747253418,43475600
2014-10-16,7.385136127471924,7.603182979847275,7.20264067732279,7.238192079549007,31035600
2014-10-17,7.581849575042725,7.6482116601394425,7.449125856904011,7.536818144010855,25308400
2014-10-20,7.091247081756592,7.091247081756592,7.091247081756592,7.091247081756592,19887400
2014-10-21,6.659896373748779,6.659896373748779,6.659896373748779,6.659896373748779,47499800
2014-10-22,6.5058393478393555,6.823428618386374,6.47028795249599,6.671743900537722,18957800
2014-10-23,5.913323879241943,6.432368800236952,5.877772473318942,6.399187970234048,34408200
2014-10-24,6.102930545806885,6.430000022755636,5.937025456943532,6.019978001375208,31526000
2014-10-27,5.7877092361450195,5.7877092361450195,5.7877092361450195,5.7877092361450195,54826400
2014-10-28,6.1977314949035645,6.24513306452333,5.927543723413568,6.062637609158566,20675600
2014-10-29,6.034196376800537,6.287794178182231,6.008125921223897,6.164550462903159,21909400
2014-10-30,6.458439826965332,6.562723018636662,6.162181119306372,6.162181119306372,19403200
2014-10-31,6.572201728820801,6.626713211477381,6.299643863483079,6.557981440313611,25426600
2014-11-03,6.486880779266357,6.534281900655716,6.330455767722242,6.470289912122429,15722600
2014-11-04,6.813950538635254,6.840021450571088,6.4726603676899686,6.6101243952567605,20173800
2014-11-05,6.27357292175293,6.56509177282974,6.214321192583184,6.503469920246626,37005600
2014-11-06,6.008123874664307,6.226170199709536,5.908580977316382,6.226170199709536,18719800
2014-11-07,6.159809112548828,6.230911451886295,5.984424065470715,6.0673765686703724,14028200
2014-11-10,5.925173759460449,6.349416417624161,5.846961483917767,6.252243152078517,13023000
2014-11-11,5.839851379394531,6.029457219590204,5.794820382245414,5.8872529524571755,12942600
2014-11-12,5.996274948120117,6.081597584730988,5.844590662638417,5.86829144525864,12885800
2014-11-13,5.903840065002441,6.102925837215794,5.877769169195682,6.098185592150084,9942600
2014-11-14,5.801928520202637,5.887251144693923,5.628913600143986,5.887251144693923,21396800
2014-11-17,5.957693576812744,6.104973282903489,5.912559407562764,5.998076685491975,16553400
2014-11-18,6.176238059997559,6.197617381836748,5.933939381210831,6.00995454637856,10429800
2014-11-19,6.5420637130737305,6.591948511353919,6.1786155779853225,6.1786155779853225,20641600
2014-11-21,7.086043834686279,7.109798681766138,6.653707339559738,6.653707339559738,25128000
2014-11-24,6.838997840881348,7.387732848093404,6.803365326848968,7.16918896704783,17509000
2014-11-25,6.938765525817871,7.086045244547398,6.88650521431313,6.888880744802361,16434200
2014-11-26,6.850873947143555,7.124053641461521,6.786735975852872,7.055165061734842,13846600
2014-11-27,6.9221367835998535,7.088420281581409,6.8413705649329355,6.8413705649329355,14331800
2014-11-28,7.055163383483887,7.07416717196583,6.945891259898169,6.983898836862056,7257200
2014-12-01,6.539684772491455,6.919760522445758,6.494550607277119,6.910258855239918,454472014
2014-12-02,6.40428352355957,6.727348426997264,6.3425215419834196,6.64658220113784,357547358
2014-12-03,6.413785457611084,6.542061384244637,6.371026815399899,6.44704197795929,7790000
2014-12-04,6.328268051147461,6.532559136400632,6.299762592280474,6.504053224447546,8667600
2014-12-05,6.468421936035156,6.477924058833844,6.29738780343414,6.390031235290588,15312200
2014-12-08,6.131102085113525,6.496925526401291,6.0218304305487065,6.416159323859472,9069400
2014-12-09,5.976696968078613,6.123976664363413,5.94106492234253,5.945815982596953,11461400
2014-12-10,5.684513568878174,6.031332812521872,5.672635918220897,5.998076296853585,12309000
2014-12-11,5.92681360244751,5.9553190645727945,5.656008993740395,5.748652878362949,9884000
2014-12-12,5.594456672668457,5.941250506295422,5.594456672668457,5.897901219673952,14275200
2014-12-15,5.32473087310791,5.741365053058837,5.298239528475135,5.741365053058837,16336600
2014-12-16,5.175412178039551,5.409016008309095,5.107979931461672,5.19227012484787,15657800
2014-12-17,5.582416534423828,5.645032132247606,5.189864990248774,5.238030976065491,22017200
2014-12-18,5.611314296722412,5.832876946942704,5.611314296722412,5.714870817711048,11880000
2014-12-19,5.864187240600586,5.864187240600586,5.659482463868277,5.659482463868277,17322200
2014-12-22,5.917167663574219,5.960516951260371,5.808794903703639,5.9003097093284484,6444600
2014-12-23,5.895493507385254,5.977375399933231,5.828061684824455,5.953292409299443,6468200
2014-12-26,5.912351131439209,5.950883730554286,5.83769427807185,5.890676487018877,3106800
2014-12-29,5.852145671844482,5.924394661717906,5.830471020816951,5.9075367018842595,3968000
2014-12-30,5.72450590133667,5.9171689331172255,5.707647943473984,5.873819636130375,5600200
2015-01-02,5.454776763916016,5.700422454419299,5.351220220311012,5.642623549479385,9500800
2015-01-05,5.341586112976074,5.466817275542085,5.274153842514815,5.437917599817328,11132400
2015-01-06,5.416243553161621,5.4836758310343905,5.2934207216852265,5.35362796499651,16931800
2015-01-07,5.654664039611816,5.79916151180074,5.476450659005238,5.524616636183146,8214400
2015-01-08,5.6739301681518555,5.775078349710822,5.592048285016274,5.724504488603732,6170200
2015-01-09,5.428282737731934,5.671519482684331,5.42105770655078,5.6594782233936725,7558200
2015-01-12,5.334360122680664,5.539064782602294,5.303052567325441,5.433099936405566,6647000
2015-01-13,5.3030524253845215,5.4692240336866895,5.2548864622175735,5.375300910790275,13345600
2015-01-14,5.341586112976074,5.478858539142956,5.2019053422200665,5.262112578913945,12824000
2015-01-15,5.307870388031006,5.514982976951019,5.307870388031006,5.3849355801263386,12393600
2015-01-16,5.370486259460449,5.5101670544075105,5.353628303761728,5.396977595184064,17017400
2015-01-19,5.346403121948242,5.493308475913979,5.319911789228039,5.370485650590475,8848800
2015-01-20,5.322319507598877,5.510165781232243,5.303053211345589,5.466816959170899,12890200
2015-01-21,5.457184791564941,5.486084472026074,5.351219909000571,5.382527934445535,13321200
2015-01-22,5.5029401779174805,5.599271641165374,5.471632165271509,5.4788571972693445,18856200
2015-01-23,5.488492012023926,5.599273108963081,5.433101004209577,5.47885863350151,8027600
2015-01-26,5.425877094268799,5.483675994448667,5.358444814386538,5.435510014626364,8109400
2015-01-27,5.539064884185791,5.553514490049763,5.281378026112298,5.387342874252365,12168200
2015-01-28,5.300645351409912,5.514982974237703,5.29823700674002,5.452367390854856,11751400
2015-01-29,5.189864158630371,5.360852967470252,5.163373284086442,5.358444622630839,10845400
2015-01-30,4.975526809692383,5.136882248546078,4.961077199161483,5.12965721360821,14294200
2015-02-02,4.864745140075684,5.0598164676291235,4.79249617699845,5.006834262181647,17874200
2015-02-03,5.0212860107421875,5.083901621686464,4.881605173818794,4.932179056113222,16762600
2015-02-04,5.370486259460449,5.4017942851965115,5.052592068156438,5.052592068156438,18676800
2015-02-05,5.488492012023926,5.6329890151019955,5.317503218009213,5.319911562639817,11804000
2015-02-06,5.274152755737305,5.41865018589682,5.233211824847853,5.41865018589682,11445200
2015-02-09,5.409018516540527,5.409018516540527,5.1898641877184915,5.225988901167356,8407800
2015-02-10,5.228396415710449,5.553515598268697,5.228396415710449,5.418651511488196,12658200
2015-02-11,5.286198616027832,5.3945714290099005,5.225991344589452,5.298239886577497,17032600
2015-02-12,5.565557479858398,5.565557479858398,5.33436143660476,5.3728940339229005,13287800
2015-02-13,5.924394130706787,5.924394130706787,5.577600204694828,5.5920498176363935,15980400
2015-02-18,5.767853736877441,6.042398602437385,5.750995323941402,5.946067110955369,19559800
2015-02-19,5.864187240600586,5.8714118178502925,5.690790037088539,5.787122020970761,8894400
2015-02-20,5.794373512268066,5.917658113942509,5.741192109241983,5.917658113942509,5348200
2015-02-23,5.772618293762207,5.7919570307519415,5.668672870612295,5.7291064813391985,7563400
2015-02-24,5.717016220092773,5.874143426102539,5.680756166563073,5.787119389845578,12215200
2015-02-25,5.596152305603027,5.625160641854262,5.516379957251961,5.603404504933802,13977600
2015-02-26,5.562307357788086,5.6590010039911265,5.511542905361694,5.62032354550991,9959400
2015-02-27,5.733940601348877,5.8499734799388845,5.538135839152992,5.559891975071628,14699000
2015-03-02,5.721853733062744,5.775035139413873,5.63241179489713,5.678341463742814,8619000
2015-03-03,5.7121806144714355,5.753275458938346,5.644495313752898,5.729102400722601,7975000
2015-03-04,5.424518585205078,5.627575462693672,5.424518585205078,5.620323266686347,14053400
2015-03-05,5.448690414428711,5.487367858949304,5.349578944139246,5.465611738772532,14606000
2015-03-06,5.318155765533447,5.455944272959889,5.318155765533447,5.451109475243109,8951800
2015-03-09,5.110265254974365,5.310904795854549,5.09576131954509,5.306070458092654,11668200
2015-03-10,5.14168643951416,5.257718742484266,5.047409789913486,5.076418096191706,12909000
2015-03-11,5.223879814147949,5.2818960068519765,5.136855294556051,5.175532756358736,9907200
2015-03-12,5.293980598449707,5.3544141679778345,5.2528857527277175,5.318154118475267,8759600
2015-03-13,5.165863037109375,5.2190444258045465,5.052247602477803,5.151358644770241,15468200
2015-03-16,5.165863037109375,5.245635350687963,5.054665001200992,5.2214618245277356,9297600
2015-03-17,5.426936149597168,5.43177048601136,5.153776085577864,5.1658630792925075,11792600
2015-03-18,5.811293601989746,5.857222793409519,5.361667593878758,5.400345050375225,24785000
2015-03-19,5.552637577056885,5.7919545163130595,5.54296844329557,5.782285382551745,11416400
2015-03-20,5.7871198654174805,5.794371600076393,5.620323052187973,5.64207917830798,18581200
2015-03-23,5.791954040527344,5.794371439037008,5.663835147016516,5.721851328033581,9680200
2015-03-24,5.778934478759766,5.882085896148136,5.719990878600996,5.845245736162073,8084600
2015-03-25,5.646310329437256,5.85015709713236,5.636486631512281,5.801037670623416,12465800
2015-03-26,5.425271987915039,5.653678713563319,5.410536206130586,5.636486890074448,12054800
2015-03-27,5.44246768951416,5.457203481798818,5.307388578612946,5.457203481798818,16438000
2015-03-30,5.6045613288879395,5.646313119696296,5.435098122849052,5.489130127684728,9587400
2015-03-31,5.6266632080078125,5.845245785669852,5.513688090523822,5.525967831661788,19279800
2015-04-01,5.837881565093994,5.8673531485517145,5.690522242478271,5.729817999383481,21375200
2015-04-02,6.041727066040039,6.085934899325081,5.783848194691382,5.882088032410259,17881200
2015-04-06,6.257851600646973,6.257851600646973,6.039269018027449,6.0638289693025,18071000
2015-04-07,6.061373233795166,6.326619690403995,6.061373233795166,6.250484259199811,13260400
2015-04-08,5.980327129364014,6.20873394530772,5.972959001337937,6.176805858970297,14930000
2015-04-09,5.761744022369385,5.923839560035579,5.727360361758923,5.869807557999433,18017800
2015-04-10,5.968047142028809,5.99260710127037,5.744552402970889,5.747008445739271,12686800
2015-04-13,5.955765247344971,6.056460622298942,5.926293213202352,5.990148896809617,10748400
2015-04-14,5.911558151245117,6.039269534033586,5.864894286679687,5.99506171164972,9768000
2015-04-15,6.147333145141602,6.208732795326404,5.921382413723842,5.943486325265743,15294600
2015-04-16,6.33398962020874,6.346269365742568,6.081022833608411,6.090846536347019,18013200
2015-04-17,6.029445171356201,6.277499802409191,5.9557657820479255,6.235748023549933,22663200
2015-04-20,5.999971866607666,6.078563317376563,5.931204112963883,6.068739151809452,8205200
2015-04-22,6.243114948272705,6.282410677466327,5.9999724482214045,6.017164271188359,12366800
2015-04-23,6.456790924072266,6.496086683929517,6.147336463864613,6.152248082514963,14053400
2015-04-24,6.677824974060059,6.734312530404321,6.493626054156704,6.50836183658519,17516000
2015-04-27,6.48380184173584,6.69992883524421,6.459241892231423,6.63116107032026,16033800
2015-04-28,6.508363723754883,6.54765946725312,6.331532878012815,6.530467638027918,9696400
2015-04-29,6.385565280914307,6.471524907230455,6.348725574905179,6.45924469293256,10251000
2015-04-30,6.537837505340576,6.537837505340576,6.289782765723356,6.348726396655813,14465800
2015-05-04,6.493631362915039,6.621342362440017,6.486263231456066,6.584502642030072,9024000
2015-05-05,6.672919273376465,6.6901111140614615,6.429776522740382,6.478896000634299,9705800
2015-05-06,6.658176898956299,6.690104504622578,6.5673052285426285,6.658176898956299,8997400
2015-05-07,6.842377185821533,6.849744844061539,6.572218630556934,6.5894104577064905,9796400
2015-05-08,6.876760005950928,6.97499934091895,6.768696503265054,6.879216047880391,10114200
2015-05-11,6.891498565673828,6.933250358412318,6.719579777324149,6.886586948278109,8501400
2015-05-12,6.7564167976379395,6.913599734414472,6.7564167976379395,6.835008266026206,16299200
2015-05-13,6.631162643432617,6.788345608042113,6.59432294465754,6.722034337623848,14432800
2015-05-14,6.375741958618164,6.557485406893962,6.3167983274648,6.55502936370728,20018000
2015-05-15,6.4395952224731445,6.50836300017073,6.363459786465142,6.400299483343713,8373400
2015-05-18,6.395389080047607,6.508364234357764,6.326621289309523,6.508364234357764,9680200
2015-05-19,6.206275463104248,6.4346821892671136,6.108036136916472,6.422401980717355,12372600
2015-05-20,6.147333145141602,6.294691930831403,6.056461456753546,6.1252292335997005,15003200
2015-05-21,6.049092769622803,6.112948456111606,5.963133642082214,6.093300588610598,8793800
2015-05-22,5.8417277336120605,5.999341588407678,5.8417277336120605,5.979327123081529,16918400
2015-05-25,6.054382801055908,6.0994149981495225,5.7816853643234785,5.831721297932798,7725400
2015-05-26,5.891765117645264,6.064390222079225,5.831721706794888,6.03687014649599,10624200
2015-05-27,5.989334583282471,6.02435977824297,5.816709521923952,5.931792578041303,12563000
2015-05-28,5.8542375564575195,5.951808508473236,5.816710487458816,5.951808508473236,13311000
2015-05-29,5.68911600112915,5.879253622347819,5.681610399187298,5.879253622347819,14234600
2015-06-01,5.724142551422119,5.761670092879989,5.641582819143327,5.704128085329761,7582200
2015-06-02,5.866748809814453,5.919286628100546,5.744159612781445,5.7541670889403544,16226800
2015-06-03,5.654091835021973,5.899269149913829,5.654091835021972,5.879254684967198,24737800
2015-06-05,5.586544036865234,5.679111255365763,5.531504365735177,5.679111255365763,12479800
2015-06-08,5.561527252197266,5.694123443072658,5.554022122551391,5.631578151049254,13921600
2015-06-09,5.6340789794921875,5.686616786041482,5.579038827279456,5.586544432721907,19866800
2015-06-10,5.806702613830566,5.86674649270384,5.701627018758685,5.729146612961185,12258000
2015-06-11,5.771679401397705,5.879257378719247,5.66159955516372,5.874253640894361,9621000
2015-06-12,5.700710296630859,5.822325333644403,5.700710296630859,5.748849763336087,13196600
2015-06-15,5.690575122833252,5.69564253654806,5.586695557955542,5.69564253654806,7979800
2015-06-16,5.880599498748779,5.913537208621706,5.708311760913948,5.741248987531646,22247800
2015-06-17,5.713376522064209,5.900866914928249,5.690573649506557,5.878064042370597,11673400
2015-06-18,5.898332118988037,5.931269327011016,5.741245746308173,5.78178407153105,11005200
2015-06-19,5.857795715332031,5.913535809984496,5.756449385774657,5.827391719813796,10274000
2015-06-22,5.969274044036865,6.009812369922127,5.900865921139839,5.931269423926303,13555200
2015-06-23,5.933804035186768,6.101024775794739,5.933804035186768,6.004746357939104,10033200
2015-06-24,6.050352573394775,6.068088519321613,5.898334045777083,5.969275896463976,10826600
2015-06-25,5.974343299865723,6.068088509448884,5.903400966039139,6.055419976664612,11658800
2015-06-26,6.207439422607422,6.207439422607422,5.943939721277126,5.951540841480743,13038600
2015-06-29,6.030086994171143,6.166904330387331,5.987014923501832,6.088361313256964,9921400
2015-06-30,6.151697635650635,6.156764564473759,5.99714495005252,6.045284398284804,12983000
2015-07-01,6.073155403137207,6.207438950320052,6.030083358437435,6.1770349550739905,9023400
2015-07-02,6.055420398712158,6.146631908095677,5.997146593608308,6.13396337442844,22231400
2015-07-03,5.997145175933838,6.042750919844784,5.956606844291892,6.042750919844784,4002400
2015-07-06,6.042752742767334,6.118762016712009,5.878065660383753,5.94647381363189,7517000
2015-07-07,5.933804035186768,6.014880699329416,5.870462830918444,6.004746357939104,11944400
2015-07-08,5.867930889129639,5.97941157747337,5.829926251792397,5.895801182029367,6532400
2015-07-10,6.019951343536377,6.088359996853396,5.941408343388299,5.9439415676545915,8760200
2015-07-13,6.055420398712158,6.116227910549455,6.025016884421083,6.080756982791485,5679400
2015-07-14,6.063020706176758,6.111160161148968,5.9692755026261475,6.0680881189643765,4237000
2015-07-15,6.063020706176758,6.121294503469122,6.0326167127061305,6.047818951068985,7626800
2015-07-16,5.86539888381958,5.981947019821484,5.80712505744629,5.880600646513629,16662000
2015-07-17,5.72604513168335,5.908467631393977,5.69057372763166,5.852727543962826,14118000
2015-07-20,5.581627368927002,5.746314411482566,5.581627368927002,5.718444125590603,11974000
2015-07-21,5.574026107788086,5.6475021384440796,5.480280910615791,5.601896392968642,10520200
2015-07-22,5.3054609298706055,5.54615728532491,5.282658051118962,5.54615728532491,17370400
2015-07-23,5.2218499183654785,5.366267811220428,5.201580748899085,5.280123720174473,13402000
2015-07-24,5.171177387237549,5.262388902649577,4.9912885465695815,5.221850558745381,13885600
2015-07-27,5.3282599449157715,5.404269163467537,5.226913675840318,5.25478394816155,17757200
2015-07-28,5.320660591125488,5.470145855917508,5.143305044785978,5.452410397934554,15462600
2015-07-29,5.5562920570373535,5.5562920570373535,5.277590584294747,5.285191704887287,14724000
2015-07-30,5.460014343261719,5.596831644817963,5.404274229621366,5.5562932924876565,8939200
2015-07-31,5.586696147918701,5.59683097641857,5.4625473983266435,5.520821695690444,14002600
2015-08-03,5.634832382202148,5.698173574200718,5.530952865984889,5.561356850776378,9993000
2015-08-04,5.434675216674805,5.665237148702947,5.401737521667921,5.665237148702947,8981800
2015-08-05,5.498018741607666,5.543624019484115,5.422008978636487,5.472682153950607,7208800
2015-08-06,5.345997333526611,5.472679732504706,5.325728169020316,5.447343156058087,8686000
2015-08-07,5.188913345336914,5.373869617381161,5.181312707167155,5.333331269625031,9293000
2015-08-10,5.32573127746582,5.378937684128963,5.199048804547539,5.257322626108681,5401800
2015-08-11,5.391605377197266,5.391605377197266,5.206648628421686,5.320663029498741,7517600
2015-08-12,5.153441429138184,5.340931372571046,5.117970502429438,5.3206622025581725,15232800
2015-08-13,4.927946090698242,5.117969711420461,4.897542098750462,5.0824983069388745,20096400
2015-08-14,4.889942646026611,5.011558171998911,4.884875715021483,4.963418703036026,10405600
2015-08-17,4.808864593505859,4.94061442755522,4.808864593505859,4.892474972180437,14015400
2015-08-18,4.971022129058838,5.1129064113415446,4.765796105666119,4.796200122068708,24531800
2015-08-19,4.664446830749512,4.82913388592448,4.664446830749512,4.778461206084927,21776600
2015-08-20,4.712586402893066,4.740456208348765,4.560567393137462,4.631509726558107,19084600
2015-08-21,4.702451229095459,4.760725508751513,4.578302517228344,4.677114648800011,12980800
2015-08-24,4.577618598937988,4.720589258562193,4.370821691112094,4.442306777446382,24489600
2015-08-25,4.518898963928223,4.758885327613766,4.513792746754741,4.746120271635735,18602800
2015-08-26,4.741011142730713,4.743564249749442,4.483153177303607,4.580169296193799,19407400
2015-08-27,4.909514904022217,5.026955454150746,4.78186240737917,4.827817384083567,21452000
2015-08-28,4.794627666473389,4.973340859061399,4.728248313698779,4.848241478163112,21263800
2015-08-31,4.552089691162109,4.705272841070613,4.493369637899856,4.6388934598784015,27377200
2015-09-01,4.434645652770996,4.539320606893976,4.416773903446628,4.4678350704626375,13812400
2015-09-02,4.442306041717529,4.539322195611561,4.398904180650315,4.472942850040789,14102800
2015-09-03,4.552089691162109,4.552089691162109,4.381035263039512,4.485710309969898,19712600
2015-09-04,4.350396156311035,4.5035787217667895,4.350396156311035,4.444858705878384,14320600
2015-09-08,4.365714073181152,4.460176617506106,4.322312218855897,4.434646515983992,12073000
2015-09-09,4.378479480743408,4.529109429384944,4.365714428942131,4.442305713660821,12760600
2015-09-10,4.301889419555664,4.301889419555664,4.12317572177547,4.243169385439985,31669200
2015-09-11,4.1870012283325195,4.32997186896089,4.1870012283325195,4.294229330542689,15107400
2015-09-14,4.432523250579834,4.450689250358979,4.209339836181492,4.227506330947007,17450400
2015-09-15,4.593424320220947,4.640136692115937,4.333908833089516,4.416953709773733,17238000
2015-09-16,4.637540817260742,4.775083674376414,4.624564749145612,4.624564749145612,19304400
2015-09-17,4.627161979675293,4.749134103204914,4.619376335412576,4.6686844257699125,20004000
2015-09-18,4.3676438331604,4.611588429378804,4.3105506276566485,4.611588429378804,18609600
2015-09-21,4.227505207061768,4.432522072190717,4.227505207061768,4.390999656595329,13184800
2015-09-22,4.224910259246826,4.333906730768743,4.095152331131708,4.2119341941928665,17388000
2015-09-23,4.074393272399902,4.271624862944696,4.064012662371229,4.256054071648318,19058600
2015-09-24,4.082176685333252,4.136674923387287,3.931657789277943,4.022488268532384,17517600
2015-09-25,3.957608699798584,4.204148456141172,3.9576086997985835,4.157435618519528,14071800
2015-09-28,3.7603790760040283,3.955015677215333,3.7603790760040283,3.9316592454710584,18993600
2015-09-29,3.7188544273376465,3.8122798512177587,3.71106903722091,3.7681624755608563,17155800
2015-09-30,3.944634199142456,3.9446341991424556,3.8356377066831815,3.864184560299247,24571400
2015-10-01,3.8693737983703613,3.9783702643097905,3.8174707782785195,3.9446332393768127,18401200
2015-10-02,4.131486892700195,4.141867503084135,3.8226633006647743,3.8512101648405626,18160400
2015-10-05,4.193767547607422,4.276812371126588,4.134079142576295,4.17300634172763,14079400
2015-10-06,4.289788722991943,4.310549930269551,4.108127788073204,4.162626266543316,15421400
2015-10-07,4.653110504150391,4.6531105041503915,4.344287085816724,4.344287085816724,44423400
2015-10-08,4.58563756942749,4.684253212915801,4.562281141630134,4.61937435680901,21626400
2015-10-09,4.803629398345947,4.803629398345947,4.608992877318897,4.671276504649201,22702600
2015-10-13,4.403975963592529,4.671276991878426,4.391000392165173,4.655706207168334,25355400
2015-10-14,4.362452983856201,4.481830304683207,4.35207262703739,4.385809405431349,23927200
2015-10-15,4.3001708984375,4.448094624746739,4.235292036372996,4.411762620386276,14000600
2015-10-16,4.224910259246826,4.3546679398688095,4.2067437681712825,4.300169456614716,16792000
2015-10-19,4.4117631912231445,4.419548833873384,4.183389785000948,4.2482686554601115,12667000
2015-10-20,4.2690300941467285,4.458476286850938,4.245673659979193,4.4143586328663185,13143600
2015-10-21,4.3209309577941895,4.370239018359746,4.235290902594172,4.243076542152829,13895200
2015-10-22,4.385807991027832,4.435116031227771,4.289787617728374,4.320929173128053,13031600
2015-10-23,4.326121807098389,4.525948787096084,4.326121807098389,4.466259867950322,11692800
2015-10-26,4.240481853485107,4.4480939841998,4.23010099945619,4.346883132349682,11589400
2015-10-27,4.297575950622559,4.297575950622559,4.204150720056425,4.256053515929507,14602600
2015-10-28,4.224910259246826,4.406570715125841,4.180792628035902,4.282003460525442,664400
2015-10-29,4.022489070892334,4.217125638838737,4.022489070892334,4.1833888515220385,17701400
2015-10-30,4.144461154937744,4.144461154937744,3.996537203372838,3.996537203372838,13145000
2015-11-03,4.510377407073975,4.520758260604973,4.175602800480699,4.222315651397514,21641600
2015-11-04,4.528544902801514,4.658302630732944,4.499998044260934,4.572662550097657,20221800
2015-11-05,4.749131679534912,4.749131679534912,4.499997130110421,4.50259234354022,18442800
2015-11-06,4.515566825866699,4.728369325886629,4.442902847315248,4.699822975021228,17396800
2015-11-09,4.4532856941223145,4.562282217893973,4.37543124642249,4.4610713368869,10834400
2015-11-10,4.445497989654541,4.468854412129705,4.3416919425350775,4.36245315195897,8170600
2015-11-11,4.479235649108887,4.614183769449605,4.476640435834682,4.499996860316203,20864800
2015-11-12,4.466259479522705,4.481830758808081,4.34688264158601,4.359858212670848,20191200
2015-11-13,4.42992639541626,4.455878026192138,4.372833203698276,4.424735970263846,9762400
2015-11-16,4.4896159172058105,4.52075798088557,4.398785929361326,4.440308350943464,11374800
2015-11-17,4.570065975189209,4.647920390768684,4.515567488294534,4.541519125149794,12234400
2015-11-18,4.603804111480713,4.692039405763896,4.551901317481837,4.580447680935962,17309400
2015-11-19,4.860723495483398,4.884079921910135,4.658301793100163,4.684252938030883,24263800
2015-11-23,4.8192009925842285,4.982695974958206,4.756917354770545,4.881484630397912,15854400
2015-11-24,4.87179708480835,4.911085670254089,4.717261549084503,4.793219414335403,11256800
2015-11-25,4.557487964630127,4.808935841766809,4.53391471053664,4.798458617911246,15856600
2015-11-26,4.675352096557617,4.717259973647842,4.583678428079761,4.615109585688081,8420000
2015-11-27,4.528676986694336,4.651781380068841,4.48153047446278,4.651781380068841,12930800
2015-11-30,4.266752243041992,4.507722410649553,4.266752243041992,4.48153034866199,26581800
2015-12-01,4.266752243041992,4.361044765276651,4.2510364063515835,4.295563611144624,16068200
2015-12-02,4.3008012771606445,4.397713583770369,4.219604803783707,4.290324055005453,17510000
2015-12-03,4.662255764007568,4.709402252563682,4.492004943895964,4.557486066983605,22065400
2015-12-04,4.536531448364258,4.633443715839936,4.4684310305994215,4.630824411358837,14797600
2015-12-07,4.518197536468506,4.667494418610104,4.502482206659213,4.570582635274584,10459600
2015-12-08,4.473671913146973,4.554868395001294,4.431764019313678,4.518199112792536,12259200
2015-12-09,4.924181938171387,4.9713284428299955,4.573202958581178,4.588918793188377,40847200
2015-12-10,4.714640140533447,4.905844870777805,4.704162922644374,4.8822716301086375,25640600
2015-12-11,4.62296724319458,4.798456675069294,4.599393998645639,4.6570177073569745,22480400
2015-12-14,4.427277088165283,4.624163154997539,4.421956227149861,4.618842293982117,16431200
2015-12-15,4.459206581115723,4.578934375324649,4.445903154554396,4.483152241452275,14395400
2015-12-16,4.390029430389404,4.456545027819547,4.256998235529119,4.4166357708562085,19279000
2015-12-17,4.360761642456055,4.602878334159037,4.339476675299978,4.554987538663101,19358600
2015-12-18,4.243694305419922,4.315531005838227,4.153233068515016,4.230391137568584,25740600
2015-12-21,3.9669888019561768,4.283603077022572,3.966988801956177,4.256996745866196,24011800
2015-12-22,3.9909353256225586,4.126627187590565,3.97231104196544,4.028184146673629,24137200
2015-12-23,3.95102596282959,4.073414652858796,3.8845103759384307,4.062772169105684,17237200
2015-12-28,3.9856152534484863,4.0042397969019365,3.951027359328329,3.956348476217231,11006400
2015-12-29,3.9377241134643555,4.0414883013740575,3.9377241134643555,4.0414883013740575,8813800
2015-12-30,3.9217591285705566,3.9749715498648084,3.8845105605329997,3.964329065605958,9739000
2016-01-04,3.788726806640625,3.876527338749504,3.788726806640625,3.8419392118980116,12181000
2016-01-05,3.802030563354492,3.876527942313863,3.802030563354492,3.833958011479937,11209000
2016-01-06,3.802030563354492,3.8552429768969003,3.7301938685064417,3.7594606325205655,11730000
2016-01-07,3.711568593978882,3.786065958095555,3.7089079103976696,3.7514780864868063,12981400
2016-01-08,3.711568593978882,3.8206540834410556,3.674320038788921,3.775423477507459,9385000
2016-01-11,3.605145215988159,3.740837087532443,3.5918420465498633,3.7248732334591175,10671000
2016-01-12,3.480095863342285,3.684964014983357,3.480095863342285,3.637072706031033,13971000
2016-01-13,3.41624116897583,3.5732180215474814,3.384313712243152,3.5439509959065405,15641800
2016-01-14,3.607804775238037,3.6078047752380367,3.3683485612530175,3.458809780731573,18373800
2016-01-15,3.4694530963897705,3.557253653173489,3.4375256442626765,3.50936234811443,16259400
2016-01-18,3.4481680393218994,3.5146836263043926,3.4348648711780356,3.488077290016664,7017600
2016-01-19,3.41624116897583,3.551933050392363,3.41624116897583,3.5439509959065405,13407000
2016-01-20,3.3843135833740234,3.416241038890956,3.3311011575124696,3.368349728747127,14415400
2016-01-21,3.3816535472869873,3.4694541302339332,3.3390835984323353,3.357707887622018,16240200
2016-01-22,3.4588091373443604,3.498718372049797,3.4268816988326654,3.445505974530306,13285000
2016-01-26,3.4295449256896973,3.445508529916704,3.3843142908183195,3.416241753009248,19850800
2016-01-27,3.378993511199951,3.4375273289886943,3.3550478469346943,3.4055998612140046,20708000
2016-01-28,3.45348858833313,3.472113122176831,3.3710094160852595,3.41091866023916,13686800
2016-01-29,3.684964418411255,3.684964418411255,3.4561505872436076,3.47743555938894,20564000
2016-02-01,3.767442464828491,3.7780849476322005,3.5945020558340075,3.655696268521137,13684400
2016-02-02,3.4854161739349365,3.690284009608528,3.4774341223762733,3.6716597301118683,23686000
2016-02-03,3.530646800994873,3.602483489201283,3.5013797859498204,3.5811985257522148,13321200
2016-02-04,3.6716604232788086,3.75680029275042,3.5678960170576626,3.5918416687807597,18050600
2016-02-05,3.6423940658569336,3.738176690184282,3.629091149133133,3.6982671788022627,11180000
2016-02-10,3.6423940658569336,3.6503761203754608,3.5838605218089676,3.597163692269641,10771000
2016-02-11,3.4747729301452637,3.615785844842135,3.4135784836343848,3.583858406820394,21786400
2016-02-12,3.4588091373443604,3.610464533709091,3.408257423135025,3.5120215348638513,20172800
2016-02-15,3.496058702468872,3.5519317954445206,3.4800948528743523,3.5386286297385507,9026600
2016-02-16,3.5652356147766113,3.602484437485905,3.4854171077003113,3.4960595922262745,13921200
2016-02-17,3.5545923709869385,3.6716599295036554,3.4880767934732373,3.5732169052317926,19598200
2016-02-18,3.4242231845855713,3.6078063894889087,3.4242231845855717,3.554593704525289,18268600
2016-02-19,3.4614713191986084,3.5359687079773905,3.4055982141803134,3.4242224979408,16012200
2016-02-22,3.6211071014404297,3.6450527443418124,3.538627946709815,3.562573589611197,21210200
2016-02-23,3.5971624851226807,3.7089084197764186,3.5439498211372595,3.5918411172294236,13857800
2016-02-24,3.4774343967437744,3.5306470630528697,3.4268826682342923,3.501380045835508,19670200
2016-02-25,3.490736246109009,3.514681886164973,3.3789900950056433,3.45880881061329,19713200
2016-02-26,3.51202130317688,3.5865186547895997,3.448166430365977,3.530645831382592,13945000
2016-02-29,3.6024832725524902,3.642392513185207,3.522664537550294,3.5652344618883283,32678200
2016-03-01,3.810011863708496,3.8445999914221005,3.6237683137971217,3.650374643957362,27066400
2016-03-02,3.929741859436035,3.9563479478008268,3.780746800393045,3.8259774297237623,25938800
2016-03-03,4.446562767028809,4.548290043228541,4.0155592447037485,4.042329741789393,51505800
2016-03-04,4.885594844818115,5.273765598374243,4.446560731745717,4.446560731745717,53854400
2016-03-07,4.888273239135742,4.9391371227290355,4.687495315620004,4.885596138882973,22629000
2016-03-08,5.421005725860596,5.421005725860596,4.8026096601021475,4.885597752936092,53123000
2016-03-09,5.434389114379883,5.680676729539638,5.329984753918087,5.407619132131502,49665000
2016-03-10,5.755632400512695,5.87877591841023,5.399586323602835,5.5548545260762054,45257200
2016-03-11,6.117033958435059,6.2348238124231,5.688707634427801,5.760987806916234,56263800
2016-03-14,5.968700885772705,6.350482661533813,5.793941221361173,6.183788993464668,42439800
2016-03-15,4.705056190490723,5.551966202216968,4.705056190490723,5.514325916792378,70133200
2016-03-16,4.863683700561523,4.944341599243937,4.5168536080442365,4.610954831713995,47140000
2016-03-17,5.5627217292785645,5.7401695493729346,5.202448758102599,5.702528745272866,61471400
2016-03-18,5.473995685577393,5.678329568152122,5.361074342912682,5.597671173214295,25889000
2016-03-21,5.565411567687988,5.589609049419636,5.444424159029747,5.535836753835836,22306200
2016-03-22,5.484750747680664,5.570785973085789,5.4632419413293825,5.517014213612783,19311600
2016-03-23,5.2804179191589355,5.374519158642645,5.242777628489652,5.371830493193339,19680000
2016-03-24,5.105656623840332,5.183626350703301,5.014244088185263,5.041130218579745,21810800
2016-03-28,5.404091835021973,5.455175432796288,5.293859159116022,5.430977966103733,32618400
2016-03-29,5.565411567687988,5.565411567687987,5.250844817987177,5.4175380112378475,37930600
2016-03-30,5.449797630310059,5.672951627114153,5.439042973688053,5.646065498369391,27935600
2016-03-31,5.315367698669434,5.42022304061375,5.199757699699919,5.379894102389803,283000
2016-04-01,5.315367698669434,5.369139445364605,5.162117425732272,5.213200508171145,90000
2016-04-04,5.014243125915527,5.258905891213211,5.006177647312206,5.218576959766045,318800
2016-04-05,4.933586120605469,5.180937592703708,4.828730265243968,4.987357867611875,380400
2016-04-06,4.887880802154541,5.024999629767335,4.7857135912381645,4.8690606614095175,257000
2016-04-07,5.0384440422058105,5.038444042205811,5.038444042205811,5.038444042205811,114400
2016-04-08,5.619181156158447,5.632624481210057,5.205136487966772,5.240088107480125,36733400
2016-04-11,5.791250705718994,5.861153927588382,5.678329367053406,5.734789779981055,146200
2016-04-12,5.94181489944458,5.957946379740576,5.729414938836839,5.83964766101208,237000
2016-04-13,6.003652572631836,6.218740682532954,6.000963907156758,6.119262624007626,375200
2016-04-14,5.8961100578308105,6.199922156527584,5.8235176094730425,6.132707040524608,32011600
2016-04-15,6.103130340576172,6.127327813856103,5.952568170654282,6.124639148734951,29140000
2016-04-18,5.936437606811523,6.199920675529458,5.869222506864468,6.076245137775923,29697600
2016-04-19,5.909550189971924,6.076243827532469,5.909550189971924,6.022471554045737,173400
2016-04-20,5.869218826293945,5.9122364222590065,5.764363500230382,5.882661632729204,19879600
2016-04-22,5.718661308288574,5.802007895656782,5.654134868441198,5.718661308288574,23234200
2016-04-25,5.592295169830322,5.750922820048578,5.527768746271946,5.672953583886116,12521800
2016-04-26,5.847711563110352,5.888040505811115,5.594982735876391,5.6245575331684385,25508000
2016-04-27,5.995584964752197,6.070866039389282,5.898795597716363,5.914927073420608,18239200
2016-04-28,5.847711563110352,5.96332157491345,5.780496487672301,5.928369448511879,22155600
2016-04-29,5.9445037841796875,5.94719244979659,5.80738491458087,5.914928975204297,30400400
2016-05-02,5.793937683105469,5.944499779354721,5.756297415448248,5.914924990303941,17302200
2016-05-03,5.495504379272461,5.672952126679754,5.495504379272461,5.672952126679754,17387000
2016-05-04,5.613802909851074,5.627246232708461,5.444421144330667,5.4578639543777205,15545600
2016-05-05,5.51701545715332,5.732103569147198,5.457865841747122,5.699840608753371,11430800
2016-05-06,5.5627217292785645,5.6380023118576865,5.371830581716131,5.371830581716131,11361000
2016-05-09,5.444423675537109,5.565411073451051,5.162120430818672,5.549279078522145,22928400
2016-05-10,5.767054557800293,5.767054557800293,5.5412118288384935,5.586918107623867,30806800
2016-05-11,5.506259441375732,5.949878883801101,5.506259441375732,5.914927266499264,36734200
2016-05-12,5.350318431854248,5.543898124112052,5.197068184023613,5.41215616118763,55622000
2016-05-13,5.205135822296143,5.425601196843667,5.108345945544411,5.363763447945771,27513200
2016-05-16,5.124476909637451,5.24277557911199,5.113722764854475,5.191691981164528,23098000
2016-05-17,4.877127647399902,5.102970431625373,4.8663734977184925,5.0707074697706105,25254800
2016-05-18,4.882503986358643,5.041131636202654,4.761516621965607,4.8502410310607855,24360400
2016-05-19,4.76689338684082,4.901323547864941,4.742695916831649,4.826042985890068,19379800
2016-05-20,4.653969764709473,4.874435039378685,4.653969764709473,4.839483440169469,16166200
2016-05-23,4.570625305175781,4.6351517185351385,4.527607696269543,4.581379963807516,17438600
2016-05-24,4.330441474914551,4.7477683852426535,4.330441474914551,4.682730525881448,54938200
2016-05-25,4.4578070640563965,4.5391042468013945,4.3331507980558674,4.335860773064018,40225800
2016-05-27,4.371089458465576,4.563493550983994,4.2979219415703165,4.525554934237356,16056000
2016-05-30,4.446968078613281,4.512005941560323,4.381930215666239,4.419868839833267,9085800
2016-05-31,4.463229179382324,4.5851755436585595,4.327733707235301,4.430710493492123,26358600
2016-06-01,4.49032735824585,4.517426601276541,4.365671563929763,4.438838848175041,21501400
2016-06-02,4.5797529220581055,4.5797529220581055,4.40631865335883,4.5147150712958775,20070000
2016-06-03,4.6881513595581055,4.712540628709718,4.566205530675159,4.614984068978384,19103800
2016-06-06,4.639370441436768,4.7613161941801945,4.59059193358948,4.701698305075061,16916800
2016-06-07,4.585175514221191,4.712541314077961,4.56620619476116,4.593305444079142,14297000
2016-06-08,4.728800296783447,4.769448904784074,4.625823271848426,4.628533247965147,17787000
2016-06-09,4.715250015258789,4.753189160791796,4.628532854397716,4.690860749157231,21393000
2016-06-10,4.4849066734313965,4.6746008267751655,4.4849066734313965,4.650211563720253,19733400
2016-06-13,4.52284574508667,4.566204319438161,4.406319382688919,4.433418620877346,13732800
2016-06-14,4.402004241943359,4.59874166661771,4.344622167344577,4.544092121397601,17629800
2016-06-15,4.3992719650268555,4.470316169419353,4.262648615312833,4.434793806634745,24911400
2016-06-16,4.423862934112549,4.451187700411996,4.251717531837918,4.366480872766054,20292000
2016-06-17,4.371946334838867,4.557754137457778,4.371946334838867,4.462117707147854,26122800
2016-06-20,4.533162593841553,4.587812139890862,4.47304851012867,4.503105291396763,27547400
2016-06-21,4.330960750579834,4.385609783568968,4.303635973496879,4.3582852670744,40189200
2016-06-22,4.317297458648682,4.432060820853177,4.317297458648682,4.369214211536708,22121200
2016-06-23,4.432061672210693,4.46211897860389,4.366482521042888,4.402004886994261,23530400
2016-06-24,4.341888904571533,4.344621172736369,4.205265593974939,4.268112191766996,20642800
2016-06-27,4.273578643798828,4.388342022407563,4.218929093256687,4.382877484294741,16009800
2016-06-28,4.380146026611328,4.396540687315571,4.314566602029057,4.361018575005134,14202000
2016-06-29,4.505838871002197,4.522233530167449,4.42386505399912,4.42386505399912,21470600
2016-06-30,4.694381237030029,4.694381237030029,4.434796506093579,4.497643160134349,28466000
2016-07-01,4.658854961395264,4.724434613037582,4.617868070001265,4.697109845049383,16563000
2016-07-04,4.680715084075928,4.7271670373968355,4.642460718226937,4.699842788177069,11441600
2016-07-05,4.645194053649902,4.669786299157482,4.593277033003153,4.653391642544674,9921000
2016-07-06,4.634263515472412,4.650658691777307,4.52769747537404,4.617868860344206,18167400
2016-07-07,4.576882839202881,4.683448899727152,4.576882839202881,4.647927053277991,15182400
2016-07-08,4.708038806915283,4.7189689211125145,4.639727156712183,4.661586863930114,11531800
2016-07-11,4.9239044189453125,4.929369476651293,4.7681539225609875,4.784548574502341,19298800
2016-07-12,4.861058712005615,5.063261193689382,4.852861123940456,5.005879119586637,21099600
2016-07-13,4.932102680206299,4.973090101762715,4.795479331489485,4.861058997509065,22121000
2016-07-14,5.194421291351318,5.227210612719902,4.992218738988836,5.027740590667611,36803400
2016-07-15,5.262730598449707,5.300984963086851,5.175291752892448,5.175291752892448,30739600
2016-07-18,5.45400333404541,5.454003334045411,5.262730975962476,5.273660571852834,20480200
2016-07-19,5.719054222106934,5.719054222106933,5.410285121038566,5.434877368775933,36141000
2016-07-20,5.833817005157471,5.877536434383594,5.669868884971156,5.7381805582840615,33072200
2016-07-21,5.724517822265625,5.866605691525708,5.53871000726015,5.820153737774339,29865000
2016-07-22,5.631616115570068,5.809226412436868,5.631616115570068,5.710857408126764,16187600
2016-07-25,5.820153713226318,5.820153713226318,5.650741074031152,5.653473603202254,23936000
2016-07-26,5.858407020568848,5.934915732020502,5.820152143666513,5.833814785837529,19589800
2016-07-27,5.869338035583496,5.984101651750843,5.847478323988603,5.874803093776378,18010200
2016-07-28,5.648009777069092,5.806492855332267,5.6015578133793635,5.806492855332267,17635400
2016-07-29,5.7518439292907715,5.79009882902529,5.604290954013349,5.645277862636143,18178200
2016-08-01,5.653473854064941,5.831084088654549,5.645276266187881,5.7764345451608206,14231400
2016-08-02,5.5195841789245605,5.702659509682724,5.492259401568146,5.6015579898170245,20157000
2016-08-03,5.607024192810059,5.6507436370241155,5.4731333297574,5.492260521453939,14761000
2016-08-04,5.7573065757751465,5.765504162533744,5.656205611635444,5.661670148297909,15344800
2016-08-05,5.7982940673828125,5.869338263114476,5.729982400853519,5.8201537798251195,9234200
2016-08-08,5.784633636474609,5.836550664169313,5.738181668784993,5.7600413876285295,8695800
2016-08-09,5.847480297088623,5.888467205012073,5.773703550120325,5.801028329128229,10663000
2016-08-10,5.702658176422119,5.902128118488077,5.675333405454136,5.866605759876703,15765000
2016-08-11,6.025090217590332,6.027822747444953,5.686264333269156,5.686264333269156,31725000
2016-08-12,6.194499969482422,6.2354868521150255,5.984099978478175,6.025086861110778,34418800
2016-08-15,6.33385705947876,6.34478665382688,6.194501213598217,6.210895865708695,16581600
2016-08-16,6.186303615570068,6.3393221055749045,6.153514311409455,6.265545389448636,16687400
2016-08-17,6.219090938568115,6.2218234663447936,6.041480802495065,6.2026962930844265,15934600
2016-08-18,6.210898399353027,6.262815426921017,6.145319242982475,6.22729357932827,11044000
2016-08-19,6.339323043823242,6.352985169049456,6.145317634315671,6.175374935225342,18190200
2016-08-22,6.096131801605225,6.339321642034231,6.0961318016052255,6.333856584681545,15181800
2016-08-23,6.208861351013184,6.272104720072836,6.137368641632604,6.186863634624307,23453800
2016-08-24,6.145621299743652,6.21986382931196,6.104375624805885,6.162119464825317,11122200
2016-08-25,6.170364856719971,6.244606814259936,6.134618243398066,6.159365737400346,10110400
2016-08-26,6.2968549728393555,6.360098369582022,6.181366780129326,6.214363631389545,16521200
2016-08-29,6.549827575683594,6.580074638666522,6.239109701690647,6.291353961157658,17597600
2016-08-30,6.525078773498535,6.640566916589967,6.4673349641862865,6.582823107277718,16233600
2016-08-31,6.382096767425537,6.692815270160433,6.2528601790252125,6.566327938892971,37697000
2016-09-01,6.285853862762451,6.497581694486837,6.283104082549544,6.4480872240553495,17968200
2016-09-02,6.522332668304443,6.536081576697075,6.354600181652162,6.371098347256092,21005800
2016-09-05,6.459087371826172,6.593823487818751,6.42059148853317,6.55532760452575,9590800
2016-09-06,6.60482120513916,6.604821205139159,6.409591000431342,6.494832615956497,16285000
2016-09-08,6.635067939758301,6.681813157131056,6.544327285383774,6.563575747980656,15539200
2016-09-09,6.280353546142578,6.5443261211943495,6.252856271791297,6.530577746252152,21894800
2016-09-12,6.3105998039245605,6.349095668477719,6.107120314086047,6.252855482628004,21592400
2016-09-13,6.085714340209961,6.240552901998046,6.0304145901683235,6.237787861758214,18884400
2016-09-14,6.063594341278076,6.1576035967535105,5.98617479930493,6.096773768282651,14097000
2016-09-15,6.168664932250977,6.221199654779293,6.0580659327526485,6.099540491642317,14237400
2016-09-16,6.063594341278076,6.160368636900139,6.000000000038072,6.146543436166996,15632400
2016-09-19,6.085714340209961,6.2156680672170594,6.085714340209962,6.135484009771935,11349800
2016-09-20,6.251611232757568,6.259905823671268,6.143776804483354,6.165896592548797,11802400
2016-09-21,6.453455448150635,6.525344903276103,6.2986169056990144,6.320736697477817,21948600
2016-09-22,6.483871936798096,6.561290963167166,6.428572180210848,6.52534649054975,14174000
2016-09-23,6.345621585845947,6.464515138108368,6.287556802296915,6.442395346131936,12272600
2016-09-26,6.273731231689453,6.326265400499765,6.207371865262718,6.268201152642884,7248000
2016-09-27,6.326266288757324,6.3456215681379495,6.165897665531357,6.293086864573987,13392600
2016-09-28,6.445160865783691,6.445160865783691,6.287557270298531,6.356681691292196,10532400
2016-09-29,6.257140636444092,6.475573999886016,6.248846045726315,6.453454212343053,14369200
2016-09-30,6.304145336151123,6.400919605726843,6.237785972624804,6.262670799869341,9726000
2016-10-03,6.453455448150635,6.483870359613028,6.331796329678501,6.331796329678501,12682200
2016-10-04,6.4700469970703125,6.508757039206576,6.392627967552958,6.442397117652292,12107800
2016-10-05,6.6165876388549805,6.677416920874801,6.46727868201908,6.497693586717649,15563200
2016-10-06,6.823966026306152,6.868205633658403,6.566822978960121,6.594472865399707,21767000
2016-10-07,6.98986291885376,7.020277311035653,6.882028443769082,6.8875585250303635,24574000
2016-10-10,7.036864280700684,7.097693564139342,7.003684335948569,7.0313342020124425,10865800
2016-10-11,6.87649393081665,7.003682543837017,6.8626687376336575,6.99815246656382,11608800
2016-10-13,6.995390892028809,7.058985757408219,6.779723045347842,6.8488474633614755,21316400
2016-10-14,7.177877902984619,7.202762730770004,7.072809040295378,7.1059889864683425,19661600
2016-10-17,7.598155498504639,7.598155498504638,7.133639349709171,7.133639349709171,25797200
2016-10-18,7.7557597160339355,7.758524756120296,7.581566409612981,7.617510875980728,23726200
2016-10-19,7.6119771003723145,7.838704987899832,7.5926218305053,7.755755413458451,18555200
2016-10-20,7.769584655761719,7.791704448332915,7.523501370107514,7.523501370107514,16404400
2016-10-21,7.866358280181885,7.935482692038044,7.667279636514604,7.764053918588709,18669800
2016-10-24,7.80276346206665,8.084791190513947,7.8027634620666495,7.9631320773328245,18640000
2016-10-25,7.617511749267578,7.877419746029674,7.53456264667719,7.852534909777051,23203200
2016-10-26,7.559447288513184,7.672811305247357,7.465438026727159,7.54838712718423,24213000
2016-10-27,7.946541786193848,7.954836904911372,7.534560382682894,7.534560382682894,24220400
2016-10-28,7.822118282318115,7.999076598487479,7.747463794917646,7.894007202728883,13261800
2016-10-31,8.098616600036621,8.129030983589944,7.83870865564572,7.8442387353381156,17214400
2016-11-01,7.725346088409424,8.145622202632227,7.71981600769369,8.123502407146816,15834000
2016-11-03,7.357602596282959,7.675574786622978,7.357602596282959,7.576035464389528,27198400
2016-11-04,7.432255268096924,7.6617482553767795,7.219352516555841,7.3576013167817145,22527000
2016-11-07,7.8331780433654785,7.8331780433654785,7.664514315857063,7.783408384272675,13469800
2016-11-08,7.819352149963379,7.877416391575545,7.6700431960281374,7.730872476866213,13556400
2016-11-09,7.542855739593506,7.7419338487043285,7.382487130965441,7.410136472808901,19752400
2016-11-10,7.058986186981201,7.70875533394895,7.023041192095311,7.70875533394895,31711800
2016-11-11,6.569586753845215,7.050692786585752,6.49769727391236,6.926268585283192,41243000
2016-11-14,6.752073287963867,6.843317500204832,6.3788013188408375,6.552995150541069,25667600
2016-11-16,7.188937187194824,7.280181368860282,6.788015479265735,6.912439603071946,32438800
2016-11-17,7.056218147277832,7.40460515045696,7.023038206670517,7.26912140378351,19059800
2016-11-18,7.263594627380371,7.274654261025013,7.0285714794348175,7.036866600201427,14772600
2016-11-21,7.8331780433654785,7.8331780433654785,7.564975525048845,7.675574474489859,27892400
2016-11-22,7.933067798614502,8.113490858678862,7.808159241184246,7.980255417040311,26463200
2016-11-23,7.896985054016113,7.994135586351535,7.8109366833323195,7.833142594927658,14544000
2016-11-24,7.68602991104126,7.902537452847831,7.686029911041261,7.883107343140142,5568000
2016-11-25,7.669372081756592,7.744317215152562,7.494500633263236,7.57499737567311,9546400
2016-11-28,8.021891593933105,8.041321696732423,7.611082042251381,7.669372350649334,14429400
2016-11-29,7.7304368019104,8.019113516332434,7.730436801910401,7.9191872260554135,10092200
2016-11-30,7.910862922668457,8.044098381671096,7.849796802983244,7.924741417778071,17193600
2016-12-01,7.389025688171387,7.389025688171386,7.389025688171386,7.389025688171386,23528400
2016-12-02,7.541689872741699,7.619410827357287,7.189170566013745,7.3279576446218515,18632600
2016-12-05,7.3973541259765625,7.602759020477816,7.314082057465289,7.541692872198276,16156000
2016-12-06,7.4056782722473145,7.547241149708702,7.27521808528039,7.364042256389417,18061200
2016-12-07,7.494503498077393,7.536139522736112,7.438988445578582,7.516709413190761,14842000
2016-12-08,7.438984394073486,7.586098832470635,7.386245705296623,7.552789713226388,10372000
2016-12-09,7.505605697631836,7.563896018325218,7.3890245268143655,7.5000540872522645,12557400
2016-12-12,7.147532939910889,7.408452737220041,7.108672736063137,7.358489315455461,21920000
2016-12-13,7.213500499725342,7.344351148190005,7.155035485842423,7.155035485842423,14729800
2016-12-14,7.038102149963379,7.288667382482946,7.038102149963379,7.224634145586745,18636600
2016-12-15,7.3081560134887695,7.308156013488769,6.965716830586565,7.038102439585089,21081200
2016-12-16,7.355484485626221,7.503039815555619,7.335996156035333,7.347132116794202,16335400
2016-12-19,7.191227436065674,7.439008622586221,7.129978303166588,7.3777594896871355,12267800
2016-12-20,7.3081560134887695,7.444574862018496,7.14111234126273,7.2441227739575655,15261800
2016-12-21,7.3081560134887695,7.425086530945277,7.263611105030784,7.377757499331519,7949200
2016-12-22,7.238553047180176,7.316506886546729,7.18565578007369,7.316506886546729,16166200
2016-12-23,7.444574356079102,7.494687507442903,7.255258242490149,7.255258242490149,10522200
2016-12-26,7.561502456665039,7.586559024364483,7.458492594804651,7.458492594804651,2809800
2016-12-27,7.614405155181885,7.681222539787217,7.528099433110503,7.606052782974705,7130400
2016-12-28,7.709061145782471,7.78144675877306,7.592130621877246,7.614403077334564,6908600
2016-12-29,7.820423603057861,7.820423603057861,7.650595794401422,7.709061323208244,9391000
2017-01-02,7.667299270629883,7.784229246932268,7.639458572502917,7.767525040462949,3936400
2017-01-03,8.018089294433594,8.018089294433594,7.728547449482129,7.728547449482129,15157800
2017-01-04,7.9763288497924805,8.073771020030756,7.948488153864815,7.9763288497924805,8312600
2017-01-05,7.956840991973877,8.045930799391424,7.915080211124044,7.995817649964769,10914200
2017-01-06,8.043147087097168,8.054283579101396,7.945705437146001,7.956841398133064,7384800
2017-01-09,7.739686489105225,7.9178666879296395,7.670084989990906,7.736902896435873,30980400
2017-01-10,7.845478534698486,7.931784217078918,7.800933632113933,7.867750985990763,10895200
2017-01-11,7.929001331329346,7.931785454552385,7.689572575337298,7.892808791464257,11368400
2017-01-12,8.129454612731934,8.210192068660985,8.068204958905842,8.107182156163514,18930200
2017-01-13,7.917868137359619,8.146161011282675,7.88724330221766,8.070991251034627,10998400
2017-01-16,7.923437595367432,8.032016338806486,7.873324941877304,7.934574094599134,6978000
2017-01-17,8.05150032043457,8.09047698459921,7.901160848341439,7.920649711440981,9938800
2017-01-18,7.984682559967041,8.10161307770361,7.984682559967042,8.090476585053842,8610600
2017-01-19,7.993034362792969,8.073772341092145,7.881672091877896,8.001386732243049,8048200
2017-01-20,8.171216011047363,8.199056716585893,8.00695643248905,8.00695643248905,19709400
2017-01-23,8.541492462158203,8.552628421201678,8.187916867991868,8.21297343961103,16268600
2017-01-24,8.380017280578613,8.65842316677048,8.2964951961108,8.54706091849715,16146400
2017-01-26,8.908987998962402,8.908987998962402,8.560980655252934,8.630582123994827,27061000
2017-01-27,8.739160537719727,8.881147602426136,8.728024578477287,8.850523316246615,10744400
2017-01-30,8.496947288513184,8.686263365269065,8.41064108639285,8.636150223655207,11303400
2017-01-31,8.661210060119629,8.661210060119629,8.432917245372998,8.541495405797066,11088600
2017-02-01,8.702972412109375,8.839391300745252,8.672347579409587,8.739164961740382,10845600
2017-02-02,8.622228622436523,8.755863828415938,8.485809825368595,8.591604341309923,12769600
2017-02-03,8.599959373474121,8.8143320761341,8.432916233184612,8.580471042508158,16378600
2017-02-06,8.38558578491211,8.767001563413464,8.310416065873005,8.714104294717378,12235200
2017-02-07,8.463540077209473,8.558198134900069,8.385586757476393,8.53592568197388,8444000
2017-02-08,8.552628517150879,8.6250141103053,8.368880677226995,8.488595291635573,8855200
2017-02-09,8.52479076385498,8.658425497759623,8.438484533568158,8.563767428489527,12547800
2017-02-10,8.680697441101074,8.758650765769591,8.494165436902955,8.625016039751678,12886800
2017-02-13,8.736376762390137,8.819898849604966,8.655639328867949,8.714104312002936,9782400
2017-02-14,8.764217376708984,8.783705704239601,8.588821897916342,8.750297294477715,12225200
2017-02-15,8.870012283325195,8.975806824357429,8.772570110590387,8.778138356122003,18362000
2017-02-16,9.156771659851074,9.17904464595421,8.630584576560478,8.69183369529245,34150800
2017-02-17,9.162339210510254,9.254213678156303,9.025919836075488,9.084385889138588,21409600
2017-02-20,9.309893608093262,9.332166591531035,9.151202318219207,9.218020206498217,10017600
2017-02-21,9.465804100036621,9.465804100036621,9.304328108553497,9.309896356056496,14832200
2017-02-22,9.490860939025879,9.563246034449953,9.382282764872445,9.437964179371159,13697200
2017-02-23,9.284838676452637,9.674607459340587,9.226373677629791,9.496427808432207,17344600
2017-02-24,9.21523666381836,9.312679385057788,9.034273430718448,9.165123507074524,13117000
2017-03-01,9.354436874389648,9.454663158235142,9.215233938389598,9.437959485616972,11335200
2017-03-02,9.266928672790527,9.400667611331718,9.236281273181252,9.331012401316336,13738800
2017-03-03,9.718293190002441,9.718293190002441,9.294789473112116,9.297575213281041,22167200
2017-03-06,9.796306610107422,9.799092350259604,9.640278590236887,9.645851133395183,18027400
2017-03-07,9.676495552062988,9.83252350683476,9.615198665750242,9.83252350683476,10397600
2017-03-08,9.448031425476074,9.665355312582852,9.417382966965318,9.645851941322194,14417800
2017-03-09,9.350512504577637,9.509326242836332,9.278070516301238,9.411808345210993,8723800
2017-03-10,9.386731147766113,9.629131925826975,9.356083763081921,9.409021314285859,11601000
2017-03-13,9.487035751342773,9.5706217587184,9.392304659556066,9.473104927255795,7597200
2017-03-14,9.468084335327148,9.685869480035683,9.445747916308003,9.462499964294896,13404200
2017-03-15,9.54626178741455,9.61885753346422,9.269842391213048,9.532301394746442,19174600
2017-03-16,9.417824745178223,9.610480725876407,9.306140535468584,9.523925649745639,11298800
2017-03-17,9.160951614379883,9.521134501571554,9.13302975851742,9.470876226129015,22519400
2017-03-20,9.144196510314941,9.32847645845278,8.990630064385021,9.127443400444353,15928800
2017-03-21,8.926413536071777,9.286596984787572,8.878947442397836,9.241923076924449,14967400
2017-03-22,9.227964401245117,9.300560180754001,8.887325657128159,8.926415200659013,17915400
2017-03-23,9.227964401245117,9.311727860969834,9.102318679102954,9.183290485051256,11056200
2017-03-24,9.269842147827148,9.350813914329777,9.186078728908068,9.21399951351121,9336400
2017-03-27,9.300556182861328,9.303347835437735,9.107899136687923,9.172117797042485,8150400
2017-03-28,9.241922378540039,9.300557743581345,9.160951658919956,9.267051516383486,9166800
2017-03-29,9.576973915100098,9.576973915100098,9.205622410927836,9.239127561541908,18763800
2017-03-30,9.512757301330566,9.674700849982512,9.47087505526961,9.604897816620763,13016800
2017-03-31,9.428996086120605,9.529512648157711,9.409451317403391,9.437372111253694,13808800
2017-04-03,9.456915855407715,9.574185520116002,9.373152417821736,9.42620234643388,7270000
2017-04-04,9.493210792541504,9.557429443619077,9.381525533644247,9.437368163092875,11750200
2017-04-05,9.331270217895508,9.563016830440692,9.250299498011799,9.521134578861954,9555000
2017-04-06,9.113483428955078,9.353606022640417,9.038096028720632,9.325685236676419,11873800
2017-04-07,9.074393272399902,9.255881563891755,8.934787222055288,9.093938034239377,10659800
2017-04-10,9.155364990234375,9.160949360032653,9.012966223152363,9.093937987562947,15373800
2017-04-11,9.163742065429688,9.264258603130303,9.060433875063946,9.172118088534821,18889800
2017-04-12,9.012969017028809,9.15815948146187,8.990632596021394,9.127445970605459,21608200
2017-04-13,8.543889999389648,8.976669055326512,8.543889999389648,8.957124294375099,23700600
2017-04-17,8.940369606018066,8.982250772752888,8.582978004801113,8.649988830175285,19233400
2017-04-18,9.026930809020996,9.121861933166839,8.828689872908498,8.8594028523348,15643200
2017-04-19,8.697458267211914,9.096732254941056,8.689082243642185,9.052057288942997,12078600
2017-04-20,8.767260551452637,8.895698404899102,8.669536201938884,8.797974055385351,8913200
2017-04-24,9.018549919128418,9.06043215693145,8.82310178378496,8.9682916598086,15247800
2017-04-25,9.074393272399902,9.074393272399902,8.881736773808985,8.962708006080357,10072600
2017-04-26,8.965500831604004,9.194454671719832,8.965500831604004,9.032511140115654,13037600
2017-04-27,9.091146469116211,9.186078626865871,8.976669549339533,9.040888205301119,12500200
2017-04-28,9.172117233276367,9.233544237278899,9.038095550542382,9.074393422462936,8129400
2017-05-02,9.462499618530273,9.484837101843063,9.1693270732638,9.233545740123326,15989800
2017-05-03,9.431788444519043,9.482046729294568,9.29218233461149,9.445749907597872,8382600
2017-05-04,9.035304069519043,9.451329517855562,9.035304069519043,9.451329517855562,15072400
2017-05-05,9.24471378326416,9.322892838732184,9.046473426836103,9.088354607218367,9927800
2017-05-08,9.012969017028809,9.230755246233382,8.990632596021394,9.130238688925111,9507000
2017-05-09,9.04647445678711,9.200040932558615,8.979463069392521,9.024136972618956,9771600
2017-05-10,9.311724662780762,9.311724662780762,9.16095091310484,9.183287330975052,11147000
2017-05-11,9.602104187011719,9.730541500574626,9.353605582258806,9.353605582258806,27938800
2017-05-12,9.881316184997559,9.881316184997559,9.607688451033187,9.660738367326092,21332000
2017-05-15,9.702620506286621,9.875731710614131,9.630025828700775,9.875731710614131,12296000
2017-05-16,9.702620506286621,9.741710029995126,9.641193503253463,9.688660114263532,17371400
2017-05-17,9.44016170501709,9.638402045022836,9.325684783946622,9.638402045022836,12964800
2017-05-18,7.561065196990967,8.309353863626109,7.036146575687692,7.036146575687692,65887200
2017-05-19,7.812354564666748,8.072021907345368,7.750928093329103,7.915663277769198,35617800
2017-05-22,7.449380874633789,7.7313852337922295,7.298606045308403,7.669958214783387,27283000
2017-05-23,7.624512195587158,7.649814286190912,7.506433449099139,7.590775181062729,17227600
2017-05-24,7.759457588195801,7.995615032688439,7.759457588195801,7.787571671822361,24206000
2017-05-25,7.7903852462768555,7.9168983974945775,7.649815316582375,7.796008172160248,18383800
2017-05-26,8.11369800567627,8.153057421634806,7.815689313833048,7.843803412188499,20298000
2017-05-29,8.11369800567627,8.11369800567627,8.11369800567627,8.11369800567627,0
2017-05-30,8.153057098388672,8.178359732282216,8.054658026161757,8.07433773336078,8749400
2017-05-31,7.967504978179932,8.223342249717026,7.908465319085009,8.15305727322372,20885200
2017-06-01,7.883162021636963,8.096827845788228,7.829745297483279,8.043411657866278,12395800
2017-06-02,7.894406795501709,8.026542329095298,7.8184989089508035,7.970314682052614,14365600
2017-06-05,7.759457588195801,7.922518629751999,7.700417958956869,7.815685219217378,11255400
2017-06-06,8.04340934753418,8.068711970853348,7.734155479591111,7.7735148775402285,18424200
2017-06-07,8.077144622802734,8.138995708953987,8.034973768937837,8.096824318857587,14753200
2017-06-08,7.9562578201293945,7.989994839257031,7.818499353135689,7.98156045041719,13290000
2017-06-09,7.826931476593018,8.029351924076234,7.748212145567092,7.970312827980469,15518600
2017-06-12,7.641381740570068,7.826934011584338,7.565473847091936,7.793196991294587,16140000
2017-06-13,7.725565433502197,7.765039491742497,7.612783562357876,7.6917311410520925,15264200
2017-06-14,7.7227463722229,7.880641540912006,7.666355701508009,7.753761590677264,20118000
2017-06-15,7.7227463722229,7.7227463722229,7.7227463722229,7.7227463722229,0
2017-06-16,7.75093936920166,7.852443295245419,7.683270264434567,7.686089877689809,35992000
2017-06-19,7.649438381195068,7.824250705659257,7.593047707790112,7.781957566158929,12884400
2017-06-20,7.330827236175537,7.6296992729163815,7.316729706605097,7.6296992729163815,20331600
2017-06-21,7.291352272033691,7.415412013364944,7.249058616167036,7.375938508194652,16384400
2017-06-22,7.330827236175537,7.384398816558517,7.2659777396934615,7.302631639248375,12957600
2017-06-23,7.184214115142822,7.364665702042361,7.184214115142821,7.359026472310942,10174000
2017-06-26,7.604327201843262,7.640981658042963,7.249063788467105,7.271620707843266,18916200
2017-06-27,7.359025478363037,7.607145637381013,7.342108329240247,7.525378968465471,20896600
2017-06-28,7.440792560577393,7.485905319268267,7.263161140455385,7.418236181231954,9644200
2017-06-29,7.488722801208496,7.5958659759260705,7.39003846800642,7.505640484239493,10378800
2017-06-30,7.556392192840576,7.590227022338021,7.4915426855723775,7.522557901129503,10265400
2017-07-03,7.660715103149414,7.691730316057386,7.556391547413897,7.601504291032952,8498600
2017-07-04,7.700192451477051,7.731207679820182,7.584590921199228,7.607147304234252,6042600
2017-07-05,7.660715103149414,7.776316575896533,7.584587146622388,7.753760204087006,15067600
2017-07-06,7.609965801239014,7.674815325713335,7.5733118858624655,7.655078560680847,7878400
2017-07-07,7.508460521697998,7.708648827573375,7.457709079465691,7.683272837564012,11622200
2017-07-10,7.587406635284424,7.624061074987309,7.474624778095388,7.5197375209710025,9485000
2017-07-11,7.906017780303955,7.92011531398069,7.567671594197948,7.587408356459952,18650800
2017-07-12,8.13157844543457,8.168232341690512,7.846803963894821,7.973683869754295,23503600
2017-07-13,8.204889297485352,8.23590397683844,8.120302488319409,8.148498091374723,14145600
2017-07-14,8.292295455932617,8.309212603208161,8.20770918176848,8.218987100690038,10801600
2017-07-17,8.25,8.28665389842567,8.196428421267472,8.28665389842567,9854800
2017-07-18,8.25563907623291,8.258458689565973,8.176691516265912,8.233082707354662,12859400
2017-07-19,8.28383731842041,8.33740891676981,8.21616818577265,8.264100555288122,11563400
2017-07-20,8.357146263122559,8.458650238071092,8.297935969593581,8.306394275648293,15405200
2017-07-21,8.292295455932617,8.450190085339333,8.252821933027542,8.317671445739142,8080200
2017-07-24,8.19925308227539,8.334591381329638,8.123125087387404,8.297937460339085,13782400
2017-07-25,8.334587097167969,8.388158681343272,8.255640065526807,8.25845967919775,9768800
2017-07-26,8.13157844543457,8.3684205778481,8.128758832217,8.334585757023497,10396800
2017-07-27,8.061092376708984,8.235904151340318,8.046994843775828,8.196430628898355,9526600
2017-07-28,8.052630424499512,8.078006404208583,8.001878465081369,8.044172123120623,7283800
2017-07-31,8.092106819152832,8.137219565560102,8.069550445949197,8.100565122987721,7211200
2017-08-01,8.261280059814453,8.317671266566755,8.106205047925227,8.14003987953389,14603800
2017-08-02,8.593986511230469,8.630640954885552,8.233084529311943,8.275377663094725,16284200
2017-08-03,8.650378227233887,8.726506195224422,8.562972340533497,8.5939870203254,14378800
2017-08-04,8.703948974609375,8.73778326523904,8.605264640997872,8.675753373893752,9949800
2017-08-07,8.839287757873535,8.873122050589966,8.670114680932214,8.737783804151466,9611000
2017-08-08,8.839287757873535,9.005641220790755,8.771618634654283,8.839287757873535,12483200
2017-08-09,8.675753593444824,8.751881555967616,8.58552809910064,8.746242328124513,13895600
2017-08-10,8.718045234680176,8.802631486705078,8.605263386051549,8.791353570735353,18534800
2017-08-11,8.712407112121582,8.765978698680366,8.630640463171552,8.664474753155584,10929200
2017-08-14,8.76597785949707,8.929511679528078,8.66447392368945,8.703947975273687,16176400
2017-08-15,8.723687171936035,8.898498957176423,8.723687171936035,8.830829826975004,17710200
2017-08-16,8.653197288513184,8.825189436801478,8.57424971144247,8.796994372934996,20111400
2017-08-17,8.500940322875977,8.633459473105766,8.464286421659287,8.599624647701948,11918200
2017-08-18,8.577071189880371,8.585530033550933,8.405078466417722,8.543236352984618,18983800
2017-08-21,8.689849853515625,8.78571456167321,8.627819969678601,8.670113096739584,15492000
2017-08-22,9.079928398132324,9.125342730336063,8.935171736850352,9.01464614148803,23527600
2017-08-23,9.08560848236084,9.159406599769,9.000457724601958,9.088447454511492,13540600
2017-08-24,9.116827964782715,9.142373292778773,9.02883880244916,9.099798467952215,12877000
2017-08-25,9.082764625549316,9.19913750400417,9.060057735640441,9.133855263188025,8329800
2017-08-28,8.997614860534668,9.136694102003878,8.943685788370574,9.136694102003878,8745600
2017-08-29,8.938010215759277,8.9550402520702,8.847182633600893,8.940848645373613,14502200
2017-08-30,8.84718132019043,8.991937960781131,8.798929106660196,8.943685747250898,10851000
2017-08-31,8.713777542114258,8.886917374910693,8.628626298798427,8.835826737196186,18197600
2017-09-01,9.051543235778809,9.07425012766164,8.798928995910414,8.798928995910414,27318200
2017-09-04,9.037353515625,9.105474746851549,8.980586003394581,9.048706693246013,8262800
2017-09-05,9.082764625549316,9.38079262327517,9.082764625549316,9.366601020097733,22237800
2017-09-06,9.298481941223145,9.321189377714001,9.1480489640968,9.187785895205632,22703400
2017-09-07,9.298481941223145,9.298481941223145,9.298481941223145,9.298481941223145,0
2017-09-08,9.270099639892578,9.352412481140542,9.204817377687382,9.324028182735931,13443000
2017-09-11,9.602190971374512,9.633412082250782,9.34106078329187,9.34106078329187,25189200
2017-09-12,9.49587345123291,9.692162829036786,9.44182195089481,9.578371224827569,14526800
2017-09-13,9.555617332458496,9.643805914841618,9.362172179951877,9.538548259520526,15626600
2017-09-14,9.564149856567383,9.638114742734512,9.399153184313079,9.456049000165311,10386400
2017-09-15,9.703546524047852,9.800269105102826,9.530014738755309,9.569841492390125,24141800
2017-09-18,9.837254524230957,9.842943132011706,9.658032993594102,9.692170066268464,13586600
2017-09-19,9.825870513916016,9.885610634280102,9.689321202284908,9.845783887370711,11842200
2017-09-20,9.888455390930176,9.993713038535743,9.760441151470589,9.860008023316382,24287400
2017-09-21,10.104659080505371,10.232674402489316,10.019315894248571,10.070522023042148,33065800
2017-09-22,10.042071342468262,10.076208392356401,9.962417864330188,10.061984712002781,10840200
2017-09-25,9.899837493896484,10.167247597856413,9.888458109643336,10.133109445096968,10611400
2017-09-26,9.956732749938965,10.047765648265445,9.94250906305003,10.002249199102204,15295400
2017-09-27,9.905519485473633,10.050603808918215,9.72629812100555,9.973794652717608,16793600
2017-09-28,9.82302474975586,9.916903008328475,9.746215561432107,9.916903008328475,12054200
2017-09-29,9.928284645080566,10.022161839792979,9.837251753457396,9.899836188199783,13586800
2017-10-02,9.942506790161133,9.970954157435843,9.823025460172852,9.894144963557126,10888400
2017-10-03,10.346463203430176,10.349308590768736,9.956728698240026,9.956728698240026,25086200
2017-10-04,10.298103332519531,10.377756821508695,10.204225076041674,10.309482712431524,19252000
2017-10-05,10.46594524383545,10.659390358884561,10.340774236922858,10.372066988651007,21229200
2017-10-06,10.525687217712402,10.5256872177124,10.303794699304932,10.440344024878572,12347200
2017-10-09,10.409051895141602,10.49155079010674,10.252589184647555,10.426120968816416,16297000
2017-10-10,10.630945205688477,10.630945205688477,10.49724125029979,10.525688623310732,19685600
2017-10-11,10.639479637145996,10.653703322784363,10.528532284692371,10.55982504421537,15183600
2017-10-12,10.639479637145996,10.639479637145996,10.639479637145996,10.639479637145996,0
2017-10-13,10.645166397094727,10.68783853180702,10.576892283792013,10.659391165463802,9445800
2017-10-16,10.667922973632812,10.667922973632812,10.55697674833859,10.625250847659384,10333800
2017-10-17,10.6849946975708,10.6849946975708,10.537065998667977,10.602495812283117,10603200
2017-10-18,10.648012161254883,10.73904503900816,10.596806031868978,10.667925535438568,12280800
2017-10-19,10.57689094543457,10.636631058314537,10.451721030086452,10.559821876670012,10723000
2017-10-20,10.670767784118652,10.67076778411865,10.559821553537311,10.59111430271611,13842200
2017-10-23,10.298103332519531,10.636631745920878,10.298103332519531,10.628097753585582,12640200
2017-10-24,10.39197826385498,10.426116396232638,10.212757952259505,10.340772150485655,16898600
2017-10-25,10.485860824584961,10.62241015481859,10.420431005006199,10.440344381173752,18703000
2017-10-26,10.428963661193848,10.761803492664674,10.428963661193848,10.667925229748104,14571400
2017-10-27,10.38344669342041,10.522841386791548,10.34646425065706,10.428963128668604,10448000
2017-10-30,10.016468048095703,10.343618114518373,9.945348562803577,10.326549047377263,19648200
2017-10-31,9.797422409057617,10.150175623816981,9.797422409057617,10.044919062518401,12263800
2017-11-01,9.672250747680664,9.96810808982178,9.672250747680664,9.956728710847742,14289800
2017-11-02,9.672250747680664,9.672250747680664,9.672250747680664,9.672250747680664,0
2017-11-03,9.498722076416016,9.797423816925152,9.430447950972722,9.71777030884209,18334600
2017-11-06,9.421908378601074,9.558457649572436,9.330875531286834,9.50156293389889,21406600
2017-11-07,8.949676513671875,9.347946098538051,8.932607987708616,9.325187340455498,28202200
2017-11-08,9.419066429138184,9.458893174134532,9.03502103384907,9.100450841371273,19129000
2017-11-09,9.177260398864746,9.444670430767802,9.140279037803806,9.430446746883018,19869200
2017-11-10,8.904162406921387,9.234156888874333,8.821664057732548,9.231312585970235,23016600
2017-11-13,8.918384552001953,8.918384552001953,8.918384552001953,8.918384552001953,19534600
2017-11-14,8.705025672912598,9.072001958671981,8.690801449372374,8.918384142628108,21509600
2017-11-15,8.705025672912598,8.705025672912598,8.705025672912598,8.705025672912598,0
2017-11-16,9.117518424987793,9.143121484863157,8.770455508208697,8.790368878645392,17212800
2017-11-17,9.271138191223145,9.342257692203624,9.063469378583843,9.103296125501316,19666400
2017-11-20,9.271138191223145,9.271138191223145,9.271138191223145,9.271138191223145,0
2017-11-21,9.430444717407227,9.470271457792734,9.345100462069956,9.413375649300315,26454200
2017-11-22,9.376957893371582,9.520161274749825,9.293899669958977,9.49151994294112,20346600
2017-11-23,9.388412475585938,9.439965775575347,9.185063954824928,9.336859175596526,8595200
2017-11-24,9.336860656738281,9.379822111062927,9.253803520295225,9.37695852396703,10878200
2017-11-27,9.210841178894043,9.302491252908506,9.107734572489006,9.302491252908506,11437800
2017-11-28,9.348312377929688,9.448555355565958,9.22802211583169,9.325400415291567,14685000
2017-11-29,8.924433708190918,9.422781901633144,8.924433708190918,9.371228602568259,25762600
2017-11-30,8.572155952453613,8.907251943636744,8.572155952453613,8.907251943636744,32017400
2017-12-01,8.815600395202637,8.832784648090035,8.483368592565999,8.577882802863016,22314000
2017-12-04,9.03040599822998,9.159288721865478,8.852833553713914,8.87861020769653,16859400
2017-12-05,8.89865779876709,9.250937976639914,8.83564850926808,9.016084524724699,18401000
2017-12-06,9.167879104614258,9.167879104614258,8.738269548486015,8.85569626610805,18396400
2017-12-07,8.81273365020752,8.981713634639952,8.732539583370595,8.935888609669535,29332400
2017-12-08,8.864289283752441,9.053317698307406,8.864289283752441,9.016084514250425,12231200
2017-12-11,8.792686462402344,9.050452399384708,8.792686462402344,8.978850719874192,14335000
2017-12-12,8.988714218139648,8.988714218139648,8.658458046449434,8.758970937246767,17394000
2017-12-13,8.773329734802246,9.16102200270825,8.733124797364251,9.08061212783226,31879000
2017-12-14,8.738869667053223,8.833638851886723,8.632613042724138,8.730254087431536,15174800
2017-12-15,8.787686347961426,8.873839915512107,8.701532232659721,8.735993988330609,21006400
2017-12-18,8.90543270111084,8.974355687057296,8.807791667415561,8.902560841560838,14284600
2017-12-19,8.853738784790039,8.93989236530069,8.787687669881798,8.868097532291445,9550800
2017-12-20,8.859481811523438,8.97435342582377,8.847994376217873,8.931276638930028,9189200
2017-12-21,8.957122802734375,9.071994416805374,8.8106612893872,8.902558580644001,17064200
2017-12-22,8.988714218139648,9.040406593278345,8.916919374391725,8.937022390752142,6260200
2017-12-25,8.988714218139648,8.988714218139648,8.988714218139648,8.988714218139648,0
2017-12-26,9.086356163024902,9.14666412266731,8.985843809872962,8.985843809872962,7408000
2017-12-27,9.198356628417969,9.215587788291828,9.092100547952251,9.092100547952251,9384800
2017-12-28,9.13804817199707,9.2959966186037,9.13804817199707,9.247176647771763,12219200
2017-12-29,9.13804817199707,9.13804817199707,9.13804817199707,9.13804817199707,0
2018-01-02,9.456815719604492,9.456815719604492,9.21558503105771,9.21558503105771,18356200
2018-01-03,9.577430725097656,9.59753319162332,9.425226022688419,9.50563588879107,16361400
2018-01-04,9.669326782226562,9.752609044533457,9.606148079357645,9.6262505432935,19250400
2018-01-05,9.669326782226562,9.73537898716108,9.560199433861102,9.677942906414874,10535600
2018-01-08,9.692305564880371,9.692305564880371,9.574562044801185,9.660715652944054,10261200
2018-01-09,9.600406646728516,9.706662709322657,9.586047896999963,9.64635530316131,11645000
2018-01-10,9.560203552246094,9.646357162727961,9.425228868672859,9.534357359551274,10140000
2018-01-11,9.77845573425293,9.82727678885004,9.577429988945523,9.600404860638793,19368800
2018-01-12,9.801430702209473,9.810045731427971,9.65496863248186,9.66932737968009,15300800
2018-01-15,9.850255012512207,9.89333236863578,9.80143503137465,9.80143503137465,10489200
2018-01-16,9.936408996582031,9.962255192111114,9.8588715054975,9.89907645509769,12438600
2018-01-17,10.171895980834961,10.214973338177812,9.896203961248293,9.939281318591142,24269600
2018-01-18,10.102972030639648,10.217844236242593,9.973741073211974,10.217844236242593,18858800
2018-01-19,10.036920547485352,10.281022606541207,10.036920547485352,10.140305309839245,16285400
2018-01-22,10.071381568908691,10.108715198014695,9.913433116463652,10.051279098352186,12682000
2018-01-23,10.114458084106445,10.191996647936332,9.96512467548989,10.042663239319777,31866000
2018-01-24,10.909941673278809,10.90994167327881,10.177633609782998,10.194864761507127,55444200
2018-01-25,10.909941673278809,10.90994167327881,10.90994167327881,10.90994167327881,0
2018-01-26,11.248815536499023,11.34358525561492,10.955893539510042,11.02768838290001,48520200
2018-01-29,11.185637474060059,11.257432321652868,11.059277841175158,11.174150035524624,26644400
2018-01-30,11.142560958862305,11.185638308833786,10.998971252960722,11.047792322628569,21664200
2018-01-31,11.39527416229248,11.515888936636836,11.31486431272958,11.31486431272958,25505800
2018-02-01,11.42686653137207,11.50153267990642,11.30912304239334,11.323481790707376,21985000
2018-02-02,11.271791458129883,11.369432498020407,11.214355358987962,11.286150209039745,16819200
2018-02-05,10.935791969299316,11.317739997847053,10.921432123039866,11.142560390305382,12086800
2018-02-06,11.415380477905273,11.510150200166775,10.714663177541766,10.812304211613128,26080400
2018-02-07,11.42686653137207,11.662353509329533,11.340712945985583,11.409635376093863,27984600
2018-02-08,11.067895889282227,11.550357436504363,11.067895889282225,11.490048921474626,25302400
2018-02-09,10.861122131347656,11.139686430941099,10.700301312783013,11.102352811443518,20133600
2018-02-14,11.360816955566406,11.41250933291877,10.927175467277412,10.927175467277412,21575800
2018-02-15,11.458456993103027,11.544610582686037,11.37230230801769,11.48717449112992,22459000
2018-02-16,11.573330879211426,11.576203287010076,11.401023658380522,11.524510901660287,13154200
2018-02-19,11.380918502807617,11.647995398985332,11.251687569898667,11.544610652658173,9217800
2018-02-20,11.716917037963867,11.754250659494165,11.237328058430014,11.27178927303369,17980800
2018-02-21,11.80881404876709,11.900711349107516,11.688199252883617,11.688199252883617,23663400
2018-02-22,12.176403999328613,12.429121020326283,12.101736760236692,12.386044778236823,34151600
2018-02-23,12.176403999328613,12.259685172235786,12.047173082055828,12.205121494054922,17231200
2018-02-26,12.354456901550293,12.380303089240869,12.210867213380952,12.210867213380952,13988400
2018-02-27,12.23383903503418,12.377428700212993,12.14768545502733,12.305633867623586,11914000
2018-02-28,12.004098892211914,12.31425317499611,11.923689009491193,12.147688594500341,15547000
2018-03-01,12.090252876281738,12.133330226529598,11.946663169458903,11.998355551555324,14468400
2018-03-02,12.190102577209473,12.250763959545036,11.901237592450634,12.005229163273011,11367200
2018-03-05,12.291207313537598,12.386533306300656,12.109222028583467,12.204548021346525,12071800
2018-03-06,12.562745094299316,12.698510957227692,12.363427447684396,12.363427447684396,29885200
2018-03-07,12.476080894470215,12.594515518820275,12.308539741407232,12.450082996347874,15810600
2018-03-08,12.542513847351074,12.796715276369401,12.386527633617542,12.710056023865844,17967600
2018-03-09,12.626290321350098,12.724504476595941,12.447194309525084,12.56851709439384,18346800
2018-03-12,12.559852600097656,12.626291431261214,12.421197504373785,12.626291431261214,17497400
2018-03-13,12.401169776916504,12.609544518934735,12.3548644013577,12.583497676182455,16989400
2018-03-14,12.294088363647461,12.467734343793706,12.15806584480065,12.44168750197213,29880000
2018-03-15,12.268040657043457,12.279617275705268,12.065454246490223,12.210158667741515,17509400
2018-03-16,12.270936965942383,12.392488165741126,12.18121981560955,12.29987741236858,46898800
2018-03-19,11.98153018951416,12.250680583766096,11.96127165265713,12.213057113599842,21042200
2018-03-20,12.02783203125,12.10307784540962,11.886021211017042,12.065454386326243,12008200
2018-03-21,12.22752857208252,12.241998799295304,11.9468015273227,12.016260163554664,24238400
2018-03-22,12.007574081420898,12.3085584566315,11.906280318065027,12.123336962961227,15820600
2018-03-23,11.923648834228516,12.126235317879507,11.796308191015454,11.90049558855068,17873400
2018-03-26,12.004680633544922,12.126232941518083,11.917858187282551,12.094397786953511,8215400
2018-03-27,11.706588745117188,12.082820046728862,11.590824758156426,12.071243427231346,22666400
2018-03-28,11.668967247009277,11.741319475030917,11.498215944717915,11.605296933067873,15903600
2018-03-29,11.874445915222168,12.010468441212195,11.706589340007072,11.752894716343022,15316600
2018-04-02,11.64870834350586,11.90628209048506,11.62844980862035,11.877341641793576,15423600
2018-04-03,11.49532413482666,11.793415007500702,11.457700661263438,11.683439294627657,12898400
2018-04-04,11.590828895568848,11.590828895568848,11.205915543940622,11.231962395104006,15351000
2018-04-05,11.929439544677734,12.082825964113342,11.831040438773746,12.079932359825463,24045600
2018-04-06,11.773153305053711,11.871552368232912,11.58214348876553,11.871552368232912,15483000
2018-04-09,11.344827651977539,11.839716542814566,11.211699839940772,11.773152636796182,16689200
2018-04-10,11.208808898925781,11.527159417631571,11.058316107102465,11.527159417631571,26051600
2018-04-11,11.301411628723145,11.417175571985519,11.113296600930264,11.113296600930264,11280000
2018-04-12,11.272475242614746,11.417179671649578,11.2580050205127,11.321674218563142,11726600
2018-04-13,10.893351554870605,11.33035964162121,10.893351554870605,11.286947862087139,20079000
2018-04-16,10.505541801452637,11.052524391259421,10.505541801452637,10.968596657675336,22765800
2018-04-17,10.757328987121582,10.79784716313958,10.563425541354523,10.615519235084534,14967400
2018-04-18,11.003324508666992,11.142240622913368,10.803632801439168,10.803632801439168,23280200
2018-04-19,11.009116172790527,11.055421558316153,10.88177553458945,11.03516302114916,19762000
2018-04-20,10.887565612792969,10.983071106943969,10.809425055035147,10.90203584111679,10481200
2018-04-23,10.690765380859375,10.812317704452907,10.557637539215344,10.809422996934698,18817600
2018-04-24,10.586577415466309,10.81810429987082,10.51711879814132,10.739963769382934,19854800
2018-04-25,10.725496292114258,10.745754830685911,10.389781947774319,10.514227887004495,14036800
2018-04-26,10.80942153930664,10.873091848032084,10.699446956608343,10.803634333065505,12663200
2018-04-27,10.80942153930664,10.951232380374956,10.76311616132649,10.881773761401082,12337200
2018-04-30,10.621306419372559,10.881773756388181,10.577894644532973,10.852833309166654,10971400
2018-05-02,10.42451000213623,10.62420177043652,10.360839682964771,10.563426158867841,13015200
2018-05-03,10.129314422607422,10.482393735763617,10.129314422607422,10.418723406110491,17522600
2018-05-04,10.109054565429688,10.219030273959218,10.019337394786186,10.129313103315717,14099000
2018-05-07,10.097479820251465,10.32321848667597,10.097479820251465,10.181408695104372,14813800
2018-05-08,10.372415542602539,10.473708221101557,10.129312010197504,10.172723788987023,17768400
2018-05-09,10.80942153930664,10.80942153930664,10.407143361102714,10.447660428834434,26166400
2018-05-10,10.412938117980957,10.699453580619323,10.363739106421226,10.699453580619323,40970000
2018-05-11,10.36373519897461,10.575003606150732,10.300064874836645,10.51133328201277,18284600
2018-05-14,10.106161117553711,10.48528728126781,9.955669418499452,10.363736038799145,17613600
2018-05-15,9.831218719482422,9.95566460990679,9.750183492969061,9.95566460990679,24310200
2018-05-16,9.975924491882324,10.051170315258553,9.83990196438642,9.83990196438642,14972600
2018-05-17,9.512871742248535,9.95277347248068,9.507083430849853,9.95277347248068,27447200
2018-05-18,9.460776329040527,9.538916862749623,9.14532114303664,9.347907037240937,23598200
2018-05-21,9.235036849975586,9.692303387192517,9.232142695081398,9.692303387192517,19078200
2018-05-22,9.440145492553711,9.565431457107126,9.303204761190736,9.367304867183574,21389600
2018-05-23,9.236190795898438,9.396439936870973,9.207054436886207,9.323599317205307,17746000
2018-05-24,8.953564643859863,9.09050530038264,8.796229268026126,8.915687783888826,40698000
2018-05-25,8.767096519470215,9.11673169590019,8.726305952654307,9.078854264659883,19350800
2018-05-28,8.123187065124512,8.653467334791129,8.079482796914439,8.653467334791129,29319200
2018-05-29,8.306744575500488,8.434944225453412,8.102790612199465,8.3329672438029,29098200
2018-05-30,8.848679542541504,8.848679542541504,8.31548617934504,8.31839931535972,43313000
2018-06-01,8.933173179626465,9.113818153401741,8.484475270135947,9.073027030190019,40264000
2018-06-04,9.061370849609375,9.148779348267311,8.968134969512995,9.096334026780676,16699800
2018-06-05,8.484475135803223,9.020581554475463,8.469906679269052,8.988532061559875,23979600
2018-06-06,8.064912796020508,8.51943806755063,8.064912796020508,8.449511145448286,28434000
2018-06-07,7.741502285003662,7.945456277026316,7.284063204667341,7.895924625005381,53017400
2018-06-08,7.852220058441162,8.094050925414335,7.330680886061606,7.823083695584054,45009800
2018-06-11,7.592905521392822,8.041603974734665,7.578337620743454,7.983331260677614,20231800
2018-06-12,7.887238025665283,7.9836732968321344,7.618388094324215,7.6856004378142355,27853200
2018-06-13,7.744048118591309,7.963219291758988,7.580400465359489,7.890162234036429,32028200
2018-06-14,7.393373012542725,7.855093532227022,7.393373012542725,7.817104112628262,29391200
2018-06-15,7.30570650100708,7.422597693546958,7.104068845512556,7.393374756066696,60073800
2018-06-18,7.165436744689941,7.407986167217792,7.1654367446899405,7.24141615573713,22491600
2018-06-19,7.668066501617432,7.831714107683454,7.054387282143657,7.08945490499114,31840400
2018-06-20,7.890162944793701,7.898929993167358,7.633002323692582,7.793727642208135,33299800
2018-06-21,7.600858688354492,7.88431995877853,7.571635744807996,7.825874629066829,20552000
2018-06-22,7.627156734466553,7.779115544251618,7.565788517776734,7.694369092008797,17348800
2018-06-25,7.849247932434082,7.890159693222223,7.589164511675498,7.7002115157875055,22208200
2018-06-26,7.9427642822265625,8.030432538226028,7.822950738916075,7.907696645398069,23881000
2018-06-27,7.779114723205566,8.232068198255957,7.752814141311695,7.9427623548044055,29318000
2018-06-28,8.226224899291992,8.226224899291992,7.752815459473581,7.752815459473581,22322000
2018-06-29,8.372339248657227,8.445396311136577,8.197002187230558,8.351883360343994,27542400
2018-07-02,8.588587760925293,8.591510110199353,8.240836558029029,8.264214794840385,17346600
2018-07-03,8.66456413269043,8.796067017021386,8.632419416705812,8.661641784440748,20235800
2018-07-04,8.912959098815918,8.924648493045767,8.609041537411777,8.720088553071365,12724800
2018-07-05,8.705476760864258,8.997704907669274,8.652875605258403,8.965559633158815,19754800
2018-07-06,8.60904312133789,8.778536024568716,8.492151944438266,8.632421914098913,18280800
2018-07-10,8.535982131958008,8.828210218212742,8.474614501387316,8.737619667540411,29250200
2018-07-11,8.705476760864258,8.760999707442922,8.389869827229123,8.46000507295757,29137400
2018-07-12,8.872049331665039,8.924650502782598,8.737624054655598,8.737624054655598,19928000
2018-07-13,9.097064971923828,9.097064971923828,8.813603776479003,8.85451555219362,20128200
2018-07-16,8.997709274291992,9.167201659398964,8.898351611569156,9.082455188154865,17779600
2018-07-17,9.298701286315918,9.380524826045185,8.933416034292941,8.950949570323347,23151600
2018-07-18,9.240255355834961,9.418514167753825,9.173042450396318,9.292855960370693,25685000
2018-07-19,9.158431053161621,9.158431053161621,8.874969923942778,9.108752241094297,54670600
2018-07-20,9.643529891967773,9.739965725973226,9.371757596740446,9.497415802695533,39137000
2018-07-23,9.579240798950195,9.701977232360012,9.535407234331279,9.643531364772585,11245800
2018-07-24,9.65522289276123,9.766268839453783,9.608466411321617,9.701979374200846,12936000
2018-07-25,9.810102462768555,9.859781845954988,9.684444223532807,9.684444223532807,16675200
2018-07-26,9.491571426391602,9.839322569307367,9.47111554238256,9.801333707440332,15242800
2018-07-27,9.608463287353516,9.731198593192058,9.482805075321433,9.555862123490686,13317200
2018-07-30,9.611382484436035,9.716584783765,9.576315422913641,9.64352775531564,9593800
2018-07-31,9.497416496276855,9.59677412882839,9.37760297891431,9.57339533775174,13914200
2018-08-01,9.634764671325684,9.716588215362735,9.41559350857314,9.41559350857314,15349200
2018-08-02,9.710744857788086,9.818869000872118,9.541253048204657,9.570475428034179,15501800
2018-08-03,10.002968788146973,10.08771521366108,9.769186506351032,9.79548708272569,25511000
2018-08-06,10.023428916931152,10.081874790845037,9.912381867971002,10.040963013534014,10092000
2018-08-07,9.810102462768555,10.131553098399056,9.693210714487101,10.052652450285754,20147600
2018-08-08,9.535407066345215,9.91238062038042,9.517872971949226,9.83347998250393,18453600
2018-08-09,9.818868637084961,9.912381586789596,9.672754513826183,9.701978007335315,31247000
2018-08-10,9.27824592590332,9.68152117906812,9.205188871368648,9.658142386531177,40015400
2018-08-13,9.322078704833984,9.409747492080555,9.117519316020674,9.234410474968424,17807400
2018-08-14,9.643529891967773,9.661063983994774,9.39513638610978,9.482804616720717,17102400
2018-08-15,9.438969612121582,9.561706022470608,9.380523755515474,9.468193097805633,25654000
2018-08-16,9.468195915222168,9.620153626948758,9.409750041224536,9.550019469961459,19425600
2018-08-17,9.135054588317871,9.421438678946187,9.120442842306614,9.322080478213,28188600
2018-08-20,8.892504692077637,9.211033491750522,8.825292336244555,9.137976437832542,31663400
2018-08-21,8.538908004760742,8.907115612331843,8.527219166323173,8.854514445910104,30458000
2018-08-22,8.848503112792969,8.904543790027674,8.473916346000623,8.553553009033202,27614400
2018-08-23,8.624343872070312,9.019577189272994,8.597798308782606,8.84850609395936,34472800
2018-08-24,8.742327690124512,8.872105994165398,8.52406451121259,8.82786355672988,21201800
2018-08-27,9.010727882385254,9.010727882385254,8.774767960575383,8.78951524472369,13919400
2018-08-28,8.966487884521484,9.099215727927856,8.922245457577022,9.025478162162756,12144600
2018-08-29,9.149357795715332,9.270287365180351,8.995983515515254,9.037276374579502,16223400
2018-08-30,8.827859878540039,9.131658234904497,8.795415175404854,9.131658234904497,22144200
2018-08-31,8.877997398376465,9.063815698688131,8.765916054477737,8.836704005195164,21645600
2018-09-03,8.668587684631348,8.824911519966967,8.668587684631348,8.807214662452374,11828400
2018-09-04,8.44737434387207,8.698082150007851,8.411980631578146,8.67153658450095,22075000
2018-09-05,8.46212100982666,8.630242526152216,8.288100354752492,8.350039623894398,14968800
2018-09-06,8.65088939666748,8.701030953478577,8.376585618969887,8.612546117963872,20406200
2018-09-10,8.53290843963623,8.824909038084229,8.47981731945063,8.768868348713562,28121600
2018-09-11,8.146523475646973,8.332341824556387,8.131775630449226,8.329392255516838,24762000
2018-09-12,8.183652877807617,8.331585866291947,8.127438184174093,8.284247355122528,31743200
2018-09-13,8.074182510375977,8.26945400345217,8.023885273412743,8.254660366510308,13594200
2018-09-14,8.13927173614502,8.177734058433163,7.917372290440911,8.074181435226825,22403400
2018-09-17,8.417390823364258,8.417390823364258,8.07714435478076,8.106731077829734,28580600
2018-09-18,8.79313850402832,8.79313850402832,8.364133084699004,8.399636693473452,31828000
2018-09-19,8.704378128051758,8.949946896354144,8.59490745490315,8.683667597425718,23738600
2018-09-20,8.728045463562012,8.852309184260081,8.630409723322064,8.840474275470022,12891600
2018-09-21,9.04758358001709,9.04758358001709,8.680709754105257,8.796097330390516,32603200
2018-09-24,8.79609489440918,9.083085238047632,8.728045858743798,8.988407656398948,26173800
2018-09-25,8.742839813232422,8.804971964823507,8.52389904748781,8.588989926708907,23485800
2018-09-26,8.713254928588867,8.867104837413477,8.642246583814831,8.772427796807662,25684800
2018-09-27,8.961779594421387,8.964737757220544,8.781301190420056,8.781301190420056,17535800
2018-09-28,8.713254928588867,8.870063565472368,8.668874572025176,8.825683773228352,25581800
2018-10-01,8.346382141113281,8.804974919924204,8.343423976810051,8.742842747480497,31355000
2018-10-02,9.299068450927734,9.337530782547015,8.772426768869298,8.78722040743026,65583000
2018-10-03,10.142289161682129,10.47957632229132,9.861217280267509,10.355313106757222,70672600
2018-10-04,10.390813827514648,10.615672624389914,9.917428668786583,9.964767184659388,55840000
2018-10-05,10.574252128601074,10.736978215061233,10.234005751661307,10.665969873141531,47335400
2018-10-08,11.59794807434082,12.056540174259649,11.411552167897684,11.982573670123086,83863800
2018-10-09,11.538778305053711,11.745884808051834,11.361259090277972,11.512150309973386,50770600
2018-10-10,11.050593376159668,11.302080124386578,10.98254433943166,11.302080124386578,41681600
2018-10-11,11.006214141845703,11.29320336089355,10.88490914114158,11.242906688507517,38134000
2018-10-15,11.160069465637207,11.373092286582763,11.068350569868143,11.219241781731226,26452200
2018-10-16,11.648244857788086,11.686707756296164,11.30504032072344,11.30504032072344,36392600
2018-10-17,11.748839378356934,11.757716126427901,11.423387207950315,11.473683889582176,32591600
2018-10-18,11.612739562988281,11.828721590124362,11.60386394486899,11.633450091026047,31727400
2018-10-19,11.71037483215332,11.79321693691389,11.586110546373435,11.784341319586408,19574400
2018-10-22,11.790262222290039,11.905650935535672,11.748841153830337,11.790262222290039,20179400
2018-10-23,11.831681251525879,11.890853545688438,11.57131886838179,11.609781762498786,27725800
2018-10-24,11.568358421325684,11.929315248597423,11.55652464085834,11.849431305087823,27626400
2018-10-25,11.864227294921875,11.938193802068866,11.660080141506334,11.731088484968751,28963000
2018-10-26,12.550628662109375,12.5950089905233,11.722204517945622,11.982566778787476,41151400
2018-10-29,12.387910842895508,12.840586653913139,12.201516049351158,12.710404873310175,73741000
2018-10-30,12.751821517944336,12.840582202545086,12.343527334792439,12.609806002677722,44728200
2018-10-31,12.648269653320312,12.89975526514708,12.313940806114195,12.855376048810093,24857200
2018-11-01,12.834671020507812,12.887927005838348,12.556556179639562,12.663068150300633,31418400
2018-11-05,12.843541145324707,12.896797107863808,12.63939404135086,12.884962198713106,20783400
2018-11-06,12.5654296875,12.793246648490708,12.503296968219445,12.57726347002269,24175000
2018-11-07,12.263641357421875,12.745903073794452,12.089080437301666,12.657142403947145,23486000
2018-11-08,12.012158393859863,12.651228868563596,11.988489702239283,12.589097283340532,34638600
2018-11-09,12.278441429138184,12.358325400378948,11.754758370097244,11.982575370604733,25403400
2018-11-12,12.479626655578613,12.571345512226271,12.216306123901367,12.361279816590612,22029200
2018-11-13,12.337615013122559,12.6127705411182,12.287317195681908,12.500341121520975,22453600
2018-11-14,12.358321189880371,12.429328387698051,12.10979374024037,12.352403735289053,31291000
2018-11-16,12.748871803283691,12.751829968032437,12.376080969756282,12.450047503512016,29923400
2018-11-19,13.047690391540527,13.106863818370401,12.674899721199045,12.754783678123486,32093200
2018-11-21,13.018105506896973,13.047691658865997,12.802123437332904,12.870172489773143,24920200
2018-11-22,13.405268669128418,13.531932070672116,13.148924262932491,13.287652324712235,21254600
2018-11-23,13.510817527770996,13.809382979952675,13.483675213936298,13.571133908563578,29086400
2018-11-26,13.272575378417969,13.79129491314659,13.154959007273659,13.592251558031634,22759200
2018-11-27,13.58621597290039,13.691769952199547,13.16400350702242,13.28463514708489,26934800
2018-11-28,13.800339698791504,13.812403209341946,13.378127183483222,13.661612778780484,26481400
2018-11-29,13.643515586853027,13.845574166031183,13.562088634658428,13.691768467734335,19408000
2018-11-30,13.459552764892578,13.667643123432315,13.36003053878255,13.655579614126935,22531000
2018-12-03,13.299711227416992,13.75208237325348,13.284632419310306,13.75208237325348,24941000
2018-12-04,13.167019844055176,13.450505428446341,13.067498761941966,13.30273145642741,22152600
2018-12-05,13.299711227416992,13.320821788854218,13.094636215935974,13.224316036444245,9901400
2018-12-06,13.381141662597656,13.381141662597656,12.992103250019667,13.112734896782904,16511200
2018-12-07,13.278607368469238,13.550030653150058,13.212260349222737,13.378129622998838,15668000
2018-12-10,12.889566421508789,13.344953012463812,12.847344134874037,13.254478984840128,19037000
2018-12-11,12.964959144592285,13.133843656915438,12.811152291795748,13.058448456645614,18636200
2018-12-12,12.999951362609863,13.187479423224465,12.963655869480924,13.06346876403874,24942200
2018-12-13,13.332660675048828,13.384079182484793,12.89711024117871,13.00599784964624,16044000
2018-12-14,13.338713645935059,13.459700176462194,13.202605241358366,13.238900738991282,14211400
2018-12-17,13.217727661132812,13.4687731427795,13.160258542560438,13.323590005114003,13141400
2018-12-18,13.247971534729004,13.435499579118144,13.23587265346188,13.308464787251804,16072000
2018-12-19,13.247971534729004,13.520190594175194,13.247971534729004,13.308464787251804,15181800
2018-12-20,13.332660675048828,13.471794328618376,13.247969671900382,13.308462915917083,15483400
2018-12-21,13.335684776306152,13.535311673267763,13.226797168179337,13.326611193566471,27948200
2018-12-26,13.423397064208984,13.423397064208984,13.018093916814271,13.238893229033511,14756400
2018-12-27,13.647221565246582,13.647221565246584,13.329633520682625,13.393150898832916,14068800
2018-12-28,14.061601638793945,14.061601638793944,13.56555795384531,13.668396123993936,25971800
2019-01-02,14.699797630310059,15.032509802042284,13.940611034890658,13.973882367445114,29810600
2019-01-03,14.760293960571289,14.881280440058074,14.472951937149611,14.669554677862491,17758200
2019-01-04,14.760293960571289,15.071833741415356,14.494124397987912,14.542519912832688,17718400
2019-01-07,14.663506507873535,14.962947435927925,14.56974192046379,14.769369975041835,18787000
2019-01-08,14.497149467468262,14.835909989386824,14.164438384810527,14.699800490549547,29034600
2019-01-09,14.45782470703125,14.624180202540487,14.361036013141796,14.624180202540487,33436000
2019-01-10,14.669548034667969,14.763312571499013,14.26122087048554,14.351960112102518,20525200
2019-01-11,14.730043411254883,14.787511336833067,14.554613185049538,14.663500752513238,13755000
2019-01-14,15.071828842163086,15.071828842163086,14.669549909375107,14.730043129454558,17948800
2019-01-15,14.896403312683105,15.105103776209084,14.811713470176196,14.981093155190012,18486200
2019-01-16,14.754240989685059,14.947818387479748,14.72096965809929,14.926645931709222,13349400
2019-01-17,14.808686256408691,14.968993492444387,14.639306593323695,14.772390779149395,25958600
2019-01-18,14.684676170349121,14.950845705218427,14.684676170349121,14.823809799603263,26163400
2019-01-21,14.606034278869629,14.745167893876372,14.427579893078427,14.705847123091912,16599200
2019-01-22,14.578812599182129,14.79658660515533,14.497146914262544,14.639305827323936,20386600
2019-01-23,14.881280899047852,14.94782242638663,14.57881584481441,14.654432108372768,20394600
2019-01-24,14.805665016174316,14.993193031553258,14.745171773009696,14.878255984921745,19806800
2019-01-28,14.615108489990234,14.887327447460258,14.518319783736978,14.518319783736978,16801600
2019-01-29,15.102078437805176,15.102078437805176,14.696775267619627,14.820785878820523,24407400
2019-01-30,15.298683166503906,15.298683166503906,14.962946767973996,15.123252879274263,17100200
2019-01-31,15.685834884643555,15.955028546601831,15.392443469163803,15.425714803349639,30176600
2019-02-01,15.761457443237305,15.761457443237305,15.489238376209101,15.595101859525784,17208200
2019-02-04,16.060888290405273,16.169775856384245,15.516451614322625,15.643487492568829,15479200
2019-02-05,16.529714584350586,16.529714584350586,15.92478451581168,15.92478451581168,22853400
2019-02-06,15.522503852844238,16.308912398672895,15.522503852844238,16.287739940779907,32873800
2019-02-07,15.625346183776855,15.958057314449253,15.15350023765147,15.72818435842677,31334000
2019-02-08,15.646515846252441,15.95805445759016,15.39849461422993,15.592072048607253,20094600
2019-02-11,15.183744430541992,15.77959974303247,15.18374443054199,15.728181242799472,18936000
2019-02-12,16.11836051940918,16.17280431303992,15.365222143392232,15.37127158199703,36666200
2019-02-13,15.752378463745117,16.257494482679313,15.622318415578686,16.11836085332393,29488800
2019-02-14,16.55693817138672,16.629529140876226,15.752381144366659,16.09114169421388,55715400
2019-02-15,16.578109741210938,16.780760770090467,16.414778337932976,16.544838401230695,25065200
2019-02-18,16.41478157043457,16.569038268032553,16.190956882553078,16.442003476341604,17618800
2019-02-19,16.484344482421875,16.910820137557717,16.42990068356942,16.463172022180647,27106800
2019-02-20,16.018550872802734,16.792861917768935,16.018550872802734,16.720269788566924,33344600
2019-02-21,16.091140747070312,16.2998412143341,16.000401463643126,16.16675700889507,20685400
2019-02-22,16.238536834716797,16.363942704095106,16.082544623263452,16.272182511075833,14520400
2019-02-25,15.972428321838379,16.446523517819312,15.966310821444536,16.41593601585009,20278000
2019-02-26,16.058073043823242,16.186537068112685,15.905139014834448,15.996899198868915,14574600
2019-02-27,15.874554634094238,16.116189542941974,15.859260295873362,16.048899355305707,12539200
2019-02-28,15.476921081542969,15.947958104346647,15.452452247092765,15.90513676896338,22092400
2019-03-01,15.694087982177734,15.755260650621938,15.495273309352497,15.525859643574599,18544400
2019-03-06,15.486103057861328,15.944905232396946,15.446339876032512,15.730797317588138,7795000
2019-03-07,15.424934387207031,15.583986001202344,15.339291659207502,15.476931424408273,16948800
2019-03-08,15.966309547424316,16.012189046526384,15.23834339375891,15.375984224652719,16186600
2019-03-11,16.455699920654297,16.455699920654297,16.006074706148546,16.009132873085235,23071400
2019-03-12,16.36248779296875,16.500529262210595,16.071067173500424,16.40236669968085,16058800
2019-03-13,16.61402702331543,16.73673079323867,16.230579205042652,16.319539379727505,19158200
2019-03-14,16.488258361816406,16.59562329702664,16.227514279054393,16.564947935592297,16271200
2019-03-15,16.629365921020508,16.653907144880097,16.408500757234027,16.472919714580502,25429600
2019-03-18,16.50359344482422,16.74899980824145,16.472918088218258,16.736730367712973,24193800
2019-03-19,16.15082359313965,16.58028447459812,16.114011757725248,16.564946794937097,16919400
2019-03-20,15.788849830627441,16.22137898011273,15.788849830627441,16.163094155094903,26628200
2019-03-21,15.457545280456543,15.86553424206866,15.236679005286694,15.819520044678391,31600000
2019-03-22,14.617033004760742,15.120116413756216,14.571018793127493,15.117048175545994,45764800
2019-03-25,14.721328735351562,14.979005708710378,14.417637557032664,14.534206018125658,27340600
2019-03-26,15.067963600158691,15.107842496839012,14.653840466798398,15.015815263891144,23563400
2019-03-27,14.2335844039917,14.801086743705463,14.2335844039917,14.801086743705463,38145000
2019-03-28,14.730531692504883,14.945262707185456,14.248921320964538,14.408435755578967,43732800
2019-03-29,14.945262908935547,15.144655077252816,14.801086151239902,14.939127603268721,21874200
2019-04-01,15.092501640319824,15.252016023247982,15.000474426758446,15.150785269197812,14790400
2019-04-02,14.960603713989258,15.279632654185091,14.94219779314291,15.184537151764175,20064600
2019-04-03,14.801082611083984,15.26121989433012,14.69371771306907,15.15998913032495,37021600
2019-04-04,14.979004859924316,15.092505076820562,14.67838076621571,14.93912596256464,23104000
2019-04-05,15.064897537231445,15.230547269695833,14.948329076957638,15.052626926636343,14378800
2019-04-08,15.089439392089844,15.135453602227305,14.920722571902447,15.058764032124854,12500600
2019-04-09,14.862439155578613,14.997412379830914,14.696789400684883,14.997412379830914,16008400
2019-04-10,14.972869873046875,15.055694736927554,14.776543619668713,14.982072245637017,16107400
2019-04-11,14.831756591796875,15.021947493839448,14.712121096434634,14.942189716804945,17110200
2019-04-12,14.334809303283691,14.831757216563727,14.202903195099859,14.371619956440473,35001800
2019-04-15,14.37469482421875,14.653844843985183,14.15996376973916,14.509668061513583,25571600
2019-04-16,14.672245025634766,14.785745230109182,14.26425606467455,14.402297486435135,26542800
2019-04-17,14.478987693786621,14.929921465130308,14.371621618560258,14.755069379676485,40179000
2019-04-18,14.985142707824707,15.092508816521452,14.577154771309251,14.620100746711925,33079600
2019-04-22,14.828692436218262,14.963665632064988,14.730529899204328,14.963665632064988,12519600
2019-04-23,15.126248359680176,15.138517799225367,14.929922114490331,15.025017584651518,15327800
2019-04-24,14.819485664367676,15.132379097027238,14.709052550465548,15.086364909504885,20820800
2019-04-25,15.061827659606934,15.089435945345102,14.650771610944052,14.761204753896722,19659000
2019-04-26,15.138524055480957,15.202944198117269,14.939131830739738,15.031159101404166,17268200
2019-04-29,15.14465045928955,15.429935649762252,14.862433505809635,15.21520469765953,33562600
2019-04-30,15.23974609375,15.294962658380147,15.074096399859561,15.202935440726424,16298000
2019-05-02,15.273494720458984,15.3072383177789,15.055696627090361,15.123182651540247,17095600
2019-05-03,15.362452507019043,15.411533776330712,15.261221730831986,15.310303000143653,16262800
2019-05-06,15.14465045928955,15.236677675850848,15.086366828511624,15.17532697826968,12629600
2019-05-07,15.181461334228516,15.239744961367572,14.791878343925635,15.055690539736206,21692200
2019-05-08,15.51889705657959,15.59558660495759,15.184530578843926,15.184530578843926,28919200
2019-05-09,15.6538724899292,15.724426744152897,15.37472254052682,15.61706182907114,30755000
2019-05-10,15.386992454528809,15.702953050490265,15.294965221453504,15.675344763548699,17950600
2019-05-13,14.837894439697266,15.150787957475776,14.828692067765159,14.94219227895677,20496600
2019-05-14,14.69372272491455,15.025021073354894,14.589424858329807,15.000481018376732,19284800
2019-05-15,14.451385498046875,14.607831735625858,14.30414163615189,14.57102106269966,20887600
2019-05-16,14.000449180603027,14.371626457493567,13.92989490922475,14.356288775922653,29345600
2019-05-17,13.75810718536377,14.251988160153523,13.666079943459003,13.942162839363172,28720200
2019-05-20,14.28573226928711,14.368557141038728,13.776513597554489,13.850136095841455,26172200
2019-05-21,15.101705551147461,15.147719747716822,14.390026644063,14.390026644063,28416600
2019-05-22,15.1032075881958,15.313575999365518,14.973274782544518,15.251702728997753,16412400
2019-05-23,15.12795639038086,15.270264076932458,14.933056014369688,15.025865323854019,17869200
2019-05-24,15.350693702697754,15.406379507023116,15.174355715712123,15.276446750353294,18547800
2019-05-27,15.650777816772461,15.771429996603544,15.465159260129871,15.465159260129871,15283000
2019-05-28,15.854964256286621,16.04058287796499,15.610565499640382,15.681719343954905,31982200
2019-05-29,15.839494705200195,15.987989824232578,15.663156677590845,15.755965979469297,22122400
2019-05-30,16.071516036987305,16.086984054859382,15.796181306408284,15.808555012625478,18037600
2019-05-31,16.04058265686035,16.26642025630644,15.817840549943485,15.994178592147604,20329200
2019-06-03,16.114826202392578,16.25713384834808,15.978705999322193,16.155043991078806,15384800
2019-06-04,16.377782821655273,16.377782821655273,16.09316758557355,16.17978940870558,22809800
2019-06-05,15.926117897033691,16.377790736109688,15.836401719644318,16.3530421375983,18513000
2019-06-06,16.331384658813477,16.35304012239271,15.916835358657192,16.108641398987935,15959800
2019-06-07,16.19835662841797,16.433473582308153,16.19835662841797,16.36850719532807,13818200
2019-06-10,16.046772003173828,16.148863081882322,15.768344041498423,16.102457831535816,18282600
2019-06-11,16.365419387817383,16.365419387817383,16.037491854259876,16.21073678936971,26265600
2019-06-12,16.219867706298828,16.449541064750218,16.114342301166456,16.412297152339566,17639200
2019-06-13,15.962261199951172,16.34711769754833,15.91260225884307,16.216763421125517,31063600
2019-06-14,15.679828643798828,15.983989862208032,15.499814209087369,15.934330911936383,26201200
2019-06-17,15.664304733276367,15.844317918399723,15.561882519700921,15.636371509934184,13692000
2019-06-18,16.030542373657227,16.154689132012123,15.760520776711223,15.782246489022393,24425200
2019-06-19,16.294355392456055,16.294355392456055,15.86294312483265,15.983986718314034,15928600
2019-06-21,16.42160987854004,16.6047274812998,16.32539514354329,16.32539514354329,29290800
2019-06-24,16.46195411682129,16.72887135557837,16.33780617843486,16.446435920513608,18067200
2019-06-25,16.30987548828125,16.635762397279915,16.216765111990586,16.387467665850583,31364200
2019-06-26,16.6636962890625,16.67611132211673,16.356431916727995,16.443334780182163,26024600
2019-06-27,16.697837829589844,16.81267393087881,16.430920526083515,16.51161706079894,27027600
2019-06-28,16.74128532409668,16.846810717304454,16.55816776482326,16.846810717304454,28394800
2019-07-01,16.722667694091797,16.967858093768594,16.60783041023261,16.93371852760904,16566400
2019-07-02,16.508516311645508,16.83750767117065,16.37816198184838,16.673012583389593,21172400
2019-07-03,16.853017807006836,16.853017807006836,16.303665143061636,16.57368672660311,23723600
2019-07-04,17.126148223876953,17.126148223876953,16.97096384430863,17.00510459724772,18334200
2019-07-05,17.070280075073242,17.185116173159624,16.85922924488259,17.070280075073242,18783200
2019-07-08,17.054758071899414,17.17890482528977,17.014409814665374,17.12924588714113,13135000
2019-07-10,16.840608596801758,17.287540374249634,16.69473608296285,17.256502787503045,25059200
2019-07-11,16.511615753173828,16.8002587507148,16.390572144649422,16.8002587507148,29312000
2019-07-12,16.139171600341797,16.641968537919848,16.07709762662489,16.61093214304268,25477000
2019-07-15,16.042957305908203,16.260215627678367,15.847425881881401,16.204349168252822,21417000
2019-07-16,16.06778907775879,16.198143374300933,15.987092546026552,16.139173742621782,20702200
2019-07-17,16.070892333984375,16.191935948297196,15.987092635468711,16.077099850611024,13825000
2019-07-18,16.344018936157227,16.52713655283352,16.098827330377247,16.129864916910524,24922000
2019-07-19,16.139171600341797,16.43402208752517,16.139171600341797,16.216763771497288,17699400
2019-07-22,16.14228057861328,16.344020769843397,16.12986672657009,16.288154291778532,12776800
2019-07-23,15.952951431274414,16.257112610960295,15.952951431274416,16.222971865002037,25341200
2019-07-24,16.241594314575195,16.34091220187247,15.974677048477794,16.002610278277817,30775000
2019-07-25,15.555683135986328,16.300568691813933,15.537061766666557,16.25711725145053,35424000
2019-07-26,15.518430709838867,15.769829713564688,15.496705001562077,15.766725364403829,16217600
2019-07-29,15.658102035522461,15.717071665624108,15.462569411977228,15.564991657059915,10184400
2019-07-30,15.499814987182617,15.735695900786322,15.242209539704929,15.586719042492689,18490000
2019-07-31,15.276347160339355,15.580508331669817,15.270139644520867,15.549470752577372,22667400
2019-08-01,15.130467414855957,15.664301720976184,15.111844874888236,15.456354168537356,29717000
2019-08-02,15.133574485778809,15.316692032193215,14.897694838446862,15.130471320297595,16607800
2019-08-05,14.851142883300781,15.133578373136967,14.717684238041215,14.817003318388345,16970800
2019-08-06,15.052885055541992,15.229795156323084,14.962877829821682,15.049781888845338,17148200
2019-08-07,15.037368774414062,15.139789863963095,14.758036377529383,14.99081298027894,22837000
2019-08-08,15.145994186401367,15.419119007509524,15.043573118462543,15.406703973831249,24360800
2019-08-09,15.099441528320312,15.263936601847028,14.99081174560633,15.164618687570943,16614200
2019-08-12,14.58732795715332,14.835622664312355,14.57491292580473,14.807689435759304,21299200
2019-08-13,14.75803279876709,14.975291145441695,14.522153086124463,14.568707685007261,19271400
2019-08-14,14.242816925048828,14.609052020748383,14.180742959276248,14.571808114869803,23003000
2019-08-15,14.230401992797852,14.475593508103522,14.044181278164073,14.32351353407717,21692400
2019-08-16,14.193159103393555,14.447661317473505,14.075218677563512,14.385587346828087,19495200
2019-08-19,13.91383171081543,14.491116594606408,13.88279412525925,14.276962582101504,20911200
2019-08-20,13.901415824890137,14.02245944123614,13.677949958428124,13.972800491351556,13199600
2019-08-21,14.695955276489258,14.730096017824163,14.196262738649832,14.23660981117067,27300600
2019-08-22,14.61642074584961,14.901542722556421,14.531823957786129,14.851411425395588,15065200
2019-08-23,14.083776473999023,14.581956815769674,14.011712801318303,14.444094837402618,26118000
2019-08-26,14.017980575561523,14.318768416728982,13.710924976408695,14.218505803006495,13994800
2019-08-27,13.905184745788574,14.287435509907693,13.61066227407469,14.209105268745425,25205800
2019-08-28,13.78925609588623,13.880119468864171,13.673327665494378,13.773590285599447,16904200
2019-08-29,14.124513626098633,14.168378382230312,13.795525564661117,13.851923449751837,17489800
2019-08-30,14.487960815429688,14.588223420777338,14.127641255744708,14.155840188200267,23972000
2019-09-02,14.303101539611816,14.660287223734818,14.22477130378749,14.487960943966208,10778400
2019-09-03,14.036778450012207,14.51302644181788,13.980380582875707,14.2247717388754,22157400
2019-09-04,14.368900299072266,14.390832672000922,14.093177502680266,14.218506372465178,14053600
2019-09-05,14.870214462280273,14.970477087263282,14.440965024370225,14.444097708490107,24718400
2019-09-06,15.47492504119873,15.474925041198732,15.008077389076421,15.008077389076421,28078200
2019-09-09,15.666043281555176,15.8321029578679,15.43731919307138,15.525048652976329,26966600
2019-09-10,15.402856826782227,15.822706919586167,15.315127349105865,15.775708302131264,16896400
2019-09-11,15.036274909973145,15.65665032979825,15.036274909973143,15.509389081301855,28189200
2019-09-12,15.112767219543457,15.229261130565419,14.923858109721095,15.213518904922694,20399000
2019-09-13,14.841999053955078,15.270194387717613,14.766435878029352,15.134809063041075,15950200
2019-09-16,14.68772029876709,14.974233113204944,14.577522323334215,14.81051133337549,16351000
2019-09-17,14.892378807067871,14.939606705187508,14.52085635842976,14.605865854411906,13488400
2019-09-18,15.119072914123535,15.191488153943132,14.848302155894734,14.942756764309186,17056600
2019-09-19,14.725504875183105,15.33316424282917,14.725504875183105,15.241857639159967,19323600
2019-09-20,14.958494186401367,15.106473785977627,14.76643706487159,14.797921523862012,30594600
2019-09-23,14.886069297790527,15.030900837786811,14.7538332146838,14.936445120077044,11494600
2019-09-24,14.432696342468262,14.974237687242484,14.357131959059366,14.920712665441364,23998200
2019-09-25,14.338237762451172,14.43269231456036,14.105248746264039,14.43269231456036,21829600
2019-09-26,14.391765594482422,14.549190292390273,14.234340896574572,14.416954122654142,17521200
2019-09-27,14.27527141571045,14.508260493183839,14.246934922518484,14.325647270156708,15873000
2019-09-30,14.322501182556152,14.451589401565549,14.31935201564687,14.325649148410166,10862600
2019-10-01,14.152475357055664,14.391760281067732,14.108396650084075,14.391760281067732,13184400
2019-10-02,13.670756340026855,14.045427784212619,13.651866150272811,14.045427784212619,38445200
2019-10-03,14.259525299072266,14.259525299072266,13.733726335639522,13.780954211769602,30768000
2019-10-04,14.357132911682129,14.35713291168213,14.048580627645112,14.284717690015247,14456400
2019-10-07,13.790403366088867,14.240638100461151,13.77780910193947,14.19970734250318,26487200
2019-10-08,13.541666030883789,13.957268155578253,13.54166603088379,13.916337415825275,23554400
2019-10-09,13.916343688964844,13.960422412697053,13.57000862910938,13.717988231114768,18528000
2019-10-10,13.979310989379883,14.111547133904214,13.85966790548532,13.94467737027449,12938000
2019-10-11,14.24063491821289,14.291010762498228,14.089507385356876,14.105249611498257,18216600
2019-10-14,14.16822338104248,14.344539482164206,14.114699558109471,14.243787767538985,13727000
2019-10-15,13.973012924194336,14.224892135770645,13.938379307404814,14.158774067929642,29577000
2019-10-16,14.16822338104248,14.281569360259649,13.821889512150179,13.979314216383985,30479400
2019-10-17,14.13988208770752,14.388613324240387,14.035982442721433,14.27211941893636,49907600
2019-10-18,14.501960754394531,14.656236255442245,14.325644694999392,14.483069361977407,94233200
2019-10-21,14.6090087890625,14.719205569589366,14.410653383059314,14.577523136729948,31502200
2019-10-22,14.923863410949707,15.008871699827885,14.621607046390192,14.64049844450493,34194600
2019-10-23,14.986832618713379,15.226118861794733,14.7601418423348,14.908120259999432,41522600
2019-10-24,14.892378807067871,15.137962195812513,14.706617582748816,15.030913334322628,44281000
2019-10-25,15.027759552001953,15.128511249396734,14.83255328843144,14.886077102210866,20923200
2019-10-28,15.361496925354004,15.361496925354006,15.01831115617142,15.065537828356081,28999200
2019-10-29,15.320566177368164,15.46224859598919,15.257596080086074,15.298526823477639,20788800
2019-10-30,15.559853553771973,15.559853553771973,14.9647885029981,15.304826361185969,31496400
2019-10-31,15.160000801086426,15.427622340862955,15.097030673769805,15.396137877732286,28340600
2019-11-01,15.100176811218262,15.364650353079401,14.93960414700674,15.251304377845322,24608600
2019-11-04,15.015166282653809,15.285936937706428,14.923860876576224,15.159997908160943,22246000
2019-11-05,15.109621047973633,15.254451462762207,14.996275088206934,15.049798901955114,18492400
2019-11-06,15.00886058807373,15.263888869064791,14.908108941496751,15.112761399199321,21688400
2019-11-07,15.00886058807373,15.263888869064791,14.942742545205283,15.128503618779282,28996200
2019-11-08,14.797918319702148,15.03405531416548,14.659385048663411,14.911264269213326,33611800
2019-11-11,14.873490333557129,14.933311303864869,14.612164682151535,14.71606558964209,20247800
2019-11-12,14.709762573242188,14.967938953932226,14.59326744457217,14.807365106762202,33016600
2019-11-13,14.467331886291504,14.700319797337094,14.423253157231814,14.618459472091281,26175200
2019-11-14,14.643644332885742,14.719208713569373,14.407507294700137,14.524002431631363,24067000
2019-11-18,14.649934768676758,14.845142162446745,14.483065055634079,14.79791429597395,31171200
2019-11-19,14.416948318481445,14.631045917526185,14.391759800450467,14.593263140479717,16236000
2019-11-21,14.602714538574219,14.63734816244313,14.372874635963797,14.404359093450951,22505600
2019-11-22,14.835977554321289,14.883580105573769,14.572578869068394,14.626528507860082,15279600
2019-11-25,14.788371086120605,14.89626912454221,14.683647195919464,14.83914656240237,14860200
2019-11-26,14.597967147827148,14.718559389315962,14.458334854397,14.709038152762135,30660000
2019-11-27,15.023205757141113,15.035899926606772,14.436114341054607,14.661430401448227,22475800
2019-11-28,15.10572338104248,15.127937583997696,14.775683275457888,14.896274317048121,13819800
2019-11-29,15.172361373901367,15.22948393401627,15.0454220824054,15.1184117513116,14571000
2019-12-02,15.051770210266113,15.337383030617284,15.051770210266112,15.17236242447915,19454800
2019-12-03,15.356431007385254,15.451634926465568,15.216798673439696,15.277094206387742,35073400
2019-12-04,15.578568458557129,15.591262632503161,15.32786397074676,15.356425256833802,30058200
2019-12-05,15.44528579711914,15.635694820714262,15.331041835662091,15.600786439192657,18946200
2019-12-06,15.381813049316406,15.54683367290705,15.318343392461077,15.416721421115986,19271400
2019-12-09,15.429410934448242,15.534136026433467,15.33103413837057,15.343727098437443,16859800
2019-12-10,15.207271575927734,15.467497296691395,15.12476186733173,15.40720057638754,13054600
2019-12-11,15.18506145477295,15.350082126861832,15.093031696398091,15.2485311302815,19959400
2019-12-12,15.578808784484863,15.578808784484863,15.244363121245167,15.288955714336188,16996400
2019-12-13,15.457764625549316,15.766729202785633,15.403616845857798,15.562876736795026,36059800
2019-12-16,15.247538566589355,15.687096117822271,15.247538566589355,15.531020921314598,24014800
2019-12-17,15.59154224395752,15.59154224395752,15.263466070201785,15.333540805091513,21084000
2019-12-18,16.129837036132812,16.152133317406555,15.48961298873959,15.527835011629405,40919200
2019-12-19,16.29547119140625,16.29547119140625,15.95147047571394,16.021543998044763,24387600
2019-12-20,16.263614654541016,16.276354517794122,16.002428624482693,16.228577296718736,19074600
2019-12-23,16.754140853881836,16.754140853881836,16.161695051483328,16.231768580658887,17606800
2019-12-26,16.94525909423828,16.964369510794914,16.67451644746831,16.715924375102684,20063200
2019-12-27,16.871994018554688,17.094956904180084,16.645844039474277,16.993030666449446,17266200
2019-12-30,16.824216842651367,16.98984729532536,16.824216842651367,16.91340200368479,15679800
2020-01-02,17.136369705200195,17.190518717907054,16.935701835850917,16.993035512807854,26319800
2020-01-03,17.10770034790039,17.17140455903505,16.83377309056109,16.91340305071522,18930800
2020-01-06,16.881553649902344,17.008962087999844,16.70636795881097,17.008962087999844,19999800
2020-01-07,16.754140853881836,16.891104463941094,16.655400494343716,16.881549258839108,21277000
2020-01-08,16.601255416870117,16.878368580825903,16.575774458896035,16.805107940890313,42937200
2020-01-09,16.263614654541016,16.66813477793771,16.158502581074174,16.626726880960824,49486000
2020-01-10,15.881396293640137,16.384656910041492,15.785840603443072,16.295471761198435,30696400
2020-01-13,16.059768676757812,16.085250845482815,15.801768401228918,15.919620393940347,28363800
2020-01-14,15.973764419555664,16.082061172792038,15.846356045728292,16.015171108251703,17530000
2020-01-15,15.680729866027832,15.932360803778927,15.559691999821782,15.9036939727053,29003800
2020-01-16,15.75080680847168,15.85591772702843,15.601102090315457,15.757177351271604,23745200
2020-01-17,15.96420955657959,16.011988005182353,15.839987048280115,15.881394956065414,22843600
2020-01-20,15.862288475036621,16.037474151602094,15.693473341353489,15.925992688803198,16996600
2020-01-21,15.403616905212402,15.814507717027302,15.304875335030486,15.782655009683195,28958400
2020-01-22,15.524652481079102,15.604282415149958,15.381318356740286,15.546948765414433,20918800
2020-01-23,16.397403717041016,16.397403717041016,15.4099925485411,15.460955682107734,43249000
2020-01-24,16.180803298950195,16.397396829393564,16.180803298950195,16.37191588084187,18300600
2020-01-27,16.021549224853516,16.266809670665427,15.839992996080271,15.94510513645261,24031800
2020-01-28,16.15213394165039,16.29228338942317,15.951467402431408,16.18080076368971,15292800
2020-01-29,15.753994941711426,16.365553819557764,15.722143435754218,16.244515909817654,16800400
2020-01-30,15.862288475036621,15.922808024890436,15.406804986932306,15.511917121905677,25079800
2020-01-31,15.460954666137695,15.645695557530702,15.359028405702203,15.642510893479473,32252800
2020-02-03,15.537397384643555,15.652064721292206,15.292136962379885,15.464137967352862,20402800
2020-02-04,15.36858081817627,15.798582075252842,15.368580818176268,15.699841711881124,23533200
2020-02-05,16.053401947021484,16.336884437141926,15.639325143640699,15.671177859700617,47383400
2020-02-06,15.782649993896484,16.260429516709028,15.687094332345207,16.24450377562651,19325800
2020-02-07,15.798584938049316,16.027919631410494,15.690288134523968,15.78265918768965,15590000
2020-02-10,15.642507553100586,15.922805316970448,15.569248144997808,15.833618946842043,15570600
2020-02-11,16.346435546875,16.45154766093899,15.824063285004035,15.900507354271868,36193000
2020-02-12,16.441991806030273,16.6776969936622,16.13939775172616,16.521621756370482,33234200
2020-02-13,16.18717384338379,16.41650845568126,16.069321874311562,16.35598892462696,27612600
2020-02-14,15.878210067749023,16.23176720728718,15.789024920858857,16.206286257485633,20045400
2020-02-17,15.639320373535156,16.002433935524696,15.639320373535156,15.951470820429824,13498000
2020-02-18,15.789029121398926,15.894141256817832,15.511917187655083,15.594731815362882,17858200
2020-02-19,15.827247619628906,16.03110130190876,15.655247859819587,15.76672929812716,22296200
2020-02-20,15.664802551269531,15.941914413880804,15.505542664587292,15.925988668223882,24104400
2020-02-21,15.67754077911377,15.67754077911377,15.394058426847375,15.546947744416117,12871200
2020-02-26,14.53626823425293,14.982993951207877,14.510558027846809,14.976566093109204,30428200
2020-02-27,14.716242790222168,15.29473646275265,14.263089270374637,14.398070596036765,62945800
2020-02-28,15.060120582580566,15.060120582580565,14.324147695835805,14.831937234599176,52758400
2020-03-02,15.153326034545898,15.262597147954704,14.880147638029722,15.04726823653662,26420400
2020-03-03,14.70981502532959,15.220818038239686,14.497700636536065,15.011916965129933,43107400
2020-03-04,14.72588062286377,15.00548560973157,14.462344662645721,14.92835379141749,38468000
2020-03-05,13.854926109313965,14.645533974352238,13.594603469172432,14.545904049510586,51693600
2020-03-06,13.594606399536133,13.729588946997806,13.253938554300667,13.43391364959838,38051400
2020-03-09,12.093738555908203,12.916484776971407,11.666295187130743,12.357274608091082,50349200
2020-03-10,12.73007869720459,13.07717436822717,12.093735612006293,12.701153955787017,64873400
2020-03-11,11.630941390991211,12.476185641951668,11.001026073418542,12.405480436064865,50007000
2020-03-12,10.09389877319336,10.320002352145966,8.579006272809346,9.43173926010495,63084800
2020-03-13,11.786443710327148,12.167588176582843,10.242480188325555,11.705692523918719,81556200
2020-03-16,9.819345474243164,10.594556845562908,9.544791280045011,9.851646076398724,62690400
2020-03-17,10.29416275024414,10.752829568750586,9.709523646881276,10.142350107278181,54067400
2020-03-18,8.595157623291016,9.741824376587836,8.178481150204652,9.422049709748013,76586600
2020-03-19,8.259231567382812,8.944001925742212,7.538931104562876,8.236621332885376,83329800
2020-03-20,7.945919990539551,9.011835823869227,7.858708527062695,8.721131561695943,59350200
2020-03-23,7.148092746734619,8.075116378006003,7.077031944397862,8.075116378006003,53616200
2020-03-24,8.372284889221191,8.553167414409506,7.687514405455521,7.8167168252442565,51598600
2020-03-25,9.376827239990234,9.874254188246937,8.310911294727108,8.375512485136731,50041200
2020-03-26,9.848419189453125,10.229565064700456,9.457583561634287,9.476963682860251,51320000
2020-03-27,9.12165641784668,9.528642581707162,9.050595576315292,9.29607932353667,41604800
2020-03-30,9.363907814025879,9.515719827742814,9.14426448110253,9.334837336663513,31537200
2020-03-31,9.008602142333984,9.52863997901301,8.860020255330067,9.431738801930686,37808400
2020-04-01,8.627455711364746,8.811568917905888,8.414272647035641,8.688826780211794,39653200
2020-04-02,8.727588653564453,8.97953196891068,8.498254956478652,8.70497841922135,31444800
2020-04-03,8.236621856689453,8.68559830192723,8.075119467342601,8.672678431142497,37936200
2020-04-06,8.99891185760498,9.14103349337229,8.637146293645872,8.769578181932413,42828000
2020-04-07,9.42204761505127,9.851643863813608,9.42204761505127,9.512489157557985,43029400
2020-04-08,9.602930068969727,9.86779383779645,9.231474768393648,9.46403794236971,39788200
2020-04-09,9.577091217041016,9.97438693253755,9.51572013881614,9.799964678744093,35051200
2020-04-13,9.767662048339844,9.787042157825354,9.2702351309946,9.612619940290617,36057400
2020-04-14,9.757973670959473,10.22310070582668,9.690142965917744,9.993767618019655,35539400
2020-04-15,9.577091217041016,9.767664078831913,9.367138241735889,9.522180382015117,33496400
2020-04-16,9.302536010742188,9.812883461318913,9.302536010742188,9.72244253088926,41468400
2020-04-17,9.55448055267334,9.709522685986993,9.376828185261779,9.544790188310234,37230000
2020-04-20,9.363907814025879,9.525410192224495,9.212095800308944,9.367137935519771,35550000
2020-04-22,9.321917533874512,9.415588593541008,9.247625971145522,9.331607282343265,40397800
2020-04-23,9.060284614562988,9.570632186367941,8.918162942675984,9.431740636489657,43417600
2020-04-24,7.84901237487793,8.947228625458171,7.7521112309243545,8.924617783525385,147956000
2020-04-27,8.297992706298828,8.462725212779777,8.11064996451156,8.236621627551171,64265600
2020-04-28,9.41235637664795,9.447887089344036,8.756657256705964,8.792187353319502,86465400
2020-04-29,9.548020362854004,9.75797332989397,9.279926441477473,9.703063113112409,49257400
2020-04-30,9.205632209777832,9.296073730470596,8.995679317683601,9.144261155876224,47870600
2020-05-04,8.966612815856934,8.966612815856934,8.717898986034406,8.840641148113221,33172000
2020-05-05,8.979532241821289,9.221785816144697,8.902011171967722,9.050593684582417,31599200
2020-05-06,8.717896461486816,9.08612160892636,8.64037541024073,9.031210787283397,40625400
2020-05-07,8.482104301452637,8.866480103458898,8.42073323012127,8.863249982222232,52811800
2020-05-08,8.753426551818848,8.950458978692613,8.65652478259072,8.753426551818848,35152000
2020-05-11,8.808340072631836,9.086123751066483,8.656527439078081,8.688828038733094,34665000
2020-05-12,8.498254776000977,8.898780590940122,8.482104784979645,8.863250487476659,48281800
2020-05-13,8.25277042388916,8.672676933320291,8.149409011131533,8.608075742305466,52812200
2020-05-14,8.608076095581055,8.656526682789279,7.99436722008406,8.075118404125313,72389000
2020-05-15,8.446576118469238,8.746970706708561,8.34644479441707,8.559627931345076,46873000
2020-05-18,8.85032844543457,8.973070573509686,8.608074926219668,8.76311703065739,37513600
2020-05-19,8.611306190490723,8.973071764963581,8.611306190490723,8.805109154812516,33452200
2020-05-20,8.827718734741211,8.927850022736044,8.646836268925446,8.721127204660881,45599600
2020-05-21,9.451117515563965,9.46080787827129,8.876168932663214,8.92784963493715,61039200
2020-05-22,9.208868026733398,9.415590926387809,9.015065000265968,9.321919843512967,53895800
2020-05-25,10.174652099609375,10.174652099609375,9.625543644625902,9.690144856770834,63773600
2020-05-26,9.945317268371582,10.63654728627789,9.764434151694106,10.497655135147323,61640600
2020-05-27,9.980849266052246,10.21664264745341,9.851647455427145,10.21664264745341,38620800
2020-05-28,9.945317268371582,10.161729875102907,9.757973908366472,9.8871763105883,41465400
2020-05-29,9.961464881896973,9.964695002789465,9.609389713688666,9.851643235882497,53853400
2020-06-01,10.271549224853516,10.384601609276826,9.871023470343319,9.938854777780792,44087200
2020-06-02,10.601015090942383,10.626856060662059,10.426592241830326,10.529953656378526,31544400
2020-06-03,11.224414825439453,11.305166011233982,10.930480558433983,11.133973891642482,58994400
2020-06-04,11.285783767700195,11.489277073585262,10.827117685412588,11.121051912950954,47894200
2020-06-05,11.369769096374512,12.329092505215769,11.308397396382649,12.08360940174486,71092200
2020-06-08,11.754141807556152,11.889804433497115,11.4666677979374,11.570029211908968,44528000
2020-06-09,11.560338973999023,11.97701534948901,11.343925175562948,11.479587795748959,57456600
2020-06-10,11.049989700317383,11.760600235884606,11.049989700317383,11.744450248473658,54692400
2020-06-12,10.772205352783203,10.943398667362903,10.597783765790838,10.659154210087685,57919800
2020-06-15,10.681764602661133,10.762515772159427,10.2392485388167,10.33614969578164,67145600
2020-06-16,10.820657730102539,11.198572647445939,10.69145535389196,11.143662438463808,46683000
2020-06-17,11.143664360046387,11.230875794202248,10.77543912616523,10.80127886656397,37890600
2020-06-18,11.11136531829834,11.347158668187475,10.917561704136855,11.040303869889245,37827600
2020-06-19,10.96278190612793,11.34392764915181,10.949862651236371,11.27286743466912,40652600
2020-06-22,10.736677169799805,11.11782159639506,10.659155496761581,11.04999090258986,30278400
2020-06-23,10.830348014831543,10.995081114287961,10.691455884766421,10.91755943827931,32578000
2020-06-24,10.40721321105957,10.85295886912519,10.307081297175973,10.768978178119662,48896200
2020-06-25,10.662384986877441,10.675305471060014,10.361991738706376,10.445972421562715,38026800
2020-06-26,10.278013229370117,10.620398780668777,10.278013229370117,10.546107820249988,29613800
2020-06-29,10.801279067993164,10.801279067993164,10.316772528951496,10.391062862128011,36642000
2020-06-30,10.384601593017578,10.730216523283001,10.342610637030942,10.726985786272028,50537400
2020-07-01,10.681764602661133,10.746365784692781,10.394290636393617,10.471811069099543,34025600
2020-07-02,10.710837364196777,11.05968308249265,10.659156653949093,10.862649989621685,39952000
2020-07-03,10.820657730102539,10.820657730102539,10.555793967819511,10.697915595919007,16389200
2020-07-06,11.19857406616211,11.301936719524406,11.004771709459137,11.09844338247055,38240600
2020-07-07,10.749598503112793,11.098444251078586,10.749598503112793,11.079063521025343,46336600
2020-07-08,11.01123046875,11.046761183530366,10.827117885038257,10.888488335553783,35296200
2020-07-09,10.969240188598633,11.085522086992261,10.920790219044783,11.040301622542572,22495200
2020-07-10,11.027379035949707,11.091980215206938,10.836806234831627,10.946627869919418,28386800
2020-07-13,10.917562484741211,11.237337793280533,10.917562484741211,11.127516107053104,28398200
2020-07-14,11.095210075378418,11.114590799426384,10.82065659493999,10.927248728956235,28635800
2020-07-15,11.205035209655762,11.327777369255033,11.108134023515467,11.20826594742085,29564600
2020-07-16,11.11136531829834,11.163046035641637,11.008003883611744,11.11459482405989,20156600
2020-07-17,11.45374584197998,11.453745841979982,11.13397189363026,11.14366163989386,34155600
2020-07-20,11.408527374267578,11.524809278385225,11.26317499412052,11.463438821063269,31739400
2020-07-21,11.46343994140625,11.692773034626248,11.392378497019322,11.547420640273634,38402600
2020-07-22,11.369769096374512,11.528040756829759,11.211496203753752,11.515121501400616,27256200
2020-07-23,11.095210075378418,11.389144279864812,11.049989618098211,11.389144279864812,28490200
2020-07-24,10.966011047363281,11.182423629314908,10.86910987287501,10.982161037750444,34400000
2020-07-27,11.276093482971191,11.327774183187918,10.833577410355153,10.885258110571879,47563600
2020-07-28,11.314855575561523,11.557109129012588,11.159813449212677,11.208264652769007,34111000
2020-07-29,11.612021446228027,11.612021446228027,11.353617882929923,11.427908830367793,26202600
2020-07-30,11.24056339263916,11.479587414473249,11.150122470295797,11.343924798793049,46309600
2020-07-31,10.8464994430542,11.295475821361737,10.843268705736227,11.272865588796988,41402600
2020-08-03,11.095210075378418,11.318084089352366,10.911097509500404,11.059680596204718,48061400
2020-08-04,10.756056785583496,11.17596266952948,10.662385122317756,10.943400112114974,41548800
2020-08-05,10.7657470703125,10.972469877860915,10.626854952959947,10.92078917597381,28369200
2020-08-06,11.095210075378418,11.121051040775708,10.704374714982286,10.904637268151083,36534600
2020-08-07,11.017691612243652,11.285784899237756,10.852958508812762,10.982160894556,37123600
2020-08-10,11.121053695678711,11.175963912008964,10.901410366027013,11.020921779107532,19452000
2020-08-11,10.959551811218262,11.269636090922653,10.949862062529187,11.175964413043598,28091600
2020-08-12,10.901412963867188,11.117825607562231,10.72376055459285,10.982164171006945,36059200
2020-08-13,10.681764602661133,11.111361415831286,10.675304361241462,10.946628340042333,30023600
2020-08-14,10.717300415039062,10.820661862616175,10.591328727814812,10.691459437061962,21617400
2020-08-17,10.442743301391602,10.77220703503087,10.300620434476777,10.71406608623212,43903600
2020-08-18,10.58486557006836,10.649466765065405,10.465354160231279,10.626856531641236,29049000
2020-08-19,10.536415100097656,10.649467507262814,10.504115116430693,10.610706048263985,20797400
2020-08-20,10.546104431152344,10.5719441676106,10.30385027896822,10.368450852279064,45816600
2020-08-21,10.643006324768066,10.684997285561405,10.442743732943764,10.497653946764425,23354800
2020-08-24,10.951408386230469,11.131476132711319,10.738600254714381,10.768065976787101,38818600
2020-08-25,10.885929107666016,11.11510681234785,10.820449585054346,11.059448781006626,23659400
2020-08-26,10.624014854431152,10.948136634500715,10.49633044113597,10.849917951113524,33250800
2020-08-27,10.722232818603516,10.948135900132995,10.594548413873017,10.64365712781339,31874800
2020-08-28,10.931763648986816,10.971050860291822,10.79753119885328,10.810627352260925,22764600
2020-08-31,10.689492225646973,10.93176484561883,10.689492225646973,10.93176484561883,27937200
2020-09-01,10.872833251953125,10.997244223440108,10.77788800400469,10.853190268872794,24709200
2020-09-02,10.885929107666016,10.925216321665811,10.718957511478374,10.885929107666016,19689200
2020-09-03,11.056177139282227,11.390121634109484,10.840095554266734,10.866286618159227,59667800
2020-09-04,11.115107536315918,11.252613418730476,10.912122127024766,11.16421624478479,41730000
2020-09-08,10.889202117919922,11.029982649192373,10.826997260650824,10.980873945743499,26920800
2020-09-09,10.87611198425293,11.039810232064475,10.790988195996558,10.993974922504204,25182400
2020-09-10,10.650205612182617,10.964507138408253,10.62073988312766,10.849917637008629,26774800
2020-09-11,10.476685523986816,10.702588605987216,10.385014300846649,10.666576048589832,29421200
2020-09-14,10.628710746765137,10.704254583607227,10.411932398843584,10.582727650682594,22023800
2020-09-15,10.507184982299805,10.70754038265218,10.4677710722025,10.70754038265218,23170200
2020-09-16,10.540031433105469,10.7141107028697,10.51375465498104,10.540031433105469,27629600
2020-09-17,10.559737205505371,10.60572030639041,10.41193348627094,10.448062797049428,20419000
2020-09-18,10.293692588806152,10.517040197858282,10.231286491812671,10.494048642774603,31935000
2020-09-21,10.142605781555176,10.22471884872813,9.988233440800297,10.086768870818648,26836000
2020-09-22,10.122896194458008,10.405365272717647,10.076913089242836,10.132749985492469,21468600
2020-09-23,9.912687301635742,10.162311043912021,9.87655735987371,10.132750296374512,25536600
2020-09-24,9.991515159606934,10.149172052796624,9.824004475665586,9.91268671301209,31886600
2020-09-25,9.952103614807129,10.011225124144174,9.843714389846882,9.932396653852447,18700200
2020-09-28,10.021077156066895,10.434927022194856,9.892980992672364,10.083483252337023,61166400
2020-09-29,9.774737358093262,10.076913401306852,9.771452760980056,10.004653517762028,36925800
2020-09-30,9.728754997253418,9.889696509301068,9.679486663251312,9.850281967393961,28394000
2020-10-01,9.784591674804688,9.820720992044176,9.57766643087207,9.794444840200514,24017400
2020-10-02,9.758313179016113,10.096619122624894,9.626932442920925,9.659777783562914,33953200
2020-10-05,9.929108619689941,9.978376318262622,9.63678639854897,9.820719432240937,25093600
2020-10-06,9.863420486450195,10.116328222149253,9.814152151800748,10.02107740320431,21485000
2020-10-07,9.791160583496094,9.998085834626599,9.764884430738416,9.919257376353562,24819800
2020-10-08,10.264131546020508,10.3429600011172,9.738607885569683,9.824005535209318,36396200
2020-10-09,10.195155143737793,10.402079724762116,10.060489184469104,10.21814669424352,27753200
2020-10-13,10.198439598083496,10.323251773143225,10.076912646363693,10.208293388684885,21598600
2020-10-14,10.132750511169434,10.356098107755006,10.132750511169434,10.218148158479968,20747600
2020-10-15,10.201725959777832,10.326538156429196,9.925826039938176,10.001370528005225,25508400
2020-10-16,9.94224739074707,10.188586519597258,9.935678196957593,10.152456580227934,25159400
2020-10-19,10.050638198852539,10.237855866653739,9.955386753003983,9.991516698184181,31180200
2020-10-20,10.513752937316895,10.52360735397648,10.155740664481336,10.155740664481336,43185400
2020-10-21,10.592584609985352,10.6648445028411,10.44478085321034,10.490764592247523,32409600
2020-10-22,11.052417755126953,11.062270920829722,10.526893448936958,10.546601033288287,60056200
2020-10-23,11.013002395629883,11.262626781305613,10.947312954821735,11.058985505373894,38177000
2020-10-26,11.003145217895508,11.11153501100793,10.792936076890545,10.950592932644268,28741000
2020-10-27,10.766657829284668,11.200214436306524,10.687830038705316,11.098395102396099,30657800
2020-10-28,10.228001594543457,10.523609084016979,10.214863831940674,10.494048335069627,30777000
2020-10-29,10.168877601623535,10.280551375474955,9.86670224469936,10.221430518558956,38897400
2020-10-30,9.787875175476074,10.139319550904197,9.72546970939047,10.080198055477544,43963800
2020-11-03,9.886408805847168,10.103187152047118,9.820718132131494,9.99151338261409,34308800
2020-11-04,9.958667755126953,10.132747596862332,9.876554728615059,9.988228494789048,27452200
2020-11-05,10.080196380615234,10.224714871564936,9.998083345382236,10.067057994271039,37385000
2020-11-06,10.014507293701172,10.070344191594105,9.912687289239768,10.017791890809326,25723200
2020-11-09,10.740385055541992,10.825782059270079,10.510468310657272,10.553167438994047,67562000
2020-11-10,11.288902282714844,11.436706030106233,10.750240850395796,10.763379239707424,84088600
2020-11-11,11.219928741455078,11.420284813204509,10.957167193646765,11.27576627514641,54251600
2020-11-12,10.750239372253418,11.210072911367789,10.635281613947623,11.164089808045471,49990800
2020-11-13,10.855341911315918,10.894755813424005,10.641848793030539,10.835635586734554,34679000
2020-11-16,11.134531021118164,11.249488799644233,10.986727268051924,11.022857213573207,46421800
2020-11-17,11.297977447509766,11.367350689247841,11.033697531231827,11.106373720591982,37379000
2020-11-18,11.324406623840332,11.44663712860812,11.159231492173179,11.255033370984826,40040200
2020-11-19,11.436727523803711,11.595295523384193,11.2286077332092,11.297980996740705,42006200
2020-11-23,11.403691291809082,11.585383685406905,11.334318038647664,11.416905604845425,35029000
2020-11-24,11.707610130310059,11.912428152826385,11.476366008414127,11.476366008414127,45083600
2020-11-25,11.674575805664062,11.770377663542325,11.446634627437207,11.694397270800039,27416200
2020-11-26,11.489583015441895,11.625026587854096,11.367353757456833,11.585384904759067,18337000
2020-11-27,11.43342399597168,11.664669456215812,11.397085261623639,11.525921675994782,19264400
2020-11-30,11.185660362243652,11.423512960294813,11.149321630854027,11.397084333761896,38819000
2020-12-01,11.492884635925293,11.684487111224058,11.344226782563949,11.406992871678248,38767600
2020-12-02,11.542434692382812,11.671272319541137,11.4135983254104,11.492882922108915,24585200
2020-12-03,11.641541481018066,11.852965405182383,11.52261520862914,11.558953931879756,43149800
2020-12-04,11.886001586914062,11.886001586914064,11.634935956821668,11.760468141774782,28255400
2020-12-07,11.942159652709961,12.312151505846051,11.763770250949616,11.829840539770403,47991600
2020-12-08,12.044568061828613,12.414561195382674,11.912428737147316,12.064389527614514,37948600
2020-12-09,11.87939739227295,12.18992750449404,11.87279023454628,12.097428556507138,25710600
2020-12-10,12.497151374816895,12.553310316078358,11.968590184343933,11.975197340995802,52704600
2020-12-11,12.715177536010742,12.794460864486151,12.279114188652855,12.355095830371651,49940400
2020-12-14,12.7572603225708,13.032287580414309,12.724125087084499,12.787082540119757,49645200
2020-12-15,12.919623374938965,13.088615063895443,12.757257720505685,12.757257720505685,30496600
2020-12-16,13.038910865783691,13.184708904835622,12.671105278971273,12.995835321543751,53018000
2020-12-17,13.052164077758789,13.178080207934386,12.893112722602787,13.045536779957146,23017400
2020-12-18,12.956067085266113,13.131687275320544,12.889796651010487,13.019025767447468,24947600
2020-12-21,12.521994590759277,12.750630707773265,12.482230798561034,12.628028841898631,37437200
2020-12-22,12.687674522399902,12.876548129944378,12.591580577781665,12.637970409244785,21540800
2020-12-23,12.8964262008667,12.982579811342442,12.68104470273305,12.780451645258415,18352600
2020-12-28,13.038910865783691,13.105182586804757,12.98920802303885,13.028970550040311,15154400
2020-12-29,12.962702751159668,13.121754171317834,12.906372592866044,13.088618932795505,14602800
2020-12-30,12.856663703918457,13.038909976272635,12.810273881576798,13.015715065101803,17188000
2021-01-04,12.45572280883789,13.019030555367095,12.425900596844345,12.999148659362074,27749200
2021-01-05,12.326491355895996,12.409330677825368,12.160812712037254,12.409330677825368,31908000
2021-01-06,12.608150482177734,12.833473645055289,12.386141601593625,12.43584445974029,41133400
2021-01-07,13.108492851257324,13.154882662548532,12.565065916628368,12.631337617341906,43757400
2021-01-08,13.184709548950195,13.439854865727781,13.01903087031758,13.204590181408186,32480600
2021-01-11,12.96932601928711,13.22115830425987,12.856664473699913,13.105182477433912,33761400
2021-01-12,13.088618278503418,13.184712235054151,12.88649004714783,13.141635415905846,31038000
2021-01-13,12.442461013793945,13.154879408171517,12.339741103925952,13.08860772385289,69732400
2021-01-14,12.412644386291504,12.641281736536364,12.207203210385119,12.512051325341186,79070400
2021-01-15,12.02827262878418,12.409334121002257,12.028272628784181,12.326494776087726,58294800
2021-01-18,11.905669212341309,12.270161777209987,11.865906685853144,12.147559916521857,47699600
2021-01-19,11.703540802001953,12.038212413372738,11.610761154031234,12.028270833927374,39025200
2021-01-20,11.441768646240234,11.78969486751952,11.435141347698654,11.759872656096379,45387200
2021-01-21,11.325794219970703,11.53454970247883,11.176683161036328,11.448396084415428,46607000
2021-01-22,11.163427352905273,11.206504157264474,11.014317574172656,11.140232442256739,40811400
2021-01-26,10.865208625793457,11.345677072180004,10.8055641971922,11.252896147673562,53844600
2021-01-27,11.183311462402344,11.276091123379214,10.775742040789272,10.845326786521925,50160400
2021-01-28,11.44508171081543,11.580938156405272,11.093842509619044,11.12366471787183,41864200
2021-01-29,11.219758987426758,11.488157605973965,11.150174254027693,11.299284035874873,34985600
2021-02-01,11.362244606018066,11.431829350874043,11.209820518039814,11.37218492270376,33525200
2021-02-02,11.286029815673828,11.630640438543232,11.21313080697657,11.517978908750997,39601800
2021-02-03,11.375497817993164,11.511354273596233,11.325793712565835,11.365556238490953,20946000
2021-02-04,11.329109191894531,11.504729475618566,11.272779039927252,11.464965677023587,20148400
2021-02-05,11.252894401550293,11.425200361436136,11.199877280356795,11.358928643937293,25487200
2021-02-08,11.22307300567627,11.348989151651622,11.133606370169675,11.246267918878575,23303200
2021-02-09,11.358928680419922,11.431827696305573,11.15017447606572,11.189937001081585,30614000
2021-02-10,11.203193664550781,11.425202506216147,11.183311766360463,11.358930776276535,28457600
2021-02-11,11.246268272399902,11.385439020016474,11.186623846853943,11.266150168924558,19888000
2021-02-12,11.183311462402344,11.312540637056722,11.001065158042884,11.186624479996626,35346000
2021-02-17,11.054081916809082,11.20982028310397,11.044141600331718,11.163429190144189,27143800
2021-02-18,11.020943641662598,11.14354675721059,10.944731611580995,11.054080131281447,34331400
2021-02-19,10.8121919631958,11.070650322274957,10.77905546585993,10.974556376043124,54815000
2021-02-22,9.553033828735352,9.89433217868971,9.46356717893944,9.77504331229516,204072200
2021-02-23,10.237987518310547,10.355743006347184,9.931823634444761,9.95873911956321,95536000
2021-02-24,10.197610855102539,10.389383708212481,10.015931546472547,10.345646298897204,41196000
2021-02-25,9.91163444519043,10.456673705827956,9.864532516613778,10.241349870373945,54625400
2021-02-26,9.437248229980469,10.03948293340979,9.390146303845212,9.962101014268834,93719600
2021-03-01,9.373324394226074,9.686217228259355,9.326221826257058,9.639114660290339,55568800
2021-03-02,9.733321189880371,9.88808506091366,9.090713454264185,9.23538441997011,72674600
2021-03-03,9.75350570678711,9.985652108986187,9.423790936062153,9.689581204963904,53904800
2021-03-04,10.106773376464844,10.251443690267518,9.790515983590877,9.82752437004472,47893000
2021-03-05,10.295181274414062,10.44321673854776,10.110136783818023,10.143781294991456,46278000
2021-03-08,9.8241605758667,10.352377312271408,9.780422516454756,10.089950880946876,49536400
2021-03-09,9.75350570678711,10.076492089200906,9.706403780030866,9.914998577136197,46114200
2021-03-10,10.059670448303223,10.063034963629052,9.642480173635477,9.817431120284567,41561200
2021-03-11,10.110137939453125,10.301911482547581,9.948645037420082,10.194248906143136,42769200
2021-03-12,10.142497062683105,10.18306733466458,10.027548711051956,10.074880157661513,24629400
2021-03-15,10.07149887084961,10.20335111293628,10.007262882081154,10.07487913539937,29175800
2021-03-16,10.09854507446289,10.11544897586759,9.892314124144537,10.105306248119268,37046600
2021-03-17,10.379155158996582,10.463675964379803,9.986978673605842,10.024167389481512,44209000
2021-03-18,10.291254997253418,10.619195539492335,10.281112266933286,10.382536990763933,43460800
2021-03-19,10.379155158996582,10.456914145186929,10.091784291725116,10.199970819440829,55346800
2021-03-22,10.409582138061523,10.497483203449057,10.220255079946357,10.318299518417698,24805400
2021-03-23,10.034311294555664,10.406203010805829,10.034311294555664,10.40282210081306,42922400
2021-03-24,9.851744651794434,10.24054086385467,9.838221658549564,10.10192615282879,36567800
2021-03-25,9.993741035461426,10.088404580882345,9.807795499460408,9.872031499740412,35524800
2021-03-26,10.027549743652344,10.115451471295174,9.875412014108472,10.007264927994049,29058800
2021-03-29,10.074877738952637,10.166160345364492,9.905836161823615,10.010642403930166,29090000
2021-03-30,10.385916709899902,10.406202168214,10.010644758885444,10.020786843199899,34844000
2021-03-31,10.294634819030762,10.392678622389694,10.220256094231642,10.362251079488708,25287800
2021-04-01,10.125594139099121,10.412964401154467,10.108689588785909,10.4028223158092,26105200
2021-04-05,10.112068176269531,10.260824960645461,10.014024386342617,10.196588973894547,25271000
2021-04-06,9.990358352661133,10.17630450050841,9.956550548363928,10.135734232572222,28033600
2021-04-07,9.926122665405273,10.122210889824526,9.885552398871889,9.980215924221447,39545400
2021-04-08,9.84160327911377,10.003883078832025,9.804413916529027,9.980217355311773,36282400
2021-04-09,9.86864948272705,10.034310184998693,9.831460121761502,9.841602850618262,42761800
2021-04-12,9.990358352661133,9.990358352661133,9.882171831288005,9.956550548363928,19441800
2021-04-13,9.990358352661133,10.034309529995548,9.84836338214827,9.953169638965703,26578800
2021-04-14,10.007265090942383,10.095166820016518,9.909220631452616,10.014026911219473,39591600
2021-04-15,10.020787239074707,10.16616313852255,9.922743432720363,10.017406329222126,36495800
2021-04-16,10.064738273620605,10.091784907199044,9.9734556434774,10.003883186858468,25956600
2021-04-19,10.014026641845703,10.206734000660262,9.997122091607707,10.07488108817452,43004200
2021-04-20,10.17630672454834,10.298016265271558,10.01740717231672,10.01740717231672,47233800
2021-04-22,10.08502197265625,10.284491115061135,10.024166892621873,10.281110205632276,35732200
2021-04-23,10.166162490844727,10.240541213177641,10.08502259408002,10.112069226334922,28495400
2021-04-26,10.17630672454834,10.328443811663032,10.101927991216884,10.193210630391304,19695400
2021-04-27,10.064738273620605,10.176305717736987,10.027548910634275,10.162782078526464,25809600
2021-04-28,10.243922233581543,10.26758860278751,10.091785157741793,10.139116606468475,30427200
2021-04-29,10.020787239074707,10.318300857675556,9.997121514949265,10.243922130604034,29384800
2021-04-30,10.020787239074707,10.091785056293649,9.953170976550965,10.030929968632448,25312200
2021-05-03,10.057976722717285,10.152640265192089,9.99035981454348,10.08164244712533,20199000
2021-05-04,9.929505348205566,10.1323547825761,9.868650259957356,10.108689058222378,24475400
2021-05-05,9.892313957214355,10.000500472000823,9.740176267769328,10.000500472000823,32421800
2021-05-06,9.875409126281738,9.949787836682988,9.787508069186128,9.882170944471392,31321000
2021-05-07,10.122211456298828,10.304776053809736,10.061356375514345,10.142496268279475,53601600
2021-05-10,10.25406265258789,10.33182162792882,10.108686784437689,10.156018867341173,29152800
2021-05-11,10.32844066619873,10.32844066619873,10.15263790650649,10.176303625416455,22437600
2021-05-12,10.260825157165527,10.423104936951413,10.203350987886044,10.260825157165527,27599800
2021-05-13,10.534671783447266,10.598907767875325,10.277728490577516,10.311536937373468,44067800
2021-05-14,10.534671783447266,10.727379091888954,10.467054889855362,10.683428562443959,24169000
2021-05-17,10.720620155334473,10.771333161581634,10.527912795091776,10.595529706859551,25101000
2021-05-18,10.869377136230469,10.943754575153616,10.720619679013648,10.720619679013648,29673200
2021-05-19,11.055323600769043,11.089131413160434,10.659766134268503,10.751048130505023,29905600
2021-05-20,11.089128494262695,11.156745390932628,11.007989250006805,11.072224592516472,34823400
2021-05-21,11.183794021606445,11.231125468109235,11.055322031323739,11.156746743784742,29453600
2021-05-24,11.257211685180664,11.30856679260801,11.222973640847918,11.277753205732463,22198400
2021-05-25,11.106569290161133,11.305146071842174,11.027823730337037,11.277755630486942,19141000
2021-05-26,11.291452407836914,11.329113616868376,11.044943625847933,11.15792725294232,32237400
2021-05-27,11.445518493652344,11.50372122080725,11.192162142503458,11.277755310235797,35845600
2021-05-28,11.483180046081543,11.524264402150607,11.366773282179087,11.418128400753384,18165200
2021-05-31,11.466060638427734,11.572195324198322,11.418127370283583,11.4729069421146,13159000
2021-06-01,11.63382339477539,11.647518615291684,11.46948466672422,11.572196208500188,21480400
2021-06-02,12.051517486572266,12.10972020990535,11.626974827835868,11.637246895401946,52695800
2021-06-04,12.239819526672363,12.270633110589811,11.959074120334606,11.983040096042874,27855000
2021-06-07,12.503450393676758,12.58219595312017,12.154230104374587,12.246670884429408,43566400
2021-06-08,12.428130149841309,12.554807697428455,12.246673016320663,12.462368207329963,41678000
2021-06-09,12.188467025756836,12.448670996936318,11.976196327409045,12.393891419748238,42585400
2021-06-10,12.154227256774902,12.387040728430755,12.154227256774902,12.274057143929614,23587200
2021-06-11,12.119994163513184,12.18846765901978,11.996739781924177,12.18846765901978,18991400
2021-06-14,12.253645896911621,12.329328579006575,12.157323437732652,12.277726511706364,18890200
2021-06-15,12.212361335754395,12.319004963506787,12.057556492983077,12.319004963506787,20392600
2021-06-16,12.29836654663086,12.429090810233443,12.177963482980434,12.24676448375498,31462400
2021-06-17,12.005963325500488,12.460056942487295,11.96812197203567,12.325893098236037,37774200
2021-06-18,11.98875904083252,12.05068100297066,11.778913849470175,12.012839658075661,35907200
2021-06-21,11.895881652832031,12.02316514827195,11.844279561880224,11.957802324760237,20113800
2021-06-22,11.644746780395508,11.944036651558772,11.54154396481628,11.913075675655504,37191000
2021-06-23,11.644746780395508,11.816751910459224,11.593146028753393,11.658507505751405,21822400
2021-06-24,11.668829917907715,11.772034068107821,11.630989883435662,11.747953449673204,14805200
2021-06-25,11.317936897277832,11.75482872704489,11.286975924618487,11.723869066680408,25363200
2021-06-28,11.231935501098633,11.41426051875614,11.101211235005234,11.328257953854298,32851400
2021-06-29,11.156253814697266,11.273217365841633,11.084011968715627,11.24913675051442,20347400
2021-06-30,11.053053855895996,11.18721769387447,11.025532395646334,11.135615612054078,18033400
2021-07-01,10.936086654663086,11.128731563464891,10.908565203522818,11.084011173804482,20781400
2021-07-02,11.056490898132324,11.159693726290277,10.953288069974372,10.991129413167826,15805800
2021-07-05,10.987690925598145,11.04617271221096,10.94640939428123,11.011770889323797,11764400
2021-07-06,10.822563171386719,10.953287446165906,10.774401941808883,10.9395267199165,16258400
2021-07-07,10.967050552368164,10.98769164745652,10.760644850666397,10.915449126942722,15518200
2021-07-08,10.936086654663086,10.960167268263312,10.688398843580746,10.736560070781197,34024400
2021-07-12,11.21473503112793,11.231936595620542,11.001449016829813,11.015209743505853,17936000
2021-07-13,11.166574478149414,11.214735712145028,11.046171393160376,11.149374224907438,15393000
2021-07-14,11.242259979248047,11.496826940413824,11.166577271298234,11.280101333222955,32931200
2021-07-15,11.070252418518066,11.286979291788168,10.99456972670734,11.187215982091347,18692400
2021-07-16,10.936086654663086,11.190653516235475,10.912005384915352,11.111531312649731,16104600
2021-07-19,10.853524208068848,10.901686094055007,10.770961818567988,10.801922796649254,14064600
2021-07-20,11.046171188354492,11.070251804905824,10.767522366738142,10.87072585271932,15092400
2021-07-21,11.156253814697266,11.228495660678904,11.015209648225683,11.015209648225683,19714000
2021-07-22,10.991130828857422,11.197536511758978,10.967049553447755,11.13905538277849,13675600
2021-07-23,10.932646751403809,11.08057061816097,10.877605160018,11.004888594042363,10730800
2021-07-26,11.101212501525879,11.118412754009599,10.918886806919609,10.918886806919609,12075600
2021-07-27,11.152812957763672,11.204415026116319,11.011768791534232,11.025529518067618,14935000
2021-07-28,11.317936897277832,11.317936897277832,11.145931785235888,11.204412893428616,18250800
2021-07-29,11.139053344726562,11.328258738150996,11.084011751870452,11.31793884958269,15226200
2021-07-30,10.881043434143066,11.197532876292223,10.819122143064982,11.025527758953496,26820400
2021-08-02,11.028970718383789,11.28009808054496,10.991129375320641,11.001449264412352,23384600
2021-08-03,10.967050552368164,11.121856140939936,10.808806093577113,11.087454315792678,16356000
2021-08-04,10.805362701416016,10.956727406363667,10.715919951044564,10.925766429075567,17454200
2021-08-05,10.612717628479004,11.197534730587037,10.602397083516532,11.025529584764516,38815000
2021-08-06,10.936086654663086,10.973927337685938,10.629917072202694,10.688398843580746,23521600
2021-08-09,10.836326599121094,11.094334375290643,10.836326599121094,10.925769373597594,20401000
2021-08-10,10.561118125915527,11.03585278168298,10.561118125915527,10.86728713088235,45841200
2021-08-11,10.457914352416992,10.609279087875326,10.39943256754543,10.605838905689039,45073400
2021-08-12,10.230865478515625,10.506074091632609,10.182704250082852,10.468232751493986,43326800
2021-08-13,10.148303985595703,10.330629683244961,10.041660974892123,10.289348157988448,50579000
2021-08-16,10.13110637664795,10.33751208835159,10.100145388662852,10.141426268544478,32244400
2021-08-17,10.089821815490723,10.21366573030026,9.976298445631167,10.155183954545485,32961000
2021-08-18,10.137982368469238,10.351269023475572,10.069180708512127,10.117341936096857,32465800
2021-08-19,10.206787109375,10.28934951462619,10.017581679359482,10.055422371673982,24213600
2021-08-20,10.220544815063477,10.268706699082967,10.093261382502543,10.141422610374516,20974400
2021-08-23,10.313431739807129,10.35471327693356,10.199908332894159,10.23086932170204,37757000
2021-08-24,10.650444984436035,10.706133531858823,10.483379342167668,10.559950928909041,31057600
2021-08-25,10.615641593933105,10.619122211823823,10.486861387416509,10.605199740260955,16490000
2021-08-26,10.465973854064941,10.646961923579061,10.452052052334462,10.552987272424458,15668000
2021-08-27,10.626079559326172,10.650443211786097,10.441610861778578,10.549507321469562,12122600
2021-08-30,10.525146484375,10.646965443119647,10.490340972753684,10.608679313950208,13065600
2021-08-31,10.591277122497559,10.754862167689764,10.525146715351802,10.546029757238909,27641400
2021-09-01,10.601716995239258,10.727016558725005,10.573872721560186,10.622600698393448,13138200
2021-09-02,10.163169860839844,10.598237052419293,10.135325587133154,10.546028458341878,29610200
2021-09-03,10.138809204101562,10.274550668348875,10.01351025907493,10.229303292313073,28068800
2021-09-06,10.319795608520508,10.330237462088135,10.093560758768385,10.13532750917892,11824000
2021-09-08,9.884729385375977,10.225822005196926,9.856885103428553,10.211900196153238,26706800
2021-09-09,10.058755874633789,10.197977278296467,9.801196111892828,9.936936897481438,27122600
2021-09-10,10.090079307556152,10.406808203821956,10.090079307556152,10.26410620281692,34482800
2021-09-13,10.312834739685059,10.427692477575091,10.232782517732005,10.34415963764234,20121200
2021-09-14,10.237442016601562,10.395049159611002,10.188408980120856,10.307489784166872,16357000
2021-09-15,10.15688705444336,10.254953790630429,10.128868082393481,10.247948880611712,16628800
2021-09-16,10.321497917175293,10.374034071671593,10.097346151950909,10.132370032273457,30809000
2021-09-17,10.135871887207031,10.34601448867988,10.135871887207031,10.244445308558452,37796400
2021-09-20,9.80665111541748,10.006286406240179,9.715589274897022,9.918727021281095,31646200
2021-09-21,10.055317878723145,10.072830153796888,9.841673467023368,9.974763417458885,27290800
2021-09-22,10.28997802734375,10.437077812231376,10.121864178336478,10.156888063885923,49030800
2021-09-23,10.314495086669922,10.416063618673583,10.251452227069352,10.33550915052843,32272200
2021-09-24,10.233938217163086,10.349516550846785,10.216426611584469,10.251450490766636,24134400
2021-09-27,10.46159553527832,10.580675683402239,10.216428991906817,10.24795042371244,37552400
2021-09-28,10.247947692871094,10.577171077318807,10.17439748224904,10.370530931891244,31860200
2021-09-29,10.303984642028809,10.395046448907632,10.244444255532073,10.339008516678332,23874000
2021-09-30,10.121864318847656,10.367030853072105,10.121864318847656,10.367030853072105,23068800
2021-10-01,10.349514961242676,10.363524777973717,10.121860783561882,10.167392019912938,18931200
2021-10-04,10.226934432983398,10.346015226711799,10.128867700493846,10.335507862079893,19529200
2021-10-05,10.713765144348145,10.780310456183386,10.223432779513507,10.261958450133898,58411600
2021-10-06,10.73127555847168,10.766299438069618,10.447583402975773,10.559659283269221,31716600
2021-10-07,10.619200706481934,10.885381281966772,10.570167671111703,10.762798025516188,23374400
2021-10-08,10.843352317810059,10.937916599983112,10.675238483741298,10.682243393833744,26906200
2021-10-11,10.759292602539062,10.920402152639602,10.713762034829564,10.878373371040603,15460000
2021-10-13,10.77330493927002,10.846854489242624,10.626205171299835,10.75929511945144,20400800
2021-10-14,10.720770835876465,10.906396296276311,10.69975610343398,10.850358345813143,21292800
2021-10-15,11.060501098632812,11.137553114241882,10.717268481794589,10.790818041963464,28465800
2021-10-18,11.281148910522461,11.337186853882322,10.906394913794019,10.94492125036329,29963800
2021-10-19,10.727773666381836,11.16206872733516,10.696252907917861,11.16206872733516,45746800
2021-10-20,10.927409172058105,11.046489963565755,10.69975428545381,10.85736141186833,25801000
2021-10-21,10.444080352783203,10.843350820571928,10.279468996490023,10.682241918841356,51418400
2021-10-22,10.12536334991455,10.381036495864974,9.775125944056489,10.381036495864974,65578200
2021-10-25,10.335506439208984,10.433573158197865,10.181401785947847,10.181401785947847,22095800
2021-10-26,10.226934432983398,10.346015226711799,10.13937506512575,10.25845585885415,22256000
2021-10-27,10.216428756713867,10.472101992784653,10.216428756713867,10.254955098706066,15202400
2021-10-28,10.12536334991455,10.258453938234522,10.030799090006914,10.244444121348279,18392400
2021-10-29,9.981769561767578,10.21642873257224,9.943243219866417,10.21642873257224,22352000
2021-11-01,10.209420204162598,10.363524849138118,10.093841887437167,10.142874910282854,17584200
2021-11-03,10.275968551635742,10.451087305865357,10.128868771361866,10.174399353530552,22166400
2021-11-04,10.034302711486816,10.339009583959832,9.971259864214819,10.293478341807873,22132200
2021-11-05,10.25845718383789,10.35652326096871,10.114859187421244,10.156887983352345,15278200
2021-11-08,10.325000762939453,10.388043616302005,10.128867960942056,10.15688693265597,15958800
2021-11-09,10.310993194580078,10.724273591847549,10.310993194580078,10.647220906782378,41557200
2021-11-10,10.783811569213867,10.881877629160773,10.332004931230141,10.339009840662044,40790400
2021-11-11,10.577171325683594,10.902891595151281,10.577171325683594,10.892384899119214,42865600
2021-11-12,10.559659957885742,10.745286063996298,10.496617104186875,10.615697901612517,17486800
2021-11-16,10.412559509277344,10.664730907621054,10.342512418201267,10.60519051279267,17540200
2021-11-17,10.265460014343262,10.542147935100948,10.258455772672464,10.42306714237295,27624000
2021-11-18,10.188408851623535,10.314494564440881,10.121863540078268,10.286475591373138,38862200
2021-11-19,10.174397468566895,10.265459284058696,10.125364440234737,10.209421346529112,37276400
2021-11-22,10.118361473083496,10.342513934248966,10.09384495421189,10.244447190737509,31387400
2021-11-23,10.541412353515625,10.56981626624267,10.047893438729497,10.253821975301253,32655800
2021-11-24,10.73669147491455,10.775747117253708,10.40649549529072,10.438449988622242,27828200
2021-11-25,11.294119834899902,11.294119834899902,10.757995225593422,10.782849249386212,49416600
2021-11-26,10.921318054199219,11.088191004400956,10.846757338779453,10.91776747944562,26635000
2021-11-29,10.939069747924805,11.233760666898345,10.939069747924805,11.070438298957692,23346400
2021-11-30,11.304769515991211,11.304769515991211,10.729589364751249,10.903563436636706,65184800
2021-12-01,11.113043785095215,11.645617781388012,11.113043785095215,11.539103253010595,51792200
2021-12-02,11.418387413024902,11.503599855733624,11.233761582494195,11.251514456893059,35298200
2021-12-03,11.432591438293457,11.595913844199043,11.301222856723431,11.436141336506173,34640600
2021-12-06,11.741479873657227,11.929655563333785,11.581707422797152,11.620763061274676,42535800
2021-12-07,11.574606895446777,11.929656203336625,11.53200135773357,11.929656203336625,25386200
2021-12-08,11.6278657913208,11.69887592962986,11.468093318726849,11.638516838025152,20586600
2021-12-09,11.368680000305176,11.688223592845954,11.318972632334122,11.645618051388333,19433200
2021-12-10,11.539101600646973,11.670469455020793,11.36867810876608,11.453889177503768,16587600
2021-12-13,11.44324016571045,11.741481668093966,11.44324016571045,11.539103650877196,24086800
2021-12-14,11.445021629333496,11.75202978609611,11.38790299347799,11.5949557504176,29018600
2021-12-15,11.248680114746094,11.505710958920382,10.973799480830625,11.49857104302391,44818600
2021-12-16,11.212979316711426,11.473580074688797,11.09874340531859,11.320075313417272,31537600
2021-12-17,10.827434539794922,11.180852203598334,10.763176658939782,11.10945508779251,45895200
2021-12-20,10.50257396697998,10.698916851209455,10.438316097697685,10.698916851209455,42582800
2021-12-21,10.531135559082031,10.745328282904357,10.531135559082031,10.620382470599676,23533800
2021-12-22,10.47044563293457,10.584681548922575,10.409757717453473,10.566832442386861,24956400
2021-12-23,10.431174278259277,10.52399110795079,10.4097552193765,10.45973325040285,14675600
2021-12-27,10.452594757080078,10.52756180892006,10.424035782917276,10.441884886431657,11492400
2021-12-28,10.3919095993042,10.491865694850757,10.356210701937643,10.474016586617395,17281400
2021-12-29,10.338359832763672,10.463305620043709,10.331220598756058,10.416897534945287,15332800
2021-12-30,10.299091339111328,10.420467165125652,10.27053236127853,10.399047421076249,25165600
2022-01-03,10.288382530212402,10.623951065097764,10.281242614791482,10.399048495637432,32338600
2022-01-04,10.299091339111328,10.406187335759382,10.216984362954502,10.395478144634422,23429600
2022-01-05,10.12773609161377,10.345498012568555,10.06704818687891,10.288380064688646,26325600
2022-01-06,10.209843635559082,10.30266047635231,10.06704875776169,10.145585770325333,20271000
2022-01-07,10.220553398132324,10.288381224221492,10.138446423913697,10.213414164517458,16377400
2022-01-10,10.274102210998535,10.384768163828928,10.156296343559799,10.188425278397611,18347400
2022-01-11,10.316941261291504,10.359780071880374,10.238404236261667,10.252683385858095,25298400
2022-01-12,10.41689682006836,10.481154688025418,10.299090955780324,10.324079975341466,28332200
2022-01-13,10.584680557250977,10.716766248299441,10.37405785154378,10.37405785154378,34316200
2022-01-14,10.855992317199707,10.94880917025377,10.60253146074035,10.60253146074035,34041800
2022-01-17,10.877410888671875,10.955948588951653,10.727476083746545,10.870271654837142,18899600
2022-01-18,10.973797798156738,11.045195584373923,10.791734056112691,10.820293034419615,24899800
2022-01-19,11.070185661315918,11.170142435375364,10.963088971773693,11.052335872608973,26745600
2022-01-20,11.138012886047363,11.245108888819061,11.066615096933045,11.1058839490359,22722000
2022-01-21,11.138012886047363,11.259388719001837,11.027346244830191,11.120163098318894,28721400
2022-01-24,11.191557884216309,11.334352743226646,11.048763025205972,11.113020201085925,31500600
2022-01-25,11.480721473693848,11.562828460510417,11.09517488244666,11.152292845527738,33262000
2022-01-26,11.3700532913208,11.648503817795081,11.309365382252036,11.534267913877335,39544600
2022-01-27,11.527129173278809,11.677063301761448,11.405753342783541,11.420032491777224,30914000
2022-01-28,11.598526000976562,11.63422421095604,11.430741418114295,11.527128219218188,29160000
2022-01-31,11.659213066101074,11.759169142075434,11.519988142622674,11.580675371092992,22021200
2022-02-01,11.641363143920898,11.719900833414163,11.548545626919895,11.709190281883705,16596200
2022-02-02,11.448592185974121,11.637795177585414,11.341496178680927,11.609236877813718,23883800
2022-02-03,11.527129173278809,11.63065589730703,11.430742364197313,11.45216210903749,23502600
2022-02-04,11.505709648132324,11.569967522080283,11.427171944018253,11.495000456407517,14768400
2022-02-07,11.373623847961426,11.559257542062804,11.36648393336528,11.470010652310188,17111400
2022-02-08,11.495003700256348,11.555690952888723,11.241542090480088,11.359347998995823,23846800
2022-02-09,11.395040512084961,11.605662501135438,11.316503510759352,11.45929768722432,32754200
2022-02-10,11.519989013671875,11.65207403288226,11.373624164871313,11.423602206637431,28688600
2022-02-11,11.923383712768555,11.99121085132108,11.580674658599671,11.587814572415619,64663600
2022-02-14,11.973363876342773,12.044761665396251,11.823428383150517,11.923385832545208,32971000
2022-02-15,12.540970802307129,12.744453560996893,12.473142308211079,12.673055791221723,98196600
2022-02-16,12.612369537353516,12.776583467144876,12.533831848410129,12.558820865474061,35496200
2022-02-17,12.612369537353516,12.755163726033235,12.555250227722475,12.605229623649636,28766200
2022-02-18,12.869401931762695,12.93365980483265,12.630220907846386,12.640930099424866,42354200
2022-02-21,12.594522476196289,12.93366097889561,12.483857188374168,12.9015320394441,24108800
2022-02-22,12.712325096130371,12.890818846175899,12.626647496916853,12.637358047943067,59700800
2022-02-23,12.77658748626709,12.894392694940777,12.712329604517905,12.780156763342166,26680600
2022-02-24,12.369617462158203,12.530260748269956,12.1697039712246,12.362477548717797,46761400
2022-02-25,12.56953239440918,12.56953239440918,12.326780730496628,12.3910386039911,34731400
2022-03-02,12.708759307861328,12.780157107482973,12.469578245198544,12.530265489707098,25371800
2022-03-03,12.710165977478027,12.878318541071966,12.633400858593195,12.739409234664835,25667200
2022-03-04,12.392141342163086,12.710169343525171,12.256886884161576,12.658992584048756,31877600
2022-03-07,11.862091064453125,12.34461667976645,11.807258037705877,12.253229231495565,30754600
2022-03-08,11.953478813171387,12.059488590500969,11.832846709080103,11.938856486409685,17963600
2022-03-09,12.629746437072754,12.65167992903442,12.085077967413179,12.103355180150261,55673000
2022-03-10,12.46524715423584,12.615122510830636,12.26419505067625,12.545668553444383,21721800
2022-03-11,12.216673851013184,12.684578551074116,12.150876168817428,12.523735743928045,24482400
2022-03-14,12.293441772460938,12.556636714653427,12.25323106608739,12.267853394670862,21501000
2022-03-15,12.153886795043945,12.30470675852313,12.05088680305169,12.289992273488446,20883800
2022-03-16,12.315742492675781,12.315742492675781,11.988352903326444,12.212743899150308,23502600
2022-03-17,12.429776191711426,12.503347208407272,12.179635576895803,12.308383803675714,21021400
2022-03-18,12.404026985168457,12.518060731993245,12.330455965869914,12.484953843471425,28675400
2022-03-21,12.657845497131348,12.709344789538228,12.381955227879791,12.433454520286674,18357400
2022-03-22,12.911664962768555,13.003628392427165,12.727738103451337,12.727738103451337,23499800
2022-03-23,12.845452308654785,12.948452313123571,12.760846114332685,12.874881282288925,16116200
2022-03-24,12.992595672607422,13.121343937034823,12.830740511148571,12.867525328627588,16706200
2022-03-25,12.985235214233398,13.139734496553997,12.900629032373509,13.003627618420246,15335400
2022-03-28,12.8601655960083,13.084556587662286,12.801309057480253,13.033057291856565,13350400
2022-03-29,12.915343284606934,13.080877725810689,12.786593651114917,13.022021191521628,18239600
2022-03-30,12.838094711303711,12.907986409242431,12.701987831751277,12.907986409242431,13437000
2022-03-31,12.764522552490234,13.0771976088,12.668879813048164,12.793950116222147,45229200
2022-04-01,12.75716781616211,12.904309873470469,12.621062325264802,12.856488494357654,52307800
2022-04-04,12.639452934265137,12.716701871904307,12.477596413592067,12.683594983880313,19774800
2022-04-05,12.304706573486328,12.628418223128783,12.271599684281412,12.606346495908669,29155400
2022-04-06,12.367242813110352,12.415064194027174,12.19067317962983,12.304708348508186,26493400
2022-04-07,12.595312118530273,12.724060360541515,12.253208043185442,12.256885962992651,30086000
2022-04-08,12.819701194763184,12.871201892743244,12.518061265704088,12.536455073750806,26147800
2022-04-11,12.900629997253418,12.963165860066548,12.654168675564943,12.746132106627913,20869200
2022-04-12,12.874879837036133,13.055128772184876,12.823380542208074,12.952128779278219,24837400
2022-04-13,12.937413215637207,13.040413199957682,12.838093957177042,13.025698716018981,25615800
2022-04-14,12.948450088500977,13.073520398456827,12.900628716186853,12.90798595833137,21384200
2022-04-18,13.42666244506836,13.42666244506836,12.919023855604879,12.944773506938102,45145200
2022-04-19,12.952125549316406,13.49287081666268,12.893269026583152,13.382515011944104,35773000
2022-04-20,12.933735847473145,12.974199978403814,12.804987615648734,12.963164816604715,22592400
2022-04-22,12.665204048156738,12.790274372605232,12.562205452699375,12.775559886611147,21846800
2022-04-25,12.764522552490234,12.85648596943433,12.495989543403528,12.59898812134079,22644800
2022-04-26,12.477596282958984,12.71302381935953,12.323098409298145,12.654167286072003,27945400
2022-04-27,12.532774925231934,12.8013079466678,12.470240472394329,12.635773507905842,19436600
2022-04-28,12.510704040527344,12.654168165938287,12.352528236459865,12.569560577907266,19950800
2022-04-29,12.220100402832031,12.757166469800739,12.175956948347926,12.580596861615842,34448000
2022-05-02,12.131814956665039,12.348848697567119,11.966280509663365,12.238492867316175,21440400
2022-05-03,12.381956100463867,12.495991258294326,12.106065811769708,12.131815459787784,25805000
2022-05-04,12.742451667785645,12.793950960151331,12.212742856416547,12.33781316784056,26092000
2022-05-05,12.41138744354248,12.654170887863957,12.139175022575566,12.63945639954124,28301400
2022-05-06,12.451844215393066,12.746128227841194,12.253204331215802,12.385630452917255,27666800
2022-05-09,12.484955787658691,12.610026118967324,12.25320893516825,12.275279262119321,20204000
2022-05-10,12.34149169921875,12.602667496736888,12.253207594572034,12.56588268700918,18495200
2022-05-11,12.613704681396484,12.727738439100024,12.260565438974773,12.334135062041337,27256600
2022-05-12,12.933735847473145,13.0036275442849,12.705666949705408,12.801308292882046,49017800
2022-05-13,12.915343284606934,13.040413595377496,12.819700539355667,13.025699110992614,71424800
2022-05-16,12.915343284606934,12.915343284606932,12.915343284606932,12.915343284606932,0
2022-05-17,13.400908470153809,13.426658113179332,13.279516093104645,13.301587817090939,44380000
2022-05-18,13.209625244140625,13.566443753366284,13.143411471227608,13.389874160015037,24974400
2022-05-19,13.132378578186035,13.30159095896517,13.0404151447299,13.205949605601068,18866200
2022-05-20,13.610587120056152,13.617944362565165,13.286875465912237,13.342054083104568,51585000
2022-05-23,14.184435844421387,14.199148922494047,13.706225024180512,13.72461882745914,50806000
2022-05-24,14.151894569396973,14.241748498462938,13.863615058375842,14.077016533205292,47841000
2022-05-25,14.065787315368652,14.151896569294838,13.777507763608837,14.050811420378023,34721600
2022-05-26,14.024598121643066,14.252975420714698,13.975928626697455,14.005878975265576,25567800
2022-05-27,13.871103286743164,13.987164316608197,13.751298997673356,13.987164316608197,26784000
2022-05-30,13.504197120666504,13.927256652119215,13.197198573079003,13.927256652119215,51416200
2022-05-31,13.71011734008789,13.908544373571056,13.477996685942589,13.530410888990245,67388800
2022-06-01,13.736321449279785,13.852382465159565,13.49671290001279,13.852382465159565,26949600
2022-06-02,13.74755859375,13.886082063973712,13.646473436068888,13.818691958852972,19103200
2022-06-03,13.556615829467773,13.710115154572417,13.466763332332205,13.706371895599974,17798400
2022-06-06,13.388138771057129,13.6951388072293,13.365676363951978,13.575333113890688,16750000
2022-06-07,13.294544219970703,13.425581142689028,13.2383867629598,13.328239265449154,15000600
2022-06-08,13.174737930297852,13.29454220087502,13.07739749602124,13.193458507971428,16033600
2022-06-09,13.156022071838379,13.324497315788427,13.07365607964504,13.122327023048369,21941200
2022-06-10,12.935129165649414,13.242127782221505,12.830300787750517,13.062421379460735,67795400
2022-06-13,12.639365196228027,12.893949693205954,12.542024737115256,12.770402132478978,28855400
2022-06-14,12.643243789672852,12.835607543354568,12.575350361585926,12.699820687180715,26059000
2022-06-15,12.843151092529297,13.009113440919355,12.699820365877928,12.76394257471413,27449200
2022-06-17,12.873329162597656,12.960081571674523,12.526318087443075,12.72999840728291,58546600
2022-06-20,12.971394538879395,13.175074825328299,12.662102891537076,12.903501110063093,28503600
2022-06-21,12.439563751220703,13.141128229417442,12.371670321792188,13.088322548494572,51527600
2022-06-22,12.394301414489746,12.586665163745888,12.239655596037762,12.371669792699151,49448000
2022-06-23,12.315093040466309,12.428248273048494,12.160447220206391,12.41316052501171,30994000
2022-06-24,12.243424415588379,12.439560782817864,12.107637589133617,12.398070203751514,18258200
2022-06-27,12.49614143371582,12.51877161644125,12.209479982521295,12.243426695456256,18872000
2022-06-28,12.541403770446777,12.790345862922823,12.401845695276826,12.597982107355966,24111000
2022-06-29,12.477278709411621,12.665871182488486,12.416927736734497,12.533855588026851,16232200
2022-06-30,12.590436935424805,12.665874230579098,12.160446223546082,12.315092031131353,36974000
2022-07-01,12.50368595123291,12.575350598297257,12.371670310202516,12.46596658000413,16754000
2022-07-04,12.462194442749023,12.533859084525407,12.37166939732647,12.488597281237523,10339200
2022-07-05,12.394301414489746,12.454650967084499,12.198165008845088,12.398072632031429,17375800
2022-07-06,12.315093040466309,12.477282734744618,12.145359472169607,12.326408132070473,21683600
2022-07-07,12.49614143371582,12.59420891616859,12.428248007845896,12.428248007845896,19425200
2022-07-08,12.616840362548828,12.688505004928947,12.46973842148886,12.51122756885832,17998200
2022-07-11,12.409388542175293,12.564034352898656,12.352810209949796,12.496140929766764,14107400
2022-07-12,12.45087718963623,12.49236777309315,12.235881837947378,12.443334755231973,14764600
2022-07-13,12.315093040466309,12.481053952330392,12.262285922337565,12.371669937333978,25347000
2022-07-14,12.300003051757812,12.330177103487774,12.039745200921429,12.258512471638351,24568600
2022-07-15,12.552718162536621,12.677189921259385,12.152902925335301,12.296232210180742,24545600
2022-07-18,12.729996681213379,12.850695793897872,12.579122070934305,12.635700409500688,21789200
2022-07-19,13.073238372802734,13.088326125431745,12.745087666781814,12.779034390773447,30828800
2022-07-20,13.077004432678223,13.212791275077052,12.971393083633231,13.027971414248315,19149200
2022-07-21,13.167530059814453,13.167530059814453,12.85069455973439,13.058146049809563,17517400
2022-07-22,13.077004432678223,13.258054515107805,12.978936956971689,13.171300691138885,13262000
2022-07-25,13.27691650390625,13.318407097297204,13.031745600512632,13.031745600512632,24344400
2022-07-26,13.322175979614258,13.499453415258124,13.250511337406657,13.337263727083267,22242600
2022-07-27,13.408927917480469,13.442874628718515,13.25051089093408,13.356122241965005,14388600
2022-07-28,13.657869338989258,13.69935992173923,13.367436698586133,13.446646646948205,16259600
2022-07-29,13.567349433898926,13.80120380899089,13.540946590203722,13.642785307972607,23704200
2022-08-01,13.457961082458496,13.661641330314456,13.397611539261908,13.571116296096271,22649400
2022-08-02,13.63901138305664,13.748395393141402,13.393840524431733,13.465506604965023,19655200
2022-08-03,13.733307838439941,13.797430046193119,13.53340021908853,13.665414413217423,15138800
2022-08-04,13.993566513061523,14.001110387657715,13.767256030563644,13.838920680957015,23298200
2022-08-05,14.253823280334473,14.268911027547098,13.93698778310319,13.99356467688038,21754000
2022-08-08,14.702672958374023,14.747934761133775,14.24250674063512,14.314172820422058,38957600
2022-08-09,14.947845458984375,15.064771915548365,14.646097675976929,14.747936383678814,34672600
2022-08-10,15.076087951660156,15.14775259813196,14.955388842419811,15.057227546778265,28315800
2022-08-11,15.743708610534668,15.985106873504627,15.675815169218474,15.898354462677744,124169000
2022-08-12,16.633861541748047,16.72061537679899,15.841773445035056,15.853088537064787,90489400
2022-08-15,16.215185165405273,16.505616373978967,16.151062961738756,16.479213536835903,38795200
2022-08-16,16.294397354125977,16.40378138345953,16.003964641161218,16.218960042901216,42526400
2022-08-17,16.147293090820312,16.38114742737693,15.992647272297042,16.154836964753986,50055000
2022-08-18,15.773880004882812,16.252905231403552,15.709759231626924,16.14729386893649,31663000
2022-08-19,15.48344898223877,15.747478855611243,15.223191765843547,15.570201387703843,54949600
2022-08-22,15.641865730285645,15.702215285540468,15.21941740465499,15.475903374199712,53275000
2022-08-23,15.964043617248535,16.148598856748475,15.725659949567117,15.729504208702366,27895600
2022-08-24,15.698749542236328,16.08324008444091,15.664145334769314,15.983271722107308,21973200
2022-08-25,16.071701049804688,16.071701049804688,15.702590557571682,15.84485161811081,36882800
2022-08-26,15.990955352783203,16.160130596091097,15.810244400428239,16.102457917713476,22573800
2022-08-29,16.321619033813477,16.456190097520214,15.902524406779452,15.96788707580427,26342400
2022-08-30,16.275480270385742,16.486949709183143,16.11014927155706,16.398517088112033,33588200
2022-08-31,16.02940559387207,16.440810239077994,15.948662955104087,16.298549189813276,35911000
2022-09-01,16.275480270385742,16.39082710366482,15.948662531594701,16.148597727078563,32369000
2022-09-02,16.35238265991211,16.563853636272476,16.30624420448578,16.371608360828546,25208800
2022-09-05,16.006332397460938,16.49463527880442,15.937124022674356,16.49463527880442,27135800
2022-09-06,15.237358093261719,15.514190240772246,15.07202706995658,15.498811736315668,67883800
2022-09-08,15.171995162963867,15.433448826935203,14.964369935684003,15.371930404042825,34886400
2022-09-09,15.59108829498291,15.725660839769196,15.310410427351743,15.35270461380701,45153800
2022-09-12,15.833317756652832,16.064011453201253,15.694900952037878,15.725660893825536,26211200
2022-09-13,15.567688941955566,15.792184924838725,15.432215878904241,15.505758862898533,32529800
2022-09-14,15.583176612854004,15.819285595500755,15.463187867038876,15.540600866083242,30654000
2022-09-15,15.424474716186523,15.73025513309743,15.378027525177773,15.61026643328069,42610400
2022-09-16,15.250296592712402,15.343190969929589,15.064504885219021,15.343190969929589,72317400
2022-09-19,15.552206993103027,15.62961996573589,14.824527412801567,15.09934206294506,31859000
2022-09-20,15.78831958770752,15.857991131718647,15.54446918366857,15.598657834226117,34701400
2022-09-21,15.676065444946289,15.888949989016206,15.587041052936303,15.857985689265963,24569000
2022-09-22,15.962492942810059,16.036034446557604,15.517369506972573,15.772831254736575,28798000
2022-09-23,15.765088081359863,15.830889610361893,15.513497821486803,15.792182394322666,34142400
2022-09-26,15.107080459594727,15.65283966556657,15.095469032828095,15.598651038616497,17178800
2022-09-27,14.91741943359375,15.060632436338723,14.898066564551877,14.994832386290504,22239600
2022-09-28,14.92129135131836,15.087728704409548,14.778078330005986,14.88258560821646,22874200
2022-09-29,14.840008735656738,14.898068828133146,14.654218506873509,14.74711288300038,37109600
2022-09-30,14.909682273864746,15.107083957247433,14.600031850651863,14.809044963489505,41095600
2022-10-03,16.047645568847656,16.334073087386482,15.676065120361706,15.888949660023691,90279400
2022-10-04,15.184496879577637,16.43084148978753,15.049025281306857,16.264404111037898,55373800
2022-10-05,15.428345680236816,15.6180058987279,14.994835132870527,15.196106779607726,44850000
2022-10-06,15.703161239624023,15.780574211083492,15.424475132981788,15.559948202168261,36355600
2022-10-07,15.737997055053711,15.79605715297292,15.525112490232653,15.699291307460655,27124000
2022-10-10,15.509631156921387,16.008943324236036,15.40512385609764,15.896694577810925,23049200
2022-10-11,15.138046264648438,15.50962668725065,15.03740897736283,15.401249433124008,29225800
2022-10-13,15.2425537109375,15.428343924378773,14.735500238306757,15.018056280198444,30284800
2022-10-14,15.157400131225586,15.552204909892586,14.971609907711018,15.350931798619442,25022800
2022-10-17,15.285133361816406,15.42060495275053,15.041283021605379,15.211590375426793,20077200
2022-10-18,15.463180541992188,16.070869860347866,15.38963756329944,15.467050525672594,43483200
2022-10-19,16.121191024780273,16.175379663944497,15.869599226912474,16.012812269922154,25457000
2022-10-20,16.875959396362305,16.906925169292663,16.140540007618185,16.217952963414756,70753200
2022-10-21,17.293989181518555,17.394624994613824,16.709522743969885,16.80628857355469,64165600
2022-10-24,15.55994987487793,16.90693040756775,15.559949874877928,16.883706070674386,75329200
2022-10-25,15.29287052154541,15.664452416280964,15.16126893886454,15.521237930417234,42736400
2022-10-26,14.750986099243164,15.149660920348223,14.391017026710177,15.138049491082535,64148400
2022-10-27,14.936776161193848,15.250298036168399,14.832268869535666,14.901940397307788,41654200
2022-10-28,15.02580451965332,15.056770307497011,14.689059697768364,14.801308463906693,40856000
2022-10-31,14.329087257385254,14.836140843367716,13.938152396195731,14.189744197021847,101533600
2022-11-01,14.669702529907227,15.018058682125767,14.282639154200224,14.476170842053726,49280600
2022-11-03,14.975478172302246,15.107079750084274,14.398754696529004,15.09546832386298,60835800
2022-11-04,15.196109771728516,15.474795916745038,15.021932407623012,15.079991036814905,54580800
2022-11-07,14.665831565856934,15.169013676007118,14.561324273694028,15.060636399629136,47342400
2022-11-08,14.735501289367676,14.824525680708508,14.445203783309951,14.623252565991617,29484600
2022-11-09,14.34457015991211,14.925165260898135,14.290380043535135,14.56906616449793,37975000
2022-11-10,14.062010765075684,14.584545643114128,13.806547562934085,14.32134247411613,129116200
2022-11-11,13.748493194580078,14.185875283392942,13.68656310491426,14.054273658286851,108313600
2022-11-14,14.089105606079102,14.24393005000176,13.798808112628539,13.93427968562704,46067800
2022-11-16,13.643986701965332,13.949767183837546,13.574315162386096,13.841388413086571,45099200
2022-11-17,13.353686332702637,13.63237243300503,13.020811596570242,13.554959463306632,80265400
2022-11-18,13.30724048614502,13.663338115598629,13.19886172700414,13.380782002698334,45290400
2022-11-21,13.624632835388184,13.709785784723442,13.241439395525264,13.365299573221812,42765800
2022-11-22,13.483885765075684,13.82850873504514,13.396739136158144,13.701750826296065,26437600
2022-11-23,13.650254249572754,13.677982446239296,13.273941066289625,13.38881588737866,26649000
2022-11-24,13.872077941894531,14.240468477324237,13.60667761017485,13.701746769122815,21639400
2022-11-25,13.551220893859863,13.955262164976627,13.4363461037136,13.907728342219649,19184600
2022-11-28,13.796815872192383,13.943379376865256,13.507647874138616,13.622522666672522,16474600
2022-11-29,13.963188171386719,14.153325020476798,13.701749815003689,13.86415846804355,18270400
2022-11-30,13.975069999694824,14.185013979495482,13.74532189428855,14.030526386824848,25598000
2022-12-01,13.95922565460205,14.085983535893089,13.753243719735831,13.911690315813058,18236800
2022-12-02,14.272164344787598,14.545487369369917,13.907735660109541,14.074104882834625,27612800
2022-12-05,13.94338321685791,14.244432864915398,13.87208170606761,14.240472341459682,20721200
2022-12-06,14.085986137390137,14.085986137390137,13.899809803765098,14.018645150538635,17258800
2022-12-07,14.054295539855957,14.236509834237381,14.054295539855957,14.10182937511342,13206600
2022-12-08,13.8760404586792,14.244431047057693,13.788895354113967,14.054294212906413,24538200
2022-12-09,13.856234550476074,13.935458607589542,13.701748470195074,13.899807857442141,14063800
2022-12-12,13.384854316711426,14.018643778173983,13.155104692510454,13.82454641669563,53108400
2022-12-13,12.750731468200684,13.587173094177558,12.750731468200684,13.531143759936452,43709800
2022-12-14,12.434561729431152,12.63466732729993,12.106388671061119,12.606652665733066,80022400
2022-12-15,12.786748886108398,13.01887060167987,12.210444510985663,12.294488501450266,94932200
2022-12-16,13.04688549041748,13.110919226165265,12.71871316721684,12.806759363034459,43696800
2022-12-19,13.18696117401123,13.387066801760461,13.010867244513648,13.090909800950296,31158000
2022-12-20,13.527137756347656,13.671214027309677,13.058891402405603,13.182955892757166,26498000
2022-12-21,13.655207633972168,13.791279522146564,13.507129896650994,13.647203225646054,17495000
2022-12-22,13.77927303314209,13.943359579495933,13.57116300638129,13.735249552735134,14796600
2022-12-23,14.119453430175781,14.26352973484041,13.819294971019426,13.819294971019426,17488800
2022-12-26,14.099442481994629,14.235514371224578,13.90333981988031,14.235514371224578,9105400
2022-12-27,13.631194114685059,14.187487442214096,13.567160383315196,14.187487442214096,17731600
2022-12-28,13.875324249267578,13.92735214278116,13.455102713497539,13.647203943372846,21450400
2022-12-29,13.899334907531738,14.023400930162303,13.767266004317536,13.939356943872848,18673000
2023-01-02,13.31102466583252,13.695228601941812,13.166949907311782,13.695228601941812,23557000
2023-01-03,13.062894821166992,13.367056222977231,12.974847858534856,13.311025366139217,21547400
2023-01-04,13.230986595153809,13.31102763663428,13.030880938082618,13.138938176103261,19519000
2023-01-05,13.83530044555664,13.903337140401849,13.23898663906345,13.323030620915322,33937600
2023-01-06,14.02740478515625,14.115451753578668,13.783275664846707,13.867321192288491,29504600
2023-01-09,13.891332626342773,14.027404517359289,13.799284218697016,13.899337034836076,20027200
2023-01-10,14.127458572387695,14.199496728459899,13.739254649870771,13.80728983800288,19309600
2023-01-11,14.327561378479004,14.347571634152992,14.03140593046085,14.127455768369844,29084800
2023-01-12,14.235512733459473,14.355575792100009,14.011393904428417,14.235512733459473,20173200
2023-01-13,14.267533302307129,14.347574340098777,13.987385089981553,14.207500997278457,20087000
2023-01-16,14.251522064208984,14.455629118616818,14.1354604417591,14.271532320259215,18437800
2023-01-17,15.087965965270996,15.087965965270996,14.223509638395225,14.323562461073832,52121000
2023-01-18,15.304076194763184,15.556208138947415,15.164001365754116,15.22803509348599,46469200
2023-01-19,15.652260780334473,15.736304768636726,15.027930738622121,15.208026089758821,46824200
2023-01-20,16.036462783813477,16.128511177311303,15.65226039529613,15.692280904926635,61422400
2023-01-23,15.916399002075195,16.508711372353872,15.66026408808274,16.036462052173594,58229000
2023-01-24,15.836358070373535,16.164531153137847,15.720296448578075,15.916400620807806,33155800
2023-01-25,16.268585205078125,16.404657068411126,15.556208260953825,15.772322666250563,30466000
2023-01-26,16.260583877563477,16.60076283697516,16.2365706524215,16.320614650391235,26301400
2023-01-27,16.080488204956055,16.39265249253939,15.88438402000962,16.376643676077485,24856600
2023-01-30,16.33262062072754,16.3726411325019,16.032462202365842,16.168534079757197,28495800
2023-01-31,16.28859519958496,16.488700787966387,16.176535031945917,16.388647993775674,29569200
2023-02-01,16.092493057250977,16.42867054870559,15.948416771386901,16.308607486047087,26311400
2023-02-02,15.788337707519531,16.468697292545027,15.708295133983867,16.012455081397267,37048600
2023-02-03,15.688279151916504,15.984434581321851,15.568216098733672,15.868374495033025,24334800
2023-02-06,15.776323318481445,15.896387888773356,15.456154693300016,15.636250022053455,27313800
2023-02-07,15.560213088989258,15.880381768457207,15.392123578090652,15.84436269659927,24883800
2023-02-08,15.928406715393066,15.988439010818439,15.572218963470414,15.676273211965075,44485600
2023-02-09,15.84436321258545,16.03646442652217,15.660266406731683,15.98043509662622,21309200
2023-02-10,16.156524658203125,16.25257601165254,15.584222557556727,15.748309077740938,29831400
2023-02-13,16.248579025268555,16.464693505057422,16.02045869438643,16.300606924481066,32489600
2023-02-14,16.6287784576416,17.109032301259546,16.508715378408336,16.920932510227004,118462000
2023-02-15,16.780860900878906,16.88091373166083,16.480702408533137,16.72082859173574,49143800
2023-02-16,16.968955993652344,17.044995574299797,16.556737407288225,16.668797584755318,43014800
2023-02-17,17.13705062866211,17.261116702153583,16.800873019003635,16.948950797458792,44727400
2023-02-22,16.712820053100586,17.133043059914883,16.67279954134906,17.129040092728935,22328200
2023-02-23,16.848894119262695,17.04899975738546,16.68080611604831,16.768853085361478,48294200
2023-02-24,16.525123596191406,16.95376409432748,16.427149426071285,16.884365853598343,24550800
2023-02-27,16.300596237182617,16.631262534118978,16.214868457067297,16.52920520809468,22472400
2023-02-28,16.451637268066406,16.651670271229992,16.28834651429474,16.38632065510356,33330200
2023-03-01,15.920942306518555,16.451640071948276,15.66375741783887,16.451640071948276,54529600
2023-03-02,15.280019760131836,15.953598592996315,15.255525446425004,15.920939508053873,34978600
2023-03-03,15.4514741897583,15.64334240702691,15.239196381752706,15.390240745735031,33717800
2023-03-06,15.802549362182617,15.925017790609113,15.459636828226099,15.459636828226099,20465200
2023-03-07,16.165878295898438,16.23935968829288,15.716826726617782,15.920941359431001,38627000
2023-03-08,16.32917022705078,16.48429778024365,16.153631522528304,16.206701761802105,26042600
2023-03-09,15.974008560180664,16.406730502745198,15.974008560180664,16.30059159907959,24777400
2023-03-10,15.671917915344238,15.945432274753049,15.520873555316802,15.920937963422627,25785800
2023-03-13,15.573943138122559,15.74539863850656,15.426980390781608,15.565778368017988,18280400
2023-03-14,15.455290794372559,15.714870910186551,15.339922552577189,15.624223536333382,22174800
2023-03-15,15.47177505493164,15.57066325885947,15.142150328130006,15.179233208131107,23139000
2023-03-16,15.636591911315918,15.72311812790708,15.368770873171783,15.52122205075265,25555600
2023-03-17,15.368770599365234,15.706636214890006,15.368770599365234,15.492379702546854,42093400
2023-03-20,15.282241821289062,15.690153522328945,15.121549856925544,15.372889215247872,20987400
2023-03-21,15.463532447814941,15.562420640280022,15.360524634393794,15.37288664081099,17838800
2023-03-22,15.500617027282715,15.760197185732869,15.409971210315339,15.46765534068767,23718400
2023-03-23,15.331684112548828,15.714873342711401,15.154510529924213,15.541820953231351,22840800
2023-03-24,15.48825740814209,15.62834812005251,15.265760117735878,15.381129956339887,15880600
2023-03-27,15.496491432189941,15.718988625091901,15.422325701222622,15.648942513945405,13828800
2023-03-28,15.603628158569336,15.690155944238484,15.455296608022227,15.49650068971587,15889400
2023-03-29,15.78492259979248,15.834365924876238,15.512981954169371,15.673673939522804,14395600
2023-03-30,16.07334327697754,16.14750905035708,15.822005458052391,16.04862240036767,26295200
2023-03-31,16.11454200744629,16.283474752551392,15.892044761178754,16.135143255039704,16900200
2023-04-03,15.925009727478027,16.184588304266647,15.74371495689912,16.15574624017902,17920600
2023-04-04,16.188711166381836,16.266996552437536,15.95797305811667,16.028019200818946,16471600
2023-04-05,16.131031036376953,16.34940719026876,15.999181105146976,16.213436064564316,15532400
2023-04-06,16.07746124267578,16.20931113070367,16.007415105537724,16.16810863011045,13361800
2023-04-10,16.085704803466797,16.353524246596944,16.056862733772395,16.213433520177745,21916800
2023-04-11,16.456533432006836,16.534820403380788,16.172232333887074,16.19283358938415,26685800
2023-04-12,17.601978302001953,17.82035439625988,16.48537224239271,16.50597506558852,127943200
2023-04-13,17.593738555908203,17.878039615049868,17.47012946809769,17.56901610963617,36793600
2023-04-14,17.894521713256836,17.919244160174557,17.367122086544413,17.560775752854514,42258000
2023-04-17,17.93572235107422,18.02636974188704,17.725587075378236,17.86979740460345,24098000
2023-04-18,17.968687057495117,17.99340793205362,17.72970812493069,17.943964611161782,17350600
2023-04-19,17.7585506439209,17.931604629097773,17.65142318397321,17.878040113236494,21009600
2023-04-20,17.927480697631836,17.964563576522796,17.59785598069809,17.709104617370972,20726200
2023-04-24,17.890396118164062,18.145856624807646,17.737944995781234,17.890396118164062,20519600
2023-04-25,17.7255859375,17.85331620073902,17.606096488512655,17.71734512324833,23691200
2023-04-26,17.58137321472168,17.824471722444134,17.51956946841738,17.824471722444134,23633000
2023-04-27,17.601978302001953,17.799753144838807,17.519571724542914,17.581375478806144,12372800
2023-04-28,17.6596622467041,17.840955457764338,17.449525397831717,17.72146600030943,20796000
2023-05-02,17.239391326904297,17.618459405217934,17.189948006205743,17.618459405217934,25239200
2023-05-03,17.185827255249023,17.354760046113697,17.124023495727723,17.330039171015123,11261800
2023-05-04,17.379480361938477,17.490729001565498,17.115780581389096,17.305314602187128,14752000
2023-05-05,17.820354461669922,17.8450769065308,17.383600699776217,17.383600699776217,14382200
2023-05-08,17.75031089782715,18.038731578670117,17.700866005304217,17.898640860071463,16195200
2023-05-09,17.696744918823242,17.886278942483354,17.58137508425973,17.71322654830013,20231600
2023-05-10,17.927480697631836,17.964563576522796,17.552532287411957,17.717345431766145,21044400
2023-05-11,18.294191360473633,18.384837182680037,17.74618894671441,17.89039928098012,27159800
2023-05-12,18.22414779663086,18.413681854702446,18.088178258196887,18.149982022294154,24417400
2023-05-15,18.3106746673584,18.479607476800872,18.14174185791592,18.331277494572756,17265000
2023-05-16,17.783267974853516,18.434278078230275,17.688500979762168,18.31066745076168,43215400
2023-05-17,17.812116622924805,18.067575642072622,17.688507521516183,17.82035743925538,35046200
2023-05-18,17.799755096435547,17.84919841962213,17.634941923447062,17.758551017300974,23424000
2023-05-19,18.14586067199707,18.178822362021606,17.71322807741676,17.85743841835192,67932000
2023-05-22,17.90688133239746,18.380717993460507,17.898640517134865,18.14997988143223,16150800
2023-05-23,18.327150344848633,18.388955662857438,17.857434957660207,17.91511908285534,25822400
2023-05-24,18.380722045898438,18.533173232430702,18.195307591048305,18.32715752076948,21842800
2023-05-25,18.40131950378418,18.706223385676896,18.40131950378418,18.541410221663295,23390800
2023-05-26,18.294191360473633,18.67325942298622,18.191183529776765,18.64441735613308,19180600
2023-05-29,18.261226654052734,18.36011485527145,18.13349638826494,18.36011485527145,6615800
2023-05-30,18.417800903320312,18.483725853743156,18.21590485852703,18.45900340791904,36854000
2023-05-31,18.384836196899414,18.599092661873605,18.34363369553982,18.43428108466054,34850800
2023-06-01,18.434280395507812,18.553768273693542,18.236503995406387,18.454881645417448,20393800
2023-06-02,18.760271072387695,18.760271072387695,18.760271072387695,18.760271072387695,0
2023-06-05,18.8776798248291,18.99089577645935,18.512873935955955,18.701565589103225,27334000
2023-06-06,19.095726013183594,19.355702506238543,18.852521010322278,18.88187311762349,22932200
2023-06-07,19.08734130859375,19.242488404939948,19.08734130859375,19.175397638987263,22222000
2023-06-09,20.018224716186523,20.018224716186523,19.17958944126504,19.17958944126504,36932200
2023-06-12,20.7436466217041,20.856862589873597,20.1146700871425,20.156601216285253,77115600
2023-06-13,20.52773666381836,20.895058499914136,20.43062909204649,20.76417354112886,26532200
2023-06-14,20.62906837463379,20.68817719463763,20.308189622335036,20.603735332948766,26083800
2023-06-15,21.051280975341797,21.21172038885763,20.561519996194193,20.645961877549627,41930800
2023-06-16,20.895065307617188,21.072391815427963,20.79373472415747,21.0428373974595,30393800
2023-06-19,21.283489227294922,21.308822268079048,20.90772464726678,20.928834709289635,11787200
2023-06-20,21.27927017211914,21.30460160506222,21.089276372072696,21.232827064263937,17141000
2023-06-21,21.950578689575195,21.950578689575195,21.169493490391197,21.19482653181044,27413000
2023-06-22,21.532594680786133,21.89569359388278,21.389043985157105,21.802807375947904,18000800
2023-06-23,21.54103660583496,21.591701077830226,21.34682145435767,21.57903536248004,13483800
2023-06-26,21.591703414916992,21.69725534917888,21.30038065616827,21.422821286454788,16848400
2023-06-27,21.19482421875,21.735249491959163,21.055494922041436,21.604364541468787,25779000
2023-06-28,20.93728256225586,21.194829549607757,20.78528751328787,21.15683078736576,15524200
2023-06-29,21.131494522094727,21.194826319711794,20.78106297757196,20.924613656322066,16565200
2023-06-30,20.85706329345703,21.448153171410045,20.658625137476978,21.27927103939264,28009000
2023-07-03,21.27504539489746,21.321488498827655,20.90772515291383,20.92461384717836,26031200
2023-07-04,21.13994026184082,21.300379645271097,21.03861131169142,21.275046602436436,7572800
2023-07-05,21.000612258911133,21.11460692358562,20.85706157271242,21.110385555136215,11332400
2023-07-06,20.692399978637695,20.93305986462393,20.536183570712122,20.911948189811437,19116000
2023-07-07,21.093496322631836,21.245491352450724,20.705066011400962,20.705066011400962,23079200
2023-07-10,20.705066680908203,21.13149576338257,20.599514752409195,21.10616433132336,17806000
2023-07-11,20.409521102905273,20.69662247929458,20.21530593964034,20.68817813168376,24673600
2023-07-12,20.0802001953125,20.66284570240822,19.995758327291554,20.66284570240822,24458200
2023-07-13,20.27019500732422,20.426413047079897,20.092868511075995,20.206864806061944,14068400
2023-07-14,20.135086059570312,20.56573813734937,20.016868410585946,20.24908233991724,26211600
2023-07-17,20.312414169311523,20.346189950237736,20.037978500285654,20.181529193060086,10774000
2023-07-18,20.379968643188477,20.455966168368878,20.198419178656945,20.308192486920422,9060600
2023-07-19,20.02530860900879,20.434850537550073,19.978865510647076,20.434850537550073,16210800
2023-07-20,20.244861602783203,20.287081732853267,20.012647666208395,20.080200840677335,13507600
2023-07-21,20.48552131652832,20.624849043954594,20.244863015032617,20.244863015032617,20264400
2023-07-24,20.084423065185547,20.624848483963017,19.91976229606396,20.367303102610798,35741000
2023-07-25,19.978872299194336,20.375747038111356,19.970427950205266,20.375747038111356,21533400
2023-07-26,20.14775276184082,20.18152854167688,19.873317101672693,20.016867789813855,24767000
2023-07-27,19.733989715576172,20.164640176452558,19.69599095601712,20.147753091555483,23501400
2023-07-28,19.961978912353516,20.08441952804268,19.784652457019835,19.89864872570342,14552200
2023-07-31,20.346187591552734,20.401075041113874,20.046420524232154,20.097084995045403,20779800
2023-08-01,19.99575424194336,20.27863258983456,19.818426194269936,20.232189491382133,25360200
2023-08-02,20.084423065185547,20.164641959974453,19.88598490209297,19.953538079440158,11204000
2023-08-03,20.118200302124023,20.257528024679846,19.987315317400256,20.223752241567286,16752600
2023-08-04,20.01264762878418,20.249082933685962,19.864873952625846,20.05486775877529,22979000
2023-08-07,19.978872299194336,20.265973722443206,19.928207815854798,20.10553431284063,11456400
2023-08-08,19.83953857421875,20.008420671199477,19.573547298495964,19.940867510288307,23776200
2023-08-09,19.729764938354492,19.907093003667672,19.63687873220975,19.843761206642714,15315400
2023-08-10,19.831096649169922,19.970424355926163,19.72976609013344,19.885982491828194,24978000
2023-08-11,20.04642105102539,20.122418564539622,19.860650246098675,19.919759065366517,17290800
2023-08-14,19.847984313964844,20.13508569393741,19.81842990225543,20.13508569393741,13148400
2023-08-15,19.742431640625,19.987312883397873,19.708655861625566,19.902871020007414,17451800
2023-08-16,19.911312103271484,20.151970327595826,19.763540074508928,19.763540074508928,23000000
2023-08-17,20.097087860107422,20.139309600633048,19.91976138168396,20.05908909893172,18367600
2023-08-18,20.17730712890625,20.316634837640613,19.983091966139746,20.088643895112142,20640200
2023-08-21,20.105527877807617,20.2870772964782,19.97464453685513,20.265967236059513,15745000
2023-08-22,20.60628890991211,20.6535414489884,20.223975295443697,20.27552277504291,15715200
2023-08-23,20.69649887084961,20.82536839828322,20.460237797443828,20.6664293690706,15535200
2023-08-24,20.42586898803711,20.6621300298872,20.331365554495907,20.6621300298872,12775200
2023-08-25,20.159542083740234,20.490308257442432,19.93616746103232,20.45164723353789,17948200
2023-08-28,20.739452362060547,20.8339574356258,20.16813025768411,20.258338752270163,15418400
2023-08-29,20.855438232421875,21.15183995277419,20.76093478475249,20.84684671196739,19569600
2023-08-30,20.554737091064453,20.99719128537575,20.53325911394207,20.91986925680347,11510800
2023-08-31,20.232566833496094,20.610585538400557,20.19820239050385,20.597699077111585,26407200
2023-09-01,20.37002944946289,20.490309105848915,20.271229415097114,20.288412457247272,11074000
2023-09-04,20.305593490600586,20.490307078778677,20.26693246891994,20.40439351519225,7264600
2023-09-05,20.232566833496094,20.533263493336804,20.193905810964218,20.33995838067742,15288200
2023-09-06,20.095108032226562,20.382918262975483,20.09081309087142,20.28411822515575,14183600
2023-09-08,20.03496551513672,20.198201115373315,19.888912954643942,20.1251740157945,15485200
2023-09-11,20.35284423828125,20.4215747553584,20.120878128646577,20.223974723594694,14399800
2023-09-12,20.462818145751953,20.60125568629114,20.37196881920542,20.415229931759296,15370400
2023-09-13,20.445510864257812,20.722387566169328,20.38927175398536,20.484446521534004,14725600
2023-09-14,20.501750946044922,20.73103778113245,20.415227082706377,20.54501370286691,14569800
2023-09-15,20.570966720581055,20.635860021241434,20.3806155691119,20.514725970029072,21606000
2023-09-18,20.484445571899414,20.81323591816836,20.484445571899414,20.609905089562705,20200800
2023-09-19,20.454164505004883,20.66614790597479,20.363315183291597,20.484447612242644,15278200
2023-09-20,20.6358642578125,20.873803658574523,20.44983851805361,20.471469072612788,14760600
2023-09-21,20.164310455322266,20.50175171974099,20.103744243791265,20.47146861397549,16633600
2023-09-22,20.19891929626465,20.38927213553503,20.159983638259845,20.22920240245666,10722800
2023-09-25,20.082109451293945,20.23352661091279,19.973955044554174,20.168633306746816,18254000
2023-09-26,19.79658317565918,19.99558855128168,19.714386415281776,19.913390140598892,23590000
2023-09-27,19.969633102416992,20.121048638329214,19.736019146747644,19.965307651521886,22109000
2023-09-28,20.60990333557129,20.679122089373084,19.999912551972578,20.025870203512724,23827200
2023-09-29,20.410900115966797,20.718058240211437,20.376289913080203,20.696427688559968,10906400
2023-10-02,20.354658126831055,20.48444307917315,20.28976647581261,20.40657177770685,9462400
2023-10-03,20.095090866088867,20.384943909445788,20.038850107562368,20.367640457080682,12873200
2023-10-04,20.246505737304688,20.363312701114598,19.978283255762697,20.159981877041197,16379400
2023-10-05,20.30707359313965,20.696430170784744,20.159983513841002,20.237854829370022,15530000
2023-10-06,21.133373260498047,21.297768442948698,20.207571678280246,20.307073547832996,41413600
2023-10-09,21.02089500427246,21.159332542143943,20.86515236159064,20.999264448412347,19707000
2023-10-10,20.98628044128418,21.254504559287525,20.968976990368873,21.04684829555626,19682000
2023-10-11,21.185287475585938,21.263158786915003,20.986282096464205,20.99060919726327,16514000
2023-10-13,21.12039566040039,21.34103160821214,21.046851444666828,21.237202635658576,21928200
2023-10-16,21.548688888549805,21.626560208950067,21.276139267148896,21.354010587549155,15472400
2023-10-17,21.354007720947266,21.752015171514344,21.28478896213971,21.4578350340059,16189200
2023-10-18,21.250181198120117,21.501100259055868,21.155006425269985,21.22422519202716,22840800
2023-10-19,21.41457176208496,21.682794219039756,21.18095785587987,21.250176607684505,16271800
2023-10-20,21.345352172851562,21.721729017879017,21.263155424028717,21.358330172585394,19846600
2023-10-23,21.315074920654297,21.54003632948377,21.12472372101656,21.31940037165046,15813600
2023-10-24,21.215572357177734,21.561666186351605,21.07280772434664,21.414576102664515,17053000
2023-10-25,21.21989631652832,21.475140807035704,21.1506775555588,21.232875968795096,12625200
2023-10-26,21.661165237426758,21.717405993061856,21.180959389992825,21.25883069770132,19577600
2023-10-27,21.111743927001953,21.656843166007093,20.994936947215137,21.5876243983896,20337800
2023-10-30,20.964649200439453,21.29343951159655,20.860821897141065,21.198263108318667,18010200
2023-10-31,20.917062759399414,21.13337158483397,20.67047083042845,20.9733035160979,14087400
2023-11-01,20.93869972229004,21.085789823036507,20.80026217456463,20.921394616247927,21810000
2023-11-03,21.674144744873047,21.829887371113504,21.133372653930053,21.176635411388762,24765400
2023-11-06,21.825559616088867,21.912083471565296,21.630881353843222,21.75634086176878,12216800
2023-11-07,22.072154998779297,22.145699214788777,21.687125514246038,21.825563044633153,29055000
2023-11-08,22.353351593017578,22.383636344643897,22.07215113070689,22.098108781970055,18976000
2023-11-09,21.418899536132812,22.219243194164857,21.293441669458886,22.063500573129197,62427200
2023-11-10,21.734710693359375,21.799602348380883,21.397267816087364,21.53137987695364,17832400
2023-11-13,21.652511596679688,21.756340551833336,21.557336842286205,21.67414214766433,9641600
2023-11-14,21.7563419342041,22.03754241548211,21.61790441873993,21.708753728831038,37860000
2023-11-16,21.752012252807617,21.83853610228355,21.57031365418281,21.760664802785726,34225200
2023-11-17,21.916410446166992,22.046195413256598,21.726059271122594,21.75201527435728,24494200
2023-11-20,22.03321647644043,22.19328454071335,21.75634145165311,22.037541926694153,15070600
2023-11-21,22.188961029052734,22.24520013879122,21.9639996391824,22.0332184014267,20642000
2023-11-22,21.998611450195312,22.21924742208061,21.890457015041342,21.890457015041342,16195600
2023-11-23,22.072154998779297,22.27115874242258,21.97697857777358,21.97697857777358,8247600
2023-11-24,22.04619789123535,22.184635425065277,21.93371801386313,22.093786102921683,8815000
2023-11-27,22.452857971191406,22.487466526999533,22.093784509137514,22.128394715251098,22614400
2023-11-28,22.77732276916504,22.842214434563015,22.478815497295408,22.483142598505285,19633200
2023-11-29,22.811927795410156,22.95036530719197,22.65185973184468,22.829232896959212,21020000
2023-11-30,23.478158950805664,23.525747154099115,22.811927405307955,22.811927405307955,35416400
2023-12-01,23.5257511138916,23.707449756716585,23.309442262734873,23.512771460614413,18946400
2023-12-04,23.434898376464844,23.711775071340785,23.34404906189742,23.49113913561368,13915800
2023-12-05,23.434898376464844,23.594968102480337,23.365679615322218,23.430572925902062,11725800
2023-12-06,22.933061599731445,23.569010092723026,22.885475043036756,23.525748986525883,17640200
2023-12-07,23.305112838745117,23.313765389965663,22.928735937331044,22.928735937331044,11561400
2023-12-08,23.556034088134766,23.62092575293235,23.21426570916192,23.318094683265837,20784200
2023-12-11,23.551706314086914,23.66851328775203,23.391638231792722,23.55603341513313,11474000
2023-12-12,22.856142044067383,23.422103324437575,22.816960019847638,23.422103324437575,25063600
2023-12-13,23.065114974975586,23.1870138819808,22.48173902456085,22.843084585680657,36160000
2023-12-14,23.217487335205078,23.31761880483997,22.812606975823915,23.291496902033888,36873200
2023-12-15,23.774742126464844,23.774742126464844,22.99545610381038,23.182658928487104,36441400
2023-12-18,23.79215431213379,23.95758803654505,23.583182425223626,23.800859951736292,15518200
2023-12-19,23.87921905517578,23.90969376972462,23.63977415768604,23.757320196980434,15467000
2023-12-20,23.60059928894043,23.94453021238878,23.53529702117356,23.87922628387402,15653800
2023-12-21,23.635427474975586,23.85745783300989,23.461284780273832,23.85745783300989,20008000
2023-12-22,23.70073127746582,23.779095329090538,23.539650353902974,23.726853181590034,14606400
2023-12-26,23.91840934753418,23.92711664909747,23.6397823405007,23.700731790695777,7966400
2023-12-27,23.88357925415039,23.931468577265722,23.761680366764296,23.857457352247177,6745000
2023-12-28,24.11431884765625,24.11431884765625,23.809569943934846,23.88358117490549,11680800
2024-01-02,23.840044021606445,24.06642886792348,23.705085006449583,23.99677211988346,16341000
2024-01-03,23.8618106842041,23.97500226550662,23.726850021989666,23.80521406317899,16296800
2024-01-04,23.60930824279785,23.900997040301597,23.561418913301118,23.835693107215505,16199800
2024-01-05,23.892284393310547,24.001123150272562,23.509171503794924,23.587535541667382,16455800
2024-01-08,24.096904754638672,24.153501384137023,23.84875247397015,23.966298553352285,18107600
2024-01-09,23.735557556152344,24.009831703018335,23.63107161328749,23.98370980211519,15367600
2024-01-10,23.696380615234375,23.800864919751,23.58318734780194,23.58318734780194,9878600
2024-01-11,23.85745620727539,23.87922362744284,23.60495114398707,23.683315185188064,13486200
2024-01-12,23.996768951416016,24.03159815121121,23.644132437601762,23.857455473730543,10126600
2024-01-15,24.466955184936523,24.466955184936523,23.944528770521053,23.98806361307743,16827600
2024-01-16,24.327640533447266,24.584500078051445,24.2797512124748,24.362468073678695,17944400
2024-01-17,24.375530242919922,24.423417903907914,24.218802157511256,24.29716620021559,19366200
2024-01-18,24.092546463012695,24.42777002199465,24.057717264846872,24.401648123370283,14648800
2024-01-19,24.345054626464844,24.53225743872664,24.066427648423417,24.175266415517587,25325000
2024-01-22,24.183977127075195,24.43648389950608,24.10126025028647,24.41036199385005,13091400
2024-01-23,24.61497688293457,24.636744305015945,24.18397461843276,24.297167870452483,20134400
2024-01-24,24.66286849975586,24.83265673281514,24.57144266132178,24.675928622068724,13342600
2024-01-25,24.63239097595215,24.81523931055518,24.610621893572706,24.706400541649238,12011200
2024-01-26,24.802181243896484,24.810888545419857,24.6193312334016,24.658513259882792,16392200
2024-01-29,24.60626983642578,24.828300201148583,24.40600689400947,24.79782547776992,11264600
2024-01-30,24.480012893676758,24.597558949895177,24.358114017930678,24.593206130367513,11859800
2024-01-31,24.575796127319336,24.745584353364343,24.43212814482098,24.554028704114476,13112000
2024-02-01,25.137405395507812,25.137405395507812,24.510492958931813,24.575796891324476,22648600
2024-02-02,25.128698348999023,25.194000621306873,24.876191579314263,25.119991047208377,14969000
2024-02-05,25.39861488342285,25.39861488342285,24.96761263283055,25.13304802465614,15148800
2024-02-06,25.947162628173828,26.003759254727214,25.42473785021226,25.433443490530138,16578000
2024-02-07,25.877504348754883,26.034232437166057,25.542280750930484,25.934100971958422,16353000
2024-02-08,25.485685348510742,26.0037572667061,25.363784803657683,25.886211202426935,21199200
2024-02-09,25.06339454650879,25.503104155113093,24.075138208220125,25.46827494776906,48132000
2024-02-14,25.402965545654297,25.41602732597039,24.850066114453437,24.971964992419277,17196600
2024-02-15,25.40732192993164,25.50745339587098,25.254946660308292,25.40296744925075,16017200
2024-02-16,25.19399642944336,25.59887676122906,24.993733503822913,25.50309977896365,19018800
2024-02-19,25.651123046875,25.70771967786754,25.07645441744487,25.215767923928055,18263600
2024-02-20,25.816558837890625,26.082125732509542,25.572761028337275,25.625003178848992,36826400
2024-02-21,25.877504348754883,25.942808272508795,25.712070620541102,25.825262206200414,45832200
2024-02-22,25.29412841796875,25.581462692232417,25.215764374010682,25.55098797077625,19798400
2024-02-23,24.98067283630371,25.36378407846602,24.876186895238188,25.307189118605397,20556200
2024-02-26,25.220117568969727,25.33330914850121,24.924076009274856,24.99373274915908,13441800
2024-02-27,25.524869918823242,25.577112065692692,25.250595741449807,25.333312612388756,13960200
2024-02-28,25.577110290527344,25.74689850162992,25.429089500713957,25.503100725994546,12335000
2024-02-29,25.18964385986328,25.65111915733371,25.11998711718391,25.577109594814015,20423600
2024-03-01,25.21576690673828,25.407324215986343,25.176586541571645,25.22882868920842,10255800
2024-03-04,25.111284255981445,25.342021945506957,25.019860076442814,25.259305067936012,12990200
2024-03-05,25.28542709350586,25.411678820764696,25.11563719545451,25.1635265261294,9412000
2024-03-06,25.659828186035156,25.69030290921322,25.29412984715055,25.346373653239677,12482600
2024-03-07,25.416032791137695,25.73384183470634,25.359436159591823,25.65983059949281,14857800
2024-03-08,25.167875289916992,25.324601708228116,24.39294219465381,24.819589931676266,40005000
2024-03-11,24.915374755859375,25.119992205504598,24.771708421559172,25.119992205504598,25163800
2024-03-12,25.257413864135742,25.48104815871222,24.832073124905765,24.998700696972882,22722000
2024-03-13,24.976776123046875,25.318804748024473,24.94169725055806,25.217949016879533,20799400
2024-03-14,24.867149353027344,25.1477869948042,24.814530213377257,24.97238930505981,20707800
2024-03-15,25.12148094177246,25.22233500050124,24.89346241531643,24.91538691978226,28391400
2024-03-18,24.568971633911133,25.336340923507326,24.476887720615345,25.125862690517387,22635600
2024-03-19,24.48127555847168,24.744372952307884,24.17432748384115,24.66105916789732,20241800
2024-03-20,24.744373321533203,24.775067962181026,24.297106407151773,24.481275923771168,17687400
2024-03-21,24.39796257019043,24.994318507479797,24.319033009506096,24.818919112018474,17742000
2024-03-22,24.297107696533203,24.547050739490672,24.22694827522466,24.411116128884878,13137600
2024-03-25,24.393577575683594,24.612825976791974,24.235718459248353,24.305877880693732,12901400
2024-03-26,24.525127410888672,24.7443758220908,24.345343780612232,24.419887437509292,15477000
2024-03-27,24.542667388916016,24.661061730263604,24.26641392577164,24.630365414151907,15874600
2024-03-28,24.82769012451172,24.94170023740146,24.40234933552891,24.45058258188555,17073600
2024-04-01,24.590898513793945,24.959234177534746,24.42865351211876,24.86276603010697,10910800
2024-04-02,24.630361557006836,24.70490687406259,24.454963861269935,24.577742415559,10513000
2024-04-03,24.726831436157227,24.83645562352996,24.402344778264045,24.595282745856412,14600800
2024-04-04,24.893461227416992,25.410887537235112,24.79699140509187,24.79699140509187,23352000
2024-04-05,24.998699188232422,25.029395499900037,24.753142076750414,24.95046595042872,12803800
2024-04-08,25.38896369934082,25.801150061724208,25.108324360923323,25.21356432192144,19696000
2024-04-09,25.603830337524414,25.77045960585466,25.511746402157453,25.542441047279773,9392800
2024-04-10,25.257413864135742,25.652061635310428,25.139021205515803,25.5819022174052,14139800
2024-04-11,25.31880760192871,25.46351068544607,25.14340820151645,25.213567627134825,12447600
2024-04-12,24.989931106567383,25.36703691534629,24.91538578749235,25.31880367680644,11304400
2024-04-15,24.75752830505371,25.143405947732102,24.647904107805616,25.10832540170111,14411400
2024-04-16,24.476892471313477,24.906619156164734,24.152405759749268,24.757530169768778,22923700
2024-04-17,24.52950668334961,24.704906045939367,24.36287912889486,24.55581708955776,17703800
2024-04-18,24.494428634643555,24.757526014605464,24.292720531823935,24.6873666017668,15349100
2024-04-19,24.301494598388672,24.57336384946873,24.257645582528138,24.57336384946873,18465200
2024-04-22,24.02085304260254,24.599668657648447,23.88930434331619,24.380420267927043,21288500
2024-04-23,24.20502281188965,24.319031239729913,23.68759647293944,24.00331469270092,21742700
2024-04-24,24.117321014404297,24.26640997485718,24.012081059430123,24.205020698094053,11037800
2024-04-25,24.012081146240234,24.248869791238928,23.880532456596185,24.152401644290542,11303300
2024-04-26,24.012081146240234,24.012081146240234,24.012081146240234,24.012081146240234,0
2024-04-29,24.16117286682129,24.257642697520403,24.012083888801083,24.178713140172498,8658100
2024-04-30,24.047163009643555,24.32780067569254,24.047163009643555,24.117322426155802,12221500
2024-05-02,24.301494598388672,24.362885562419248,24.01208674460404,24.152407275369765,14604400
2024-05-03,24.748760223388672,24.87154047195885,24.468122522769935,24.57336249686828,17315600
2024-05-06,24.889074325561523,24.941695138938446,24.69613636137645,24.818914913791286,10006000
2024-05-07,24.810150146484375,25.134636846980076,24.810150146484375,24.976777728800517,12606600
2024-05-08,24.889074325561523,25.011854550708684,24.56458767339879,24.792606179835147,14023400
2024-05-09,23.801605224609375,24.810149179739607,23.72267566859514,24.783838770157363,56649000
2024-05-10,24.222562789916992,24.336571216369773,23.985774127977603,23.985774127977603,23660500
2024-05-13,24.406734466552734,24.529513048586374,24.24887533380507,24.24887533380507,14278500
2024-05-14,24.564592361450195,24.617211512136944,24.406733236657313,24.44181378560357,13200800
2024-05-15,24.248870849609375,24.37165108167074,24.012082194275763,24.336570537443947,20313600
2024-05-16,24.27518081665039,24.520737930846018,24.24887040895841,24.424269781440188,9827300
2024-05-17,24.283952713012695,24.39796114247822,24.152404010480932,24.292722849545815,17116600
2024-05-20,24.485660552978516,24.599668981130556,24.222563150946126,24.24887188750987,16513000
2024-05-21,24.468120574951172,24.669828697122053,24.450580301875657,24.511971257639956,9999300
2024-05-22,24.117321014404297,24.4856583477154,24.03839146635675,24.397958664025644,15877800
2024-05-23,23.626209259033203,24.169944382073318,23.48589040968526,24.117325231750996,25677100
2024-05-24,23.748985290527344,23.801604435214188,23.503426494101333,23.687596009603954,13949800
2024-05-27,24.038394927978516,24.091014076676796,23.748987101039113,23.801606249737393,31296700
2024-05-28,23.95946502685547,24.222564112059707,23.93315628924783,24.161173154599265,35304600
2024-05-29,23.95946502685547,24.09101373309131,23.78406730945186,24.09101373309131,25627500
2024-05-31,23.7840633392334,24.117320117583258,23.7840633392334,24.012080166522512,19114900
2024-06-03,23.81037139892578,24.020849622361204,23.740211991113974,23.836681804129793,27700400
2024-06-04,23.88053321838379,23.898073490291154,23.66128483773892,23.810373803486726,18277800
2024-06-05,23.933156967163086,24.029625129011173,23.810376721496958,23.898076419049165,14021500
2024-06-06,24.248870849609375,24.31026012927385,23.854224763452436,23.94192277855459,13834300
2024-06-07,23.836685180664062,24.275181959785233,23.748985490293336,24.11732285166442,13651100
2024-06-10,23.862993240356445,23.98577347248768,23.766525089142696,23.898073784603202,12719000
2024-06-11,24.126094818115234,24.205024378163024,23.898076274947456,23.994546108946444,11037400
2024-06-12,23.66942596435547,24.347222625396284,23.598077156825703,24.347222625396284,19141600
2024-06-13,23.829952239990234,23.901299336176923,23.642666750393534,23.740769645543587,13566600
2024-06-14,23.770858764648438,23.95958687178329,23.64503831240679,23.86072831234023,11155000
2024-06-17,23.770858764648438,23.797818943295276,23.56415434816278,23.770858764648438,10363900
2024-06-18,23.438335418701172,23.770858570561707,23.420360823648874,23.707947487878673,22540300
2024-06-19,23.609088897705078,23.671998261584772,23.39339891548115,23.44732098249923,12079600
2024-06-20,23.71693229675293,23.93262227229262,23.60908816605886,23.707945000169833,16467900
2024-06-21,23.914648056030273,23.923635352110825,23.61807414197793,23.725918266641628,34467200
2024-06-24,24.094392776489258,24.301097191851213,23.81579340902541,23.914651967931054,13258500
2024-06-25,24.166288375854492,24.2202121587779,23.95059838661584,24.094391712774943,10743600
2024-06-26,24.004518508911133,24.175273712685755,23.78882853716233,24.175273712685755,15089500
2024-06-27,23.99553108215332,24.103375202662217,23.734904648312604,24.076415029610686,17283200
2024-06-28,24.004518508911133,24.031480398186556,23.77984124073719,23.995532926637516,15567200
2024-07-01,23.689971923828125,24.08540268528135,23.654022737795174,24.031480620383462,20469000
2024-07-02,23.770858764648438,23.869715609939753,23.707947681451742,23.743896871849852,16107800
2024-07-03,24.004518508911133,24.157299119835475,23.797815833587475,23.860725194411934,14438300
2024-07-04,24.13033676147461,24.238180880515856,23.914646809240757,24.175271525383234,10529500
2024-07-05,24.022493362426758,24.14831379959246,23.84275257442817,24.13033920654714,11971800
2024-07-08,23.62706184387207,23.98654512251122,23.537190595674414,23.98654512251122,19760700
2024-07-09,23.546180725097656,23.618077389476433,23.357450909758555,23.618077389476433,18032800
2024-07-10,23.914648056030273,23.923635352110825,23.582124957655733,23.65402161214868,20180600
2024-07-11,23.797815322875977,24.12135113063172,23.654022011462644,23.932621338057043,18918900
2024-07-12,24.11236572265625,24.11236572265625,23.725920525163307,23.87870114477327,15241100
2024-07-15,24.2202091217041,24.256156591660442,23.986544567457827,24.130337875586083,11535200
2024-07-16,24.301095962524414,24.39096550518139,24.184262814427704,24.256159477044275,11135300
2024-07-17,24.54374885559082,24.615645526198833,24.23818757696881,24.399955514374795,9615100
2024-07-18,24.435901641845703,24.831332423516358,24.390965157007024,24.570707668058503,10820600
2024-07-19,24.36400604248047,24.651592701379776,24.256160188317377,24.435902707205294,14144500
2024-07-22,24.39096450805664,24.543745124140003,24.283120375616374,24.417926398242496,11566500
2024-07-23,24.24717140197754,24.46286138290684,24.20223663209078,24.399952019404743,10978000
2024-07-24,24.148317337036133,24.337045449203824,24.094393550000973,24.310083555686244,9728400
2024-07-25,24.166288375854492,24.310081702013594,24.01350775254149,24.121353604236646,11896200
2024-07-26,24.372987747192383,24.40893521423041,24.01350279190429,24.16628338365634,10544500
2024-07-29,24.408937454223633,24.453872220682626,24.21122208199201,24.453872220682626,18350200
2024-07-30,24.2202091217041,24.435899083896484,24.139325171613027,24.408937195815643,10185700
2024-07-31,23.860729217529297,24.310083829642103,23.824781739919214,24.265149054091548,17872300
2024-08-01,23.698963165283203,24.01351002467353,23.564155409370983,23.950600652795465,22830700
2024-08-02,23.510229110717773,23.896674284698204,23.42035786097673,23.815790331346413,20402500
2024-08-05,23.546180725097656,23.663012161906284,23.006954885180974,23.366438207074864,20254500
2024-08-06,23.95059585571289,24.09438916667709,23.671996529988686,23.72591859306239,14827100
2024-08-07,23.636049270629883,24.22021157242984,23.537192432633518,24.130340317218185,18931200
2024-08-08,23.537189483642578,23.698957379925222,22.818221246180975,23.510227596211667,33846000
2024-08-09,23.860729217529297,23.932625886901274,23.591117135922335,23.636051911472894,13007300
2024-08-12,24.372987747192383,24.372987747192383,23.860722200152246,23.923633267233576,15568300
2024-08-13,24.687538146972656,24.74146192669669,24.38197691847603,24.444887994820736,12964400
2024-08-14,25.10094451904297,25.298659896715748,24.624628096372604,24.687537456807057,19387500
2024-08-15,25.298662185668945,25.55928866150845,25.10094679010742,25.15486885905117,11631000
2024-08-16,25.496379852294922,25.68510795479623,25.3885339979001,25.433468770642783,18682500
2024-08-19,26.17939567565918,26.215344862928276,25.442454478158712,25.52333843536258,19984500
2024-08-20,26.296228408813477,26.332175881368695,26.107498606905985,26.215344452874778,16156400
2024-08-21,26.17939567565918,26.36812548051873,26.125473608907136,26.341163590066913,21926500
2024-08-22,25.589813232421875,26.137970946657106,25.461910404700276,26.137970946657106,16022900
2024-08-23,25.781665802001953,26.028337018792392,25.70857822768018,25.717714392288556,12058300
2024-08-26,25.882164001464844,25.99179624324799,25.672037425804632,25.78166792504241,9358000
2024-08-27,25.589813232421875,25.92784263212762,25.589813232421875,25.92784263212762,8294500
2024-08-28,25.7451229095459,25.763395238779278,25.480179363297566,25.58067543153593,9415600
2024-08-29,25.854751586914062,26.092286622656307,25.598945965764802,25.672033535028177,13712600
2024-08-30,25.6903076171875,25.827346601095602,25.56240305533408,25.763395191441504,31814700
2024-09-02,25.964387893676758,26.074020136078534,25.7177166551818,25.92784323202771,11920800
2024-09-03,26.201923370361328,26.28414711779285,25.927843631407786,25.98266062472574,14433300
2024-09-04,26.485132217407227,26.667852006708884,26.23846102461351,26.265869515772273,15514700
2024-09-05,26.722671508789062,26.740943839142705,26.402912697781666,26.549087855520135,8433600
2024-09-06,26.284143447875977,26.759213535027584,26.27500728359862,26.7135327136408,9653100
2024-09-09,26.613037109375,26.613037109375,26.229326915816007,26.366367639801155,14429900
2024-09-10,26.22019386291504,26.622174663787476,26.064882544495372,26.56735941685856,17718400
2024-09-11,26.229324340820312,26.475995528723047,26.192781429211585,26.402907962960573,10000400
2024-09-12,25.95952606201172,26.161833094074275,25.76641671752837,26.11585342590324,9920100
2024-09-13,26.134244918823242,26.32735426054048,25.97791755717096,26.023895470738406,9241700
2024-09-16,26.272180557250977,26.391725939492535,26.10665726119035,26.207810776326287,8948800
2024-09-17,26.106657028198242,26.308964056664596,25.97791746749781,26.272180322781637,7979400
2024-09-18,25.97791862487793,26.24459544557561,25.876765106138116,25.996310492638816,8611400
2024-09-19,25.66526222229004,26.152636162638235,25.66526222229004,26.07907045031633,14963300
2024-09-20,25.288236618041992,25.702044827915167,25.25145288652222,25.65606516351545,24479500
2024-09-23,25.196279525756836,25.33421501370807,25.076735903917736,25.288237102372623,12354400
2024-09-24,25.17789077758789,25.674460700439717,25.168696597338137,25.472155409988105,15235800
2024-09-25,25.104324340820312,25.343413361221323,25.021562689375923,25.288239511573416,13854100
2024-09-26,25.269845962524414,25.43536925440105,25.085932557951995,25.242259916508267,13119200
2024-09-27,25.0583438873291,25.398586392580874,25.012365976269752,25.269845084513914,14855700
2024-09-30,24.993976593017578,25.26984759466678,24.993976593017578,25.113520226013552,14796200
2024-10-01,24.90201759338379,25.05834495315762,24.71810243343401,24.920409460167757,19254100
2024-10-02,24.966386795043945,25.306629306888667,24.966386795043945,25.104322284839675,12662400
2024-10-03,24.736495971679688,24.93880301208346,24.598560469369435,24.929607078070102,19101500
2024-10-04,24.6997127532959,24.865236049361425,24.616951105263137,24.828452315149093,11911600
2024-10-07,24.819257736206055,24.938803124975816,24.67212629921641,24.8744315865909,9578500
2024-10-08,24.810062408447266,24.810062408447266,24.69051877070124,24.73649668815468,11728700
2024-10-09,24.304298400878906,24.74569272445417,24.23073268028303,24.644539200905413,19545500
2024-10-10,24.09279441833496,24.497404958371447,24.083598485068915,24.497404958371447,20486300
2024-10-11,24.21234130859375,24.3318849492862,24.065209864382197,24.166363390007078,12175400
2024-10-14,24.387060165405273,24.442234017613888,24.166363002625673,24.285906641401862,11953100
2024-10-15,24.341079711914062,24.589364669797046,24.295101795540955,24.52499488529666,14418700
2024-10-16,24.607755661010742,24.782474894103466,24.23992708129844,24.36866664571149,26028400
2024-10-17,24.570972442626953,24.672125961903784,24.36866715801834,24.53419046085496,12424800
2024-10-18,24.543384552001953,24.80086366690887,24.488208952569106,24.616950263967492,15980000
2024-10-21,24.479015350341797,24.791668318107096,24.405449636642025,24.543385130585975,25128900
2024-10-22,24.184749603271484,24.460622332119584,24.157163558148092,24.414642667005793,27391300
2024-10-23,24.21234130859375,24.313494834218627,24.05601392987583,24.184753505074646,12126400
2024-10-24,24.239927291870117,24.331883122138247,24.138773773841134,24.285905207004184,8727600
2024-10-25,24.249122619628906,24.368666248356746,24.13877317054206,24.23992668604292,7807800
2024-10-28,24.203144073486328,24.414645293931876,24.08360043921778,24.36866737781591,18192100
2024-10-29,24.065208435058594,24.32268932410863,24.046816567138222,24.2491236063722,13433400
2024-10-30,24.249122619628906,24.267512732855888,23.99164174105626,24.074403389385147,14377600
2024-10-31,24.21234130859375,24.3318849492862,24.12038371747524,24.21234130859375,11163300
2024-11-01,23.991640090942383,24.276706996721465,23.91807438125924,24.230729085898826,15216400
2024-11-04,24.129579544067383,24.295102856551406,24.046817887825373,24.15716734746311,12169700
2024-11-05,24.13877296447754,24.175556698507474,23.964053735725297,24.157164831492505,14050600
2024-11-06,24.184749603271484,24.24912113443079,23.853704784176596,24.000836204650966,12445400
2024-11-07,24.08359718322754,24.49740363416172,24.02842158661378,24.184748935796428,11667700
2024-11-08,23.899682998657227,24.028422554719917,23.816921354346956,24.00083650924643,15878800
2024-11-11,23.918075561523438,24.00083720824405,23.86290171502468,24.00083720824405,10515100
2024-11-12,23.862903594970703,23.991643164925033,23.724966336939524,23.918077445816117,15391500
2024-11-13,23.862903594970703,23.97325129666153,23.79853205604844,23.899685577552614,27198100
2024-11-14,23.329553604125977,23.71577409957365,22.79620165840731,23.70657816468856,80824400
2024-11-18,23.642200469970703,23.73415804095361,23.30195973746217,23.338741713488464,23386200
2024-11-19,23.770946502685547,23.862904091973206,23.57783538978695,23.697380782044448,29342400
2024-11-21,23.2283992767334,23.7709471387075,23.200811473025414,23.72496746586086,31594700
2024-11-22,23.541051864624023,23.541051864624023,23.191613399006325,23.412310546475126,13737200
2024-11-25,23.67898941040039,23.76175106710187,23.541053900546316,23.71577314846557,36581800
2024-11-26,24.056949615478516,24.16003801177904,23.625854147990207,23.76642988385264,22044000
2024-11-27,23.63522720336914,24.16003925936802,23.53214058924011,24.09443641174704,20884000
2024-11-28,22.941726684570312,23.62585455593535,22.876125626698975,23.607112673325517,26984000
2024-11-29,23.213502883911133,23.27910393710633,22.7917792740925,22.97921238678848,22743200
2024-12-02,23.02606964111328,23.354076692730615,22.9229812509635,23.241616468249525,21487000
2024-12-03,23.307220458984375,23.335334175871335,23.10104366850818,23.157272889776817,22179600
2024-12-04,23.588367462158203,23.7383132382093,23.241616737855885,23.32596146032146,19375200
2024-12-05,23.878889083862305,23.991349318615246,23.682085907413146,23.7945443546713,18238400
2024-12-06,23.176015853881836,23.75705708095312,22.960469022667755,23.663340523361665,33652400
2024-12-09,23.11978530883789,23.32596029372308,22.885494822038762,23.27910291136108,17774100
2024-12-10,23.269733428955078,23.35407815572594,22.97921369646363,23.222876041857816,15266700
2024-12-11,23.766429901123047,24.03820596316546,23.119787593168052,23.33533443332147,29090900
2024-12-12,23.451690673828125,23.67818565602739,23.206320659773393,23.640435592316457,19824400
2024-12-13,23.13081932067871,23.583809226096736,23.121381805979766,23.451687620355283,17217300
2024-12-16,22.800514221191406,23.21575588085504,22.772201676206862,23.14025756091819,16061900
2024-12-17,23.045883178710938,23.111943980693916,22.658954081363337,22.885449031028624,27695800
2024-12-18,22.404144287109375,23.027005784727436,22.394706773506474,23.027005784727436,29428400
2024-12-19,22.545703887939453,22.696700508869966,22.413582294630682,22.470205577474196,16306300
2024-12-20,22.72501564025879,22.781638929555626,22.526833227708906,22.574019002119282,49200400
2024-12-23,22.574016571044922,22.772198962251856,22.536266515564524,22.71557567905298,12708100
2024-12-26,22.83826446533203,23.02700936668517,22.583456958482248,22.602331988624147,15208900
2024-12-27,22.753326416015625,22.998696383922105,22.753326416015625,22.97038384146382,10465000
2024-12-30,22.809951782226562,22.960948422405036,22.734453462137328,22.743890977151224,27146200
2025-01-02,22.574016571044922,22.91375987028163,22.498518260105843,22.809949017732254,14492900
2025-01-03,22.404144287109375,22.706137522315505,22.34752100551364,22.57401593191824,13778900
2025-01-06,22.611766815185547,22.696702647464743,22.47020769472751,22.630641844585785,12112300
2025-01-07,22.885446548461914,23.00813062454723,22.66838913691469,22.781635699451652,15724400
2025-01-08,22.800514221191406,22.9043250861128,22.602331806365406,22.866575026133408,16417000
2025-01-09,22.90432357788086,22.90432357788086,22.640078575491252,22.800512719795332,8286700
2025-01-10,22.847700119018555,23.06475936502353,22.772201798675678,22.885450179200966,17167200
2025-01-13,22.847700119018555,23.055321849977926,22.800514343812484,22.847700119018555,9941700
2025-01-14,23.262941360473633,23.281816390223703,22.80995144660346,22.88544976558182,18049200
2025-01-15,23.848054885864258,23.94242823539717,23.357314908310652,23.50831154755454,19626500
2025-01-16,23.951862335205078,24.02736064973601,23.697056648676813,23.857490792057767,13590200
2025-01-17,23.923553466796875,24.05567507757293,23.77255682590369,24.008489302302035,13271300
2025-01-20,23.999052047729492,24.159486205422603,23.838617890036385,23.92355372646344,10499700
2025-01-21,24.216106414794922,24.30104224041364,24.017924021699066,24.017924021699066,10675500
2025-01-22,24.659658432006836,24.80121933944106,24.131170257656652,24.140607771487048,19236600
2025-01-23,25.216461181640625,25.546766992257904,24.763471281376734,24.763471281376734,30067700
2025-01-24,25.122089385986328,25.339146819368562,25.018278526533155,25.207023416422206,9081200
2025-01-27,26.150753021240234,26.150753021240234,25.05602655005285,25.074901578871692,21719600
2025-01-28,25.98088264465332,26.141316786375576,25.782698446044986,26.13187927215406,13016900
2025-01-29,25.895946502685547,26.18850223991818,25.811010675743532,26.046943128355405,11592900
2025-01-30,26.08469009399414,26.367810103131614,25.744948603059516,25.82988442579859,22311000
2025-01-31,26.1224422454834,26.42443550612129,26.103567216688074,26.17906553184755,19675000
2025-02-03,26.056381225585938,26.160190283043537,25.82044876769406,26.046943711267645,13290300
2025-02-04,26.207378387451172,26.499934137178876,25.924258352211787,26.028069211801746,16154100
2025-02-05,26.264001846313477,26.537684368833172,26.03750689665331,26.254564331741573,13663000
2025-02-06,26.565998077392578,26.60374813989325,26.0280722869124,26.264004777475428,13960200
2025-02-07,26.216815948486328,26.688680874700843,26.113005088712146,26.565994985872837,15270100
2025-02-10,26.254562377929688,26.518807366212894,26.235687350190517,26.311185661125474,10942700
2025-02-11,26.481060028076172,26.632056665440533,26.29231513138167,26.29231513138167,18486400
2025-02-12,26.04694366455078,26.40556020789364,25.952570321558934,26.094129436035804,18063900
2025-02-13,25.905384063720703,26.037505661415732,25.744949923653127,26.037505661415732,19004600
2025-02-14,27.132234573364258,27.34929201794591,26.00919549049539,26.00919549049539,35295700
2025-02-17,27.519161224365234,27.84002950503518,27.094482088178026,27.122794630597763,21145100
2025-02-18,27.792844772338867,27.962714633136123,27.36816562029113,27.38704064927588,27342000
2025-02-19,27.236045837402344,27.641849987581878,27.04729913498611,27.63241247245887,22819400
2025-02-20,26.424436569213867,26.716992327224034,26.22625415895527,26.518809916965438,88971000
2025-02-21,26.405561447143555,26.471622250331635,26.08469314592556,26.424436476632117,20157500
2025-02-24,26.245126724243164,26.63205582021201,26.075255062594042,26.424435900430776,28014300
2025-02-25,26.64149284362793,26.735866187251254,26.254563754791928,26.254563754791928,16895800
2025-02-26,26.490497589111328,26.896301727743953,26.35837598119258,26.877426698035016,22481400
2025-02-27,26.38668441772461,26.67924195255779,26.301750391507273,26.452747015927482,31089200
2025-02-28,25.77326202392578,26.443311161871666,25.669452963133892,26.37725035954359,28266200
2025-03-05,26.207378387451172,26.36781253408027,25.71663843305371,25.77326172009285,18081300
2025-03-06,26.169626235961914,26.37724793853306,25.933693792146848,26.34893539726744,17819500
2025-03-07,26.481060028076172,26.660369209954567,25.952571797300905,26.075255890151237,16830600
2025-03-10,26.39612579345703,26.42443833968605,26.084694985025898,26.38668827804736,14457100
2025-03-11,26.160188674926758,26.49049445567522,25.962006286490695,26.424433659529864,20095600
2025-03-12,26.13161849975586,26.276527289375284,26.035015096798645,26.17992204382627,15085100
2025-03-13,26.556678771972656,26.682266135912062,25.832142240695365,26.131616824364308,18344200
2025-03-14,26.933435440063477,27.13630661387353,26.595319888032662,26.595319888032662,22864700
2025-03-17,27.493743896484375,27.59034913071221,26.894794760936662,26.923776883982487,19847000
2025-03-18,27.532386779785156,27.677293710107815,27.39714055716289,27.4937439489836,16806400
2025-03-19,27.42612075805664,27.764238156222373,27.42612075805664,27.542047407533193,18962900
2025-03-20,27.290874481201172,27.51306522944561,27.155628259242224,27.397140422792678,14013900
2025-03-21,27.406803131103516,27.51306723786057,27.116987408131887,27.387481714387064,66960300
2025-03-24,27.39714241027832,27.474426234517246,27.13630881250006,27.474426234517246,13497500
2025-03-25,27.50340461730957,27.77389890475845,27.387479810254042,27.3971405179406,15292700
2025-03-26,27.83186149597168,27.889825742481918,27.40680141044621,27.53238692603519,11927300
2025-03-27,27.7159366607666,27.870504299458073,27.513065483364297,27.841522176231575,14399300
2025-03-28,27.667634963989258,27.996091678723072,27.561370856934236,27.71593850591583,12444500
2025-03-31,27.232913970947266,27.54204926696647,27.001062498932868,27.532388558641905,17667600
2025-04-01,27.36815643310547,27.609668580182852,27.05902117966105,27.21358880638326,14219000
2025-04-02,27.387481689453125,27.5806903286666,27.16529092519136,27.435783388608566,9089100
2025-04-03,27.54204559326172,27.7159346347262,27.261890616993064,27.30053344513693,14824700
2025-04-04,27.03004264831543,27.368160067644638,26.836834010549953,27.242574545226663,15612700
2025-04-07,26.7402286529541,27.310197540654148,26.431093359813403,26.933437289871193,22342100
2025-04-08,26.691925048828125,27.252233226972077,26.469734287731246,27.078346006934314,21884600
2025-04-09,26.807849884033203,27.145967278115897,26.17025792609055,26.566337722915787,28796100
2025-04-10,26.62430191040039,26.778869556469548,26.218561378820926,26.769208848266267,18618400
2025-04-11,26.85615348815918,26.952758727991174,26.48905578790764,26.788530373054293,14793700
2025-04-14,27.116987228393555,27.25223345932884,26.92377859028482,27.020381988043336,13391400
2025-04-15,26.827173233032227,27.165290651488757,26.75955011785926,27.078346119811602,25468600
2025-04-16,26.711244583129883,26.943096036101917,26.450411007564508,26.836831938442792,21762700
2025-04-17,26.498716354370117,26.836833770677167,26.373128990482968,26.740228531362057,17336900
2025-04-22,26.836833953857422,26.97208018426672,26.421432711781215,26.469734410472622,14220700
2025-04-23,27.08800506591797,27.26189227536877,26.914116013875596,27.039701527799767,13812200
2025-04-24,26.75954818725586,27.107324446282004,26.1219562293511,27.088004873763346,37053800
2025-04-25,27.059022903442383,27.165288844555313,26.585659286126294,26.759548337914158,17884400
2025-04-28,27.387481689453125,27.445444096957996,26.904457327531876,27.05902497593934,14161300
2025-04-29,27.532386779785156,27.744916821418947,27.27155319964942,27.406801264863276,15861200
2025-04-30,27.947790145874023,27.947790145874023,27.39714266277291,27.4454443623955,15925000
2025-05-02,27.918806076049805,28.063713007416784,27.7545777291428,27.918806076049805,12319300
2025-05-05,28.13134002685547,28.450136036301455,28.025074076176228,28.16998101818045,19470000
2025-05-06,27.918806076049805,28.208621781375367,27.82220084094128,28.13133796180687,20080000
2025-05-07,28.31488800048828,28.353530834460006,27.860845756870965,27.976770573602657,31415700
2025-05-08,28.4114933013916,29.02010503955863,28.4114933013916,28.498437835415462,29500900
2025-05-09,28.52741813659668,28.981460352113473,28.45979318133145,28.479114597121516,19842500
2025-05-12,28.083036422729492,28.672326740521967,27.8898277813458,28.517759090378323,20623700
2025-05-13,28.653003692626953,28.701305389575523,28.08303482419399,28.12167765582615,20288300
2025-05-14,28.749608993530273,28.904176635221972,28.52741823892241,28.614362767697948,19723000
2025-05-15,28.40182876586914,28.89451377808684,28.17963802778807,28.749606855103163,40596400
2025-05-16,24.79846954345703,25.117265532278438,24.17053827366839,24.68254289179851,152180700
2025-05-19,24.18985939025879,24.827451360017506,24.16087726705463,24.77914782134391,60409800
2025-05-20,24.634241104125977,24.798469451857148,24.23816129652579,24.23816129652579,28138800
2025-05-21,24.402389526367188,24.788808624282062,24.315444999012392,24.711524804699085,34009800
2025-05-22,24.19951820373535,24.55695701879045,24.19951820373535,24.344426976855164,61464900
2025-05-23,23.590909957885742,24.238162677879416,23.590909957885742,24.218841261141286,35980700
2025-05-26,23.832422256469727,23.900045372793826,23.668193898571886,23.67785460698843,11584100
2025-05-27,23.735816955566406,24.35408755194617,23.716495538781608,24.073934378933483,30416900
2025-05-28,23.262453079223633,23.81310055422493,23.252792370922876,23.764798855312844,31863700
2025-05-29,22.895357131958008,23.252794153529397,22.8373928777098,23.21415315995577,43563400
2025-05-30,22.624860763549805,23.02094058552065,22.557237648958445,22.94365676276028,53293100
2025-06-02,22.48961639404297,22.798751710646968,22.37368972902055,22.72146788149597,36268800
2025-06-03,22.612321853637695,22.710722239030392,22.415522959683553,22.6024816274153,20832400
2025-06-04,21.992403030395508,22.759921921882228,21.992403030395508,22.691042213859703,38469100
2025-06-05,21.88416290283203,22.169523844499512,21.88416290283203,22.041602775189496,40306500
2025-06-06,21.362640380859375,21.99240169488958,21.35280203188041,21.99240169488958,56659900
2025-06-09,21.382322311401367,21.648002796157357,21.126482053136115,21.362641858419895,47713300
2025-06-10,21.195363998413086,21.55944300059495,20.959202312288603,21.52992232062156,43092300
2025-06-11,21.05760383605957,21.480724220974707,21.05760383605957,21.156004231105417,32228100
2025-06-12,21.077280044555664,21.155999969368445,20.70336087090272,21.047759368939225,28710900
2025-06-13,21.24456214904785,21.30360162909018,20.900161741276996,21.037921153652846,33033700
2025-06-16,21.62832260131836,21.8152831532112,21.352803763614506,21.431523699648654,35118400
2025-06-17,21.549602508544922,21.7168826060047,21.362641958011924,21.667683350152952,33345300
2025-06-18,21.461042404174805,21.638162728646805,21.36264201537577,21.579123246099908,29776400
2025-06-20,21.008403778076172,21.461042950510773,21.008403778076172,21.451202723697236,32952400
2025-06-23,20.7525634765625,21.028084196384732,20.68368376581478,21.008403742790712,31206000
2025-06-24,21.09696388244629,21.323283468018644,20.73288299870834,20.890322873613574,19703100
2025-06-25,20.919841766357422,21.028082374917304,20.762401904905516,21.01824214897266,20659800
2025-06-26,21.25440216064453,21.25440216064453,20.890321304257643,20.949362660535222,34081400
2025-06-27,21.382322311401367,21.42168321736431,21.067442571022994,21.22488244121218,28128900
2025-06-30,21.73656463623047,21.89400451857709,21.205203625687034,21.39216418978544,28763500
2025-07-01,21.55944061279297,22.149841009052103,21.54960038722502,21.854639872506976,32448000
2025-07-02,21.638160705566406,21.716880633879377,21.23472083835854,21.559440777253435,22781500
2025-07-03,21.94320297241211,22.149843983425427,21.588964188552865,21.67752435372552,27335900
2025-07-04,22.071123123168945,22.179363737598756,21.815282865227488,21.913683253179016,15002500
2025-07-07,21.707042694091797,22.120322830463053,21.638162984168478,22.08096380057744,18607600
2025-07-08,21.64800262451172,21.903842880748428,21.64800262451172,21.707042106156717,19468700
2025-07-09,21.10680389404297,21.697202480502668,21.04776253393193,21.65784345059331,30185400
2025-07-10,20.870641708374023,21.18552332427869,20.82144245295554,20.86080335875536,27565700
2025-07-11,20.8017635345459,20.860804897600946,20.48688377224469,20.841124443249264,26044900
2025-07-14,20.349123001098633,20.7919219337698,20.290083518775404,20.782083584075348,28395000
2025-07-15,20.565601348876953,20.723041211930404,20.378640807689276,20.418001711868243,30999200
2025-07-16,20.545923233032227,20.654163855001052,19.847283995895268,20.654163855001052,55147900
2025-07-17,20.408161163330078,20.565601023895635,20.25072130276452,20.506561545391346,28673400
2025-07-18,19.935842514038086,20.486882051789806,19.876803032772504,20.270402702595163,42591900
2025-07-21,19.54224395751953,20.083443299753416,19.54224395751953,20.034244042034473,42352600
2025-07-22,19.571760177612305,19.857121089837527,19.55208160322146,19.67016055689104,24707100
2025-07-23,19.886640548706055,20.09328153972076,19.552082251003867,19.63080218166871,35932600
2025-07-24,19.748882293701172,19.906322164234243,19.581602196655872,19.866963135016626,44775000
2025-07-25,19.916160583496094,20.142480142246576,19.80791997851494,19.86696133223073,38899700
2025-07-28,19.62096405029297,20.03424419960934,19.62096405029297,19.93584380656613,24985300
2025-07-29,19.630802154541016,19.739040886036104,19.561920573077174,19.709522085097074,37210200
2025-07-30,19.581602096557617,19.77840287213359,19.306083262948807,19.591442323019546,79807500
2025-07-31,19.384803771972656,19.512722966103983,19.286403381270144,19.512722966103983,37149600
2025-08-01,18.056400299072266,19.679999916845837,17.83008075046799,19.5815995418954,91196200
2025-08-04,18.42047882080078,18.715679938829833,18.164638602574673,18.243360402180556,54775000
2025-08-05,18.32208251953125,18.607441569958194,18.282721615013752,18.479522383938782,38162300
2025-08-06,18.40080451965332,18.656642920443762,18.40080451965332,18.518883492813302,34102000
2025-08-07,18.60744285583496,18.73536392752565,18.36144281609433,18.518882691381826,30090000
2025-08-08,18.62712287902832,18.922322169163234,18.509042036875567,18.64680333219233,38600300
2025-08-11,18.794404983520508,18.843604244851132,18.459844751344015,18.62712486743226,21789700
2025-08-12,18.932161331176758,19.217522255514936,18.902640653090707,18.951841783234123,26665200
2025-08-13,18.97152328491211,19.276562801353094,18.93216237861969,18.97152328491211,33738000
2025-08-14,19.53240203857422,19.640640771545762,18.764881297559704,18.853441455247197,70251100
2025-08-15,20.319602966308594,20.46720261521599,18.71568352834054,18.72552375517855,131820200
2025-08-18,20.732881546020508,20.841122156245532,19.827601390329868,20.240881502206708,59254100
2025-08-19,19.48320198059082,20.595123187494913,19.374963241662098,20.467202118536445,58349400
2025-08-20,19.54224395751953,19.709524061327865,19.217523976812924,19.453683792160334,38402300
2025-08-21,19.374961853027344,19.48320058419842,19.148640411128873,19.355281401239445,34799500
2025-08-22,20.172000885009766,20.36880164437646,19.306081672824803,19.374961375553806,38192400
2025-08-25,19.729202270507812,20.240882799303694,19.729202270507812,20.162162862322123,24054000
2025-08-26,20.05392074584961,20.09328164981329,19.61112183724544,19.739041021464992,35682300
2025-08-27,20.299922943115234,20.368804532442002,19.61112394133018,19.660323199732183,43263600
2025-08-28,20.713199615478516,20.969039845221516,20.496720287310325,20.526240963491432,29893700
2025-08-29,21.047760009765625,21.0576002352707,20.732880300927583,20.78208142845297,31255300
2025-09-01,20.7525634765625,21.18552407147419,20.624642405032716,21.057602999944407,17070500
2025-09-02,20.09328269958496,20.339282731716594,19.75872250573944,19.817761987938265,46246800
2025-09-03,19.955524444580078,20.221203068366147,19.75872365667867,20.083443642934007,27313600
2025-09-04,20.09328269958496,20.221201890487638,19.719363476550654,19.975201858356005,30302400
2025-09-05,20.811601638793945,21.096962567290266,20.437682428411467,20.477041456268513,40453000
2025-09-08,20.61480140686035,20.939521342122298,20.32944049689898,20.801760061492512,41757900
2025-09-09,21.05760383605957,21.09696474481048,20.595124419224952,20.762404527753464,36226500
2025-09-10,21.697202682495117,21.913683917921606,20.959202565718666,20.959202565718666,69024000
2025-09-11,21.86448097229004,22.189200921691285,21.68736253547852,21.7365617884543,41313800
2025-09-12,21.953041076660156,22.021920781394154,21.539760971424982,21.687362483662053,39368300
2025-09-15,21.520084381103516,22.04160326609092,21.470883246876443,21.96288332815897,36708800
2025-09-16,21.58896255493164,21.785761447332618,21.47088171802607,21.598802781076376,23706000
2025-09-17,21.520084381103516,21.84480435967673,21.32328359785796,21.608642669049516,39196600
2025-09-18,21.746402740478516,22.228562567697907,21.677523033280213,21.697201609028827,35973700
2025-09-19,21.27408218383789,21.84480214519659,21.27408218383789,21.746401763548985,49988600
2025-09-22,21.165842056274414,21.510242461434665,21.00840219280079,21.254402214082226,29380400
2025-09-23,21.775922775268555,21.795603228962555,21.175683952252456,21.29376292075373,84333800
2025-09-24,21.756242752075195,22.36632176138092,21.726722073496695,21.795601780015286,29027100
2025-09-25,21.441364288330078,21.815283521598694,21.382322927683965,21.815283521598694,28793600
2025-09-26,21.756242752075195,21.825122458593786,21.45120137059109,21.461041596783925,15230100
2025-09-29,21.766082763671875,22.10064106677352,21.648001927353302,21.982562107286167,17908100
2025-09-30,21.73656463623047,21.962884232499807,21.598805208385034,21.775923668401404,26500000
2025-10-01,21.57912254333496,21.834962795148005,20.969041654114434,21.746402635796134,33351400
2025-10-02,21.411840438842773,21.94319946819192,21.2740810380543,21.53975961431334,29996100
2025-10-03,21.234724044799805,21.628323745798173,21.15600410460013,21.4905643196566,16402600
2025-10-06,21.067441940307617,21.313441964717402,20.988722007569734,21.293761512325123,16949600
2025-10-07,20.870641708374023,21.008403001842094,20.732882291737244,20.969042096042276,18484400
2025-10-08,20.78208351135254,21.01824331665036,20.732882378895933,20.85096321996049,15223100
2025-10-09,20.850961685180664,20.9985613180235,20.673841375036794,20.890320711417548,12039500
2025-10-10,20.280242919921875,20.939523070393236,20.280242919921875,20.910002391357946,31221700
2025-10-13,20.545923233032227,20.634483400673734,20.39832357924019,20.42784426073117,14359200
2025-10-14,20.368803024291992,20.82144217393653,20.339282345337722,20.46720153381036,19911800
2025-10-15,19.99488067626953,20.368801745557462,19.906320521797713,20.368801745557462,59520500
2025-10-16,20.044082641601562,20.28024243777558,19.69968223503608,19.96536270954356,25380500
2025-10-17,20.565601348876953,20.565601348876953,19.83744151304694,20.044082506324102,69050600
2025-10-20,20.437685012817383,20.57544444298398,20.18184473048551,20.378643648319006,18843700
2025-10-21,20.211362838745117,20.427842183841985,20.044082747633052,20.427842183841985,25719800
2025-10-22,20.358963012695312,20.378641588707772,20.152322011498562,20.260562625307873,13590700
2025-10-23,20.319602966308594,20.516403749406027,20.221202574759875,20.408163131019304,11428700
2025-10-24,20.191682815551758,20.61480316540608,20.142481683690047,20.39832193887711,23127500
2025-10-27,20.516403198242188,20.54592200113184,20.24088248467379,20.388482129615987,21147500
2025-10-28,20.62464141845703,20.742722257541427,20.467201550898675,20.5065624562039,17489600
2025-10-29,20.880481719970703,21.1068031723283,20.703363276187886,20.703363276187886,17099800
2025-10-30,21.283920288085938,21.490561274852617,20.654160855713485,20.683681532917625,27700600
2025-10-31,21.549602508544922,21.825123221076115,21.40200286415837,21.41184309069498,31430300
2025-11-03,21.726722717285156,21.785762199360324,21.362641844687147,21.638162555756757,23059400
2025-11-04,21.91368293762207,22.02192167366195,21.6086415516818,21.61848177801838,18372500
2025-11-05,22.24824333190918,22.33680349292782,21.85464178212353,21.913683140690146,21186000
2025-11-06,22.494243621826172,22.533602651160404,22.159683426744337,22.24824358878549,23305100
2025-11-07,22.52376365661621,22.553284337855075,22.20888389739396,22.45488394389027,16303700
2025-11-10,22.415523529052734,22.622162654478043,22.23840320621316,22.543442719530596,18881800
2025-11-11,23.094484329223633,23.212565180618995,22.48440524803675,22.48440524803675,31294700
2025-11-12,22.435199737548828,23.143680954140137,22.189199732194865,23.094479826970687,49688100
2025-11-13,22.140003204345703,22.336803983561307,20.94936393290215,20.959202282714735,66538100
2025-11-14,22.080963134765625,22.71072260859681,21.75624317146751,21.992402974154206,36144600
2025-11-17,22.140003204345703,22.25808404724133,21.9235238486736,22.08096372131355,18797000
2025-11-18,21.52992057800293,22.031760835943988,21.52992057800293,21.943200680023143,25637700
2025-11-19,21.234724044799805,21.56928425985627,21.205203363413144,21.52008500104326,21302000
2025-11-21,21.64800262451172,21.64800262451172,21.087122856806012,21.23472249933415,32134300
2025-11-24,21.490562438964844,21.84480307727862,21.490562438964844,21.598803051078775,23116900
2025-11-25,21.61848258972168,21.766084113481114,21.50040362291174,21.549602879610656,19668500
2025-11-26,21.86448097229004,22.012082484879766,21.60864072778736,21.618480953748758,15757200
2025-11-27,21.805442810058594,21.972722907841,21.687363845054136,21.92352365189436,8595700
2025-11-28,22.110483169555664,22.326964408375602,21.81528386895023,21.834964322812297,19115200
2025-12-01,21.903844833374023,22.169525339707626,21.766085404977986,22.149844885127777,15511100
2025-12-02,22.27100372314453,22.310492223132467,21.925486879911368,22.004463879887236,21443700
2025-12-03,22.138286590576172,22.454832052774638,22.00969147058034,22.34601949118302,20882500
2025-12-04,22.524076461791992,22.652671585999702,22.1679639843728,22.1679639843728,26591100
2025-12-05,20.93146514892578,22.652672371559714,20.93146514892578,22.504292796405675,51737100
2025-12-08,21.366710662841797,21.534874661854957,21.18865444191628,21.396385441830443,27278400
2025-12-09,21.25790023803711,21.48541570456704,20.89189742435828,21.238115792230523,20754600
2025-12-10,21.366710662841797,21.465630995216905,21.089734109541176,21.26779033046669,14096700
2025-12-11,21.337034225463867,21.584334115674153,21.198546890705604,21.248006114048287,17143500
2025-12-12,21.465633392333984,21.752500312833643,21.406280054231747,21.445848946299904,22651600
2025-12-15,21.77228355407715,21.801960221486077,21.564550655711667,21.67336321612923,18133500
2025-12-16,21.475522994995117,21.900879136454474,21.376604541701035,21.703040343117753,22792200
2025-12-17,21.317251205444336,21.505199662848888,21.050168740104617,21.495307440169853,26144900
2025-12-18,21.35681915283203,21.57444238191274,21.238114372675348,21.25789881715954,17004900
2025-12-19,21.20844078063965,21.416171799113833,21.178764112251088,21.356820349085293,41700500
2025-12-22,21.0699520111084,21.31725192620004,20.99081611374902,21.20844124654878,17942700
2025-12-23,21.515092849731445,21.515092849731445,21.079844466090936,21.109521135458007,14967000
2025-12-26,21.614011764526367,21.653578767649957,21.218332299547892,21.26779152513951,9742800
2025-12-29,21.485416412353516,21.64368821052289,21.366713507100815,21.51509308204102,9988400
2025-12-30,21.683256149291992,21.890987167717576,21.534876580881065,21.534876580881065,13121900
2026-01-02,21.44584846496582,21.960232729815218,21.396387350990736,21.811851274638546,16077000
2026-01-05,21.643686294555664,21.722822186634993,21.346927170945303,21.44584750773159,10675500
2026-01-06,21.8810977935791,21.920664799745403,21.68325710250161,21.68325710250161,28809400
2026-01-07,21.465633392333984,21.841528433238373,21.406280054231747,21.841528433238373,27650400
2026-01-08,21.584335327148438,21.65357899841404,21.396386871749986,21.465632429764128,23579700
2026-01-09,21.623905181884766,21.663472187194742,21.445848941118317,21.58433628982617,20280800
2026-01-12,21.63379669189453,21.772284036038126,21.356820116858785,21.614012246517287,15846700
2026-01-13,20.971033096313477,21.584335815762607,20.82265164110131,21.544768811321653,39312600
2026-01-14,21.267791748046875,21.267791748046875,20.921571505031288,21.069951070109816,20884400
2026-01-15,21.228221893310547,21.426062562259226,21.1095190013401,21.26779078179966,20166900
2026-01-16,21.139196395874023,21.307360404248495,21.020491613066184,21.22822262454426,55093000
2026-01-19,21.079843521118164,21.257899755841358,21.020492071793285,21.129304634512692,10910800
2026-01-20,21.30735969543457,21.366711141489837,20.891895799550795,21.050167580197144,20625300
2026-01-21,22.158071517944336,22.31634330911369,21.396387343723944,21.455740680473884,52298400
2026-01-22,23.196731567382812,23.236298570602255,22.207531959166037,22.256991184877467,47402900
2026-01-23,24.01776695251465,24.32441830003719,23.176946915680087,23.196731360487608,70331700
2026-01-26,24.136470794677734,24.393662927019005,23.631978752787003,24.136470794677734,42487400
2026-01-27,24.42333984375,24.809127102810603,24.304635055789802,24.3639865063956,35277600
2026-01-28,25.125669479370117,25.254266484034854,24.45301344904274,24.48269011629195,37374300
2026-01-29,25.224592208862305,25.620271709298642,24.769561255047687,25.224592208862305,50632400
2026-01-30,24.947614669799805,25.363078601201245,24.502475956208084,25.046535012847503,32426800
2026-02-02,25.026750564575195,25.175132022507334,24.868478770412953,24.908047662327817,18511500
2026-02-03,25.412538528442383,25.80821799539245,25.194913406558452,25.20480562907577,35191200
2026-02-04,24.82891082763672,25.145454404007623,24.601395367963697,25.04653406470458,26372500
2026-02-05,24.17603874206543,24.977289889436996,23.928738842170013,24.828910326849446,38580000
2026-02-06,24.06722640991211,24.284849644648283,23.552842160446403,24.176038970654457,36083700
2026-02-09,24.55193519592285,24.67063998498573,23.978199470074284,24.077119813168576,17847600
2026-02-10,24.532150268554688,25.145454874305415,24.413447368569756,24.551934714135033,26925100
2026-02-11,24.640962600708008,24.947613957324506,24.472798588354078,24.769559609022014,28271000
2026-02-12,25.74886703491211,26.599577433286402,24.26506759067377,25.798326261687297,111154300
2026-02-13,25.155345916748047,25.31361770046719,24.26506666164075,25.22458958628161,61597600
2026-02-18,25.541133880615234,25.541133880615234,25.0762107385522,25.135562187448883,38768500
2026-02-19,26.17422103881836,26.302818045993895,25.28394175819332,25.45210576905849,32852600
2026-02-20,26.698497772216797,26.856769561987555,25.877462155250278,26.075302835838006,40353900
2026-02-23,26.540225982666016,27.034825797390877,26.381954192893946,26.69849777243809,72770500
2026-02-24,27.049415588378906,27.308737212044143,26.59061184155748,26.700326153220416,26761400
2026-02-25,27.508216857910156,27.737617775334336,27.2089984353903,27.238919136211685,29552800
2026-02-26,27.208999633789062,27.657827287337106,26.90977929570595,27.4483747628249,24720400
2026-02-27,26.879858016967773,27.179076446247944,26.80006630900077,27.019493030313935,20417600
2026-03-02,26.879858016967773,26.909778718465162,26.03206993082812,26.241522450847363,23891500
2026-03-03,25.770000457763672,26.290000915527344,25.3799991607666,26.18000030517578,62065500
2026-03-04,25.940000534057617,26.469999313354492,25.75,26.010000228881836,14597900
2026-03-05,25.0,25.93000030517578,24.969999313354492,25.75,24730900
2026-03-06,24.75,25.15999984741211,24.40999984741211,24.899999618530273,20986400
2026-03-09,24.700000762939453,25.030000686645508,24.309999465942383,24.520000457763672,18981100
2026-03-10,25.139999389648438,25.510000228881836,24.649999618530273,25.06999969482422,21786700
2026-03-11,25.34000015258789,25.670000076293945,24.81999969482422,24.93000030517578,16908800
2026-03-12,24.229999542236328,25.25,24.170000076293945,25.15999984741211,34978900
2026-03-13,23.75,24.68000030517578,23.690000534057617,24.459999084472656,38122400
2026-03-16,23.899999618530273,24.34000015258789,23.81999969482422,24.260000228881836,30930000
2026-03-17,23.670000076293945,24.190000534057617,23.649999618530273,23.899999618530273,22315500
2026-03-18,23.40999984741211,23.84000015258789,23.40999984741211,23.600000381469727,15566500
2026-03-19,23.510000228881836,23.729999542236328,22.889999389648438,23.1299991607666,29427500
2026-03-20,23.270000457763672,23.459999084472656,23.010000228881836,23.43000030517578,37796900
2026-03-23,23.959999084472656,24.290000915527344,23.579999923706055,23.579999923706055,23714600
2026-03-24,23.649999618530273,23.959999084472656,23.399999618530273,23.829999923706055,14982000
2026-03-25,23.860000610351562,24.31999969482422,23.729999542236328,23.809999465942383,20200600
2026-03-26,23.059999465942383,23.799999237060547,22.920000076293945,23.579999923706055,28327000
2026-03-27,22.65999984741211,22.989999771118164,22.520000457763672,22.989999771118164,16957900
2026-03-30,22.399999618530273,23.06999969482422,22.31999969482422,22.899999618530273,23669500
2026-03-31,23.0,23.219999313354492,22.450000762939453,22.719999313354492,25610100
2026-04-01,23.6299991607666,23.799999237060547,23.1299991607666,23.209999084472656,22064800
2026-04-02,23.389999389648438,23.530000686645508,22.799999237060547,23.079999923706055,16378700
2026-04-06,23.43000030517578,23.68000030517578,23.280000686645508,23.399999618530273,11198800
2026-04-07,23.440000534057617,23.489999771118164,23.030000686645508,23.280000686645508,13760900
2026-04-08,24.489999771118164,24.799999237060547,24.149999618530273,24.43000030517578,40278600
2026-04-09,24.719999313354492,24.889999389648438,24.3700008392334,24.56999969482422,16299100
2026-04-10,24.729999542236328,25.049999237060547,24.709999084472656,24.850000381469727,22773400
